;Brest;Nantes;Bordeaux;Toulouse;Lyon;Clermont-Ferrand;Strasbourg;Nancy;Paris — La Villette;Reykjavik;Bordeaux — Lac;Le Puy-en-Velay;Grenoble;Ajaccio;Lille;Caen;Perpignan;Annecy;Dakar;Bangalore;New York;Le Caire;Tokyo;Ushuaia;Sydney;Longyearbyen;Singapore;Moscou;Mexico;Paris;Marseille;Aubagne;Montréal
1940-01-01;4.67;1.12;1.76;1.76;-3.25;-4.05;-5.80;-5.55;-1.39;-1.64;1.69;-5.25;-7.67;4.68;-1.85;0.27;3.76;-7.82;20.83;19.24;-3.69;12.14;1.31;6.13;22.12;-17.68;25.39;-20.18;8.28;-1.46;3.52;3.22;-12.08
1940-02-01;8.04;6.24;7.64;6.95;2.53;2.33;0.90;1.35;4.05;-2.43;7.58;0.50;-1.20;6.97;2.48;5.73;7.62;-1.76;19.00;22.51;-1.22;14.48;2.25;7.15;22.11;-20.08;25.85;-13.34;9.78;4.24;7.19;6.61;-7.80
1940-03-01;8.10;7.80;9.88;9.29;6.38;5.03;5.44;5.30;6.86;-4.73;9.83;3.36;2.47;8.29;6.48;7.52;9.82;1.46;20.96;25.31;0.85;16.44;6.94;4.22;20.59;-22.61;26.56;-5.33;12.02;6.88;9.61;9.07;-3.90
1940-04-01;10.39;10.67;11.61;10.96;9.78;7.71;9.98;9.08;9.88;0.31;11.70;5.96;5.84;10.83;9.87;10.47;12.70;5.83;20.85;26.05;7.91;21.63;13.00;0.86;19.54;-15.11;26.82;2.85;13.91;9.87;12.61;12.14;2.77
1940-05-01;13.03;15.03;16.44;15.37;14.04;11.99;13.84;13.47;14.64;7.12;16.50;10.52;10.44;15.38;13.94;14.66;17.18;10.39;22.80;23.74;15.38;26.04;17.76;-3.34;16.10;-4.72;27.34;10.28;13.58;14.71;16.79;16.36;13.15
1940-06-01;16.29;19.59;19.49;18.45;17.87;15.36;17.35;17.11;18.22;8.75;19.82;13.78;13.67;17.93;17.13;18.50;21.56;13.38;25.95;22.36;21.06;28.20;21.77;-4.81;13.76;-0.40;27.64;15.63;14.13;18.31;19.98;19.49;17.51
1940-07-01;15.41;17.65;19.23;19.73;18.67;15.68;17.35;16.63;17.21;9.99;19.13;14.99;14.98;20.28;16.34;16.73;23.23;14.23;27.10;21.17;23.59;29.21;25.97;-6.12;13.51;0.41;27.94;18.77;13.65;17.42;22.17;21.82;20.63
1940-08-01;16.74;19.66;21.34;21.17;18.23;15.91;16.35;15.81;17.26;9.56;21.40;15.24;14.87;20.81;16.50;17.59;24.30;14.07;27.06;20.99;21.74;28.24;24.68;-3.36;12.81;1.06;27.28;18.30;13.85;17.60;22.34;22.13;19.50
1940-09-01;15.04;16.88;18.29;18.62;16.04;13.65;14.73;14.17;15.24;6.54;18.39;12.86;12.50;18.30;14.12;15.37;19.82;12.04;27.70;21.84;18.24;25.65;21.38;-0.71;15.05;-1.22;26.86;13.18;13.33;15.41;19.00;18.72;15.13
1940-10-01;12.39;12.15;13.04;12.96;10.25;8.34;9.01;8.60;10.30;2.97;13.24;7.21;7.33;14.95;9.72;11.29;14.32;7.32;27.28;21.51;11.93;23.75;17.15;0.89;17.96;-5.98;26.99;2.79;13.39;10.38;14.96;14.52;7.36
1940-11-01;10.40;9.16;9.40;8.33;6.64;5.21;6.57;6.50;7.78;-3.77;9.76;3.40;1.54;11.01;7.88;8.87;9.49;1.18;26.13;21.57;7.06;17.84;12.08;3.53;18.22;-13.04;26.19;1.45;11.54;7.75;11.45;10.99;1.25
1940-12-01;6.92;2.85;1.99;0.72;-2.26;-4.25;-2.74;-2.16;1.32;0.37;2.46;-5.79;-8.53;4.08;1.86;3.16;2.61;-8.90;24.07;20.89;3.62;11.49;5.40;5.09;20.65;-14.14;25.63;-8.56;9.59;1.22;3.89;3.55;-6.34
1941-01-01;4.92;1.45;2.82;0.87;-3.26;-3.51;-3.59;-3.01;-0.57;-1.20;2.68;-4.40;-5.98;5.53;-0.49;1.16;1.86;-5.82;21.27;22.08;-1.75;14.35;3.24;6.62;21.39;-21.87;25.87;-15.54;9.50;-1.03;3.91;3.49;-12.30
1941-02-01;7.06;5.84;7.09;5.93;2.93;1.46;2.67;2.24;3.98;-4.14;7.10;-0.49;-1.62;7.03;3.63;5.16;6.61;-1.20;21.19;23.57;-2.77;16.50;3.27;5.93;21.63;-21.84;26.34;-10.42;11.23;3.98;7.39;6.87;-9.41
1941-03-01;7.85;7.73;9.20;8.61;6.40;4.97;6.15;5.61;6.87;0.47;9.14;2.97;1.41;8.55;6.26;7.25;9.73;1.50;20.78;25.58;0.29;17.68;7.38;4.87;20.75;-20.31;26.67;-6.76;13.46;6.88;9.88;9.29;-5.97
1941-04-01;8.46;8.81;10.28;9.60;8.30;6.03;7.52;7.18;7.78;3.41;10.35;4.32;3.91;9.96;7.78;8.21;10.97;3.15;21.15;26.25;10.75;22.53;12.38;1.27;18.71;-13.80;27.18;-0.15;15.80;7.74;11.26;10.73;4.01
1941-05-01;10.41;11.32;12.72;12.36;10.91;8.43;10.24;9.69;10.47;6.49;12.76;7.21;6.92;13.13;10.21;10.64;14.03;6.33;22.06;26.36;16.81;27.95;17.49;-0.97;15.07;-6.41;27.26;6.85;14.18;10.56;14.58;14.06;11.79
1941-06-01;14.53;18.00;19.18;19.51;18.18;16.24;17.43;16.98;17.60;9.79;19.11;14.82;14.13;18.58;16.69;16.69;21.68;14.19;23.34;22.53;20.74;29.52;20.66;-3.34;12.86;-0.37;27.92;12.64;14.41;17.78;19.87;19.66;19.09
1941-07-01;16.81;19.81;21.69;22.72;20.71;18.28;19.45;18.83;19.29;10.86;21.52;17.67;17.39;21.29;19.05;19.22;25.39;16.52;25.82;22.04;23.64;29.59;23.22;-3.90;12.19;1.14;27.53;19.13;14.09;19.44;23.08;22.71;21.14
1941-08-01;15.93;17.31;18.66;19.72;17.57;15.16;16.36;15.64;16.41;10.03;18.57;14.71;14.52;21.11;15.88;16.50;22.01;13.88;26.74;21.43;22.43;30.09;25.35;-3.15;12.81;-0.33;27.34;18.10;14.49;16.44;22.15;21.91;18.07
1941-09-01;15.71;17.18;19.16;19.16;15.11;13.30;13.68;13.60;15.69;10.47;19.16;12.42;12.36;18.38;15.34;16.20;20.31;11.50;26.75;21.15;20.18;25.23;21.47;-0.84;15.73;-4.39;26.60;10.00;13.65;15.66;19.28;19.06;15.72
1941-10-01;12.78;12.16;12.87;12.90;9.69;7.78;9.15;9.06;10.90;5.48;13.11;6.58;5.95;14.27;10.83;11.71;14.59;5.49;26.82;21.19;15.41;21.61;16.95;-0.15;15.96;-9.92;26.56;2.48;12.77;10.88;14.89;14.54;8.56
1941-11-01;10.17;8.14;8.21;8.11;5.75;4.00;3.98;4.46;6.49;2.89;8.35;2.24;0.32;10.30;5.96;7.52;9.97;-0.29;26.36;20.04;9.15;18.25;11.48;1.06;19.21;-8.00;26.23;-8.00;10.14;6.48;10.40;9.83;3.73
1941-12-01;8.30;5.00;4.56;3.28;0.66;-0.75;1.69;1.75;4.18;-0.34;4.94;-2.64;-5.04;6.71;5.40;5.05;5.36;-6.19;23.47;19.04;2.96;10.84;5.50;5.22;19.04;-16.83;26.05;-13.94;9.40;3.87;6.45;6.22;-8.85
1942-01-01;5.91;1.13;2.30;1.34;-2.53;-4.38;-5.78;-4.94;-1.37;-0.65;2.38;-5.93;-8.29;3.62;-1.77;0.04;2.97;-9.13;20.63;20.34;-2.19;10.88;1.39;6.09;22.02;-11.60;25.46;-22.52;8.43;-1.66;3.33;3.01;-13.30
1942-02-01;4.23;0.55;2.33;1.93;-3.20;-4.03;-4.31;-4.22;-1.69;-0.69;2.24;-5.26;-6.14;5.31;-1.78;-0.17;3.96;-6.14;19.65;22.94;-3.10;14.52;1.16;6.22;20.54;-19.16;26.01;-12.28;10.09;-1.72;4.01;3.99;-11.21
1942-03-01;9.04;8.96;11.06;10.02;7.95;6.32;5.87;6.49;6.84;0.43;10.96;4.55;3.35;9.85;5.58;7.52;10.58;2.97;20.79;25.70;4.85;17.14;9.63;4.83;19.52;-22.36;26.40;-9.26;11.63;7.00;10.97;10.39;-0.78
1942-04-01;10.75;11.66;12.80;12.47;11.09;9.09;10.35;9.97;11.00;2.30;12.91;7.61;7.70;12.03;10.26;11.13;13.16;7.53;21.13;25.67;9.86;22.44;13.77;1.95;18.24;-17.00;26.61;2.34;13.42;11.17;13.46;12.95;4.02
1942-05-01;12.16;13.30;15.41;15.30;13.96;11.77;13.80;12.99;13.14;6.43;15.42;10.35;10.52;15.06;12.32;13.07;16.57;10.25;22.42;24.87;17.59;27.34;17.66;-0.83;16.94;-6.13;27.53;10.78;14.90;13.26;16.61;16.15;13.86
1942-06-01;14.93;17.34;20.09;20.17;18.18;15.59;16.42;15.95;16.36;8.19;20.00;14.85;14.74;18.92;15.40;16.02;22.40;14.11;24.68;22.44;21.06;28.79;22.44;-4.61;13.45;-1.09;27.44;14.19;15.31;16.62;21.15;20.78;18.33
1942-07-01;15.71;17.72;20.15;21.64;19.56;16.99;17.92;17.49;17.65;9.79;19.97;16.35;16.13;20.56;16.80;17.23;24.10;15.26;25.99;21.76;24.00;29.22;26.57;-4.50;12.00;0.84;26.66;18.28;13.07;17.95;22.38;22.11;20.53
1942-08-01;16.62;19.30;21.26;22.37;19.94;17.57;18.84;18.49;19.40;9.87;21.11;16.88;16.58;22.12;18.60;18.93;23.73;15.89;26.77;21.60;22.41;28.75;26.48;-3.54;13.59;0.63;26.93;17.08;13.77;19.49;22.93;22.77;19.72
1942-09-01;15.20;17.46;19.38;20.10;18.17;15.46;17.06;16.38;16.78;6.21;19.30;14.71;14.61;20.01;15.84;16.42;21.11;13.40;26.65;21.73;19.77;26.21;23.78;-0.67;15.34;-3.77;26.44;11.76;12.85;16.82;20.75;20.42;16.29
1942-10-01;13.15;13.75;14.90;15.01;12.99;11.11;12.80;12.68;13.26;0.55;15.12;9.99;9.76;16.77;12.60;13.25;17.11;9.10;27.72;21.20;13.94;23.18;16.46;0.18;16.32;-6.52;26.44;6.19;12.20;13.31;17.36;17.03;9.95
1942-11-01;9.25;6.29;6.95;7.15;4.01;2.47;3.91;4.22;5.18;1.46;7.22;1.47;0.80;11.59;5.77;6.53;9.81;1.08;25.72;20.55;7.92;18.81;10.11;3.45;18.24;-13.29;25.88;-4.38;10.56;5.14;10.88;10.65;3.01
1942-12-01;9.73;6.08;5.64;5.57;3.61;2.49;2.10;2.95;4.52;-2.09;5.88;1.25;-1.04;9.65;5.02;6.06;7.60;-0.82;24.27;20.18;-0.88;14.16;5.10;6.19;18.44;-16.78;25.26;-9.02;9.21;4.45;9.43;9.04;-8.24
1943-01-01;9.57;7.60;7.61;6.78;3.57;2.93;2.10;2.86;5.08;-5.49;7.82;0.77;-2.28;7.74;4.75;6.69;7.91;-2.72;20.64;20.16;-2.03;11.89;1.84;6.53;21.34;-19.60;25.36;-17.42;9.06;5.09;8.52;7.87;-13.01
1943-02-01;7.95;5.89;6.37;5.73;3.97;2.39;3.95;3.92;4.69;-3.88;6.58;1.19;-1.02;8.64;4.99;5.62;7.86;-1.19;19.13;22.16;-0.74;14.94;2.69;5.22;21.72;-20.97;25.51;-6.74;9.88;4.63;9.42;9.01;-6.32
1943-03-01;8.94;8.75;10.07;9.42;7.58;5.70;7.56;7.17;7.55;-0.03;10.11;4.17;3.51;10.30;6.56;7.43;10.32;2.65;18.93;25.39;3.19;15.22;7.99;3.09;20.98;-19.61;25.66;-3.61;12.46;7.75;11.81;11.08;-3.71
1943-04-01;11.61;12.41;13.57;13.06;11.04;9.21;11.22;10.83;11.99;0.88;13.67;7.40;6.48;12.84;11.86;11.94;13.99;6.04;20.56;26.68;7.05;18.11;12.92;2.79;17.80;-14.07;26.32;6.31;13.08;12.07;14.02;13.55;0.85
1943-05-01;12.89;14.54;16.39;16.08;14.42;12.24;14.73;13.88;14.38;3.77;16.41;10.80;10.83;15.75;14.20;13.99;17.82;10.76;23.66;24.26;15.85;23.94;18.30;-2.34;15.34;-7.35;27.16;12.56;14.83;14.52;17.21;16.67;11.27
1943-06-01;14.70;17.75;19.68;19.87;16.21;13.97;15.61;15.12;15.86;8.70;19.60;12.73;12.80;18.53;15.18;15.89;22.32;12.45;25.84;21.28;23.88;25.89;20.97;-4.56;12.99;-0.26;27.90;16.53;13.58;16.11;20.20;19.68;18.74
1943-07-01;16.69;19.70;21.45;22.60;19.94;17.18;19.32;19.22;19.34;10.35;21.32;16.08;15.99;21.73;17.62;18.19;24.50;15.42;25.54;20.34;24.01;29.67;24.08;-4.48;12.54;0.76;26.99;18.17;14.28;19.65;22.94;22.51;20.74
1943-08-01;16.71;18.78;20.70;22.42;20.43;17.34;20.19;19.11;18.93;8.70;20.43;16.82;16.91;22.52;17.60;17.88;24.22;16.34;25.95;21.00;23.53;29.82;26.42;-5.00;11.62;-0.56;26.71;16.96;14.24;19.07;23.70;23.43;18.94
1943-09-01;14.83;16.84;19.66;19.96;17.14;14.55;15.87;15.07;15.26;6.54;19.53;13.97;14.11;21.25;14.29;15.35;21.29;13.26;26.37;20.97;18.49;27.14;23.46;-1.26;15.01;-3.59;26.39;11.55;13.50;15.46;20.80;20.57;14.40
1943-10-01;12.80;13.42;15.11;14.91;12.24;10.73;11.26;11.21;11.96;1.96;15.22;9.57;9.35;16.17;11.69;12.49;16.56;9.22;26.08;20.74;12.36;24.65;17.21;1.47;16.45;-8.10;26.10;5.66;11.43;12.04;17.40;16.88;9.23
1943-11-01;9.81;7.04;8.12;7.24;4.36;3.03;3.94;3.87;5.34;0.16;8.37;1.63;-0.28;10.84;5.53;6.72;8.91;-1.01;25.53;20.21;6.69;19.43;10.49;3.50;17.98;-17.57;25.72;-0.90;10.23;5.37;10.83;10.45;2.74
1943-12-01;7.75;4.05;4.64;4.36;1.99;0.83;1.44;1.29;2.24;0.39;4.87;0.21;-2.14;9.96;2.27;3.61;6.33;-3.37;23.04;19.08;-0.08;15.29;5.30;6.52;19.09;-13.23;25.44;-4.80;10.63;2.20;9.35;9.08;-7.52
1944-01-01;8.57;5.80;5.37;4.06;2.18;1.57;3.23;3.53;4.69;-5.59;5.53;0.08;-2.51;7.91;5.40;5.99;6.20;-3.30;20.92;20.85;-0.94;11.47;2.43;7.19;21.96;-14.64;25.30;-4.53;9.87;4.61;7.49;7.28;-8.38
1944-02-01;6.16;2.61;3.20;2.35;-1.48;-2.80;-1.16;-0.77;1.38;-1.16;3.29;-4.10;-5.53;5.79;2.02;2.78;4.11;-6.03;20.74;23.02;-0.10;14.44;3.00;6.89;21.43;-13.89;25.68;-6.15;11.20;1.23;5.35;5.14;-8.57
1944-03-01;7.31;5.77;6.78;6.02;2.73;0.53;2.42;2.56;3.96;-0.03;6.76;-1.15;-2.06;7.22;3.91;5.21;7.67;-2.56;21.06;23.48;2.53;18.23;8.00;5.71;20.01;-15.84;26.18;-2.80;12.80;3.97;8.04;7.71;-4.62
1944-04-01;10.96;12.20;13.74;12.54;11.06;8.94;10.73;10.23;10.82;2.25;13.90;7.23;6.96;12.21;10.29;11.07;13.46;6.33;22.26;26.96;8.19;22.18;12.56;3.83;17.54;-15.72;26.66;0.73;15.70;10.92;13.79;13.38;2.18
1944-05-01;11.99;14.33;16.34;15.60;13.72;11.37;13.01;12.04;12.53;5.50;16.51;10.48;10.92;15.86;11.94;12.87;17.10;10.54;22.12;27.01;17.94;23.23;18.79;-4.36;15.25;-6.85;26.77;11.40;14.57;12.70;17.44;16.99;14.45
1944-06-01;14.36;17.38;19.42;19.09;17.22;14.39;16.27;15.15;15.42;8.42;19.41;13.30;13.58;17.97;14.17;15.17;21.06;13.14;24.37;23.26;21.72;29.21;22.30;-5.70;12.09;-0.40;27.20;15.54;15.23;15.71;20.06;19.62;18.45
1944-07-01;16.45;19.11;20.91;20.79;18.90;16.42;18.39;17.46;18.18;11.63;20.98;15.30;15.63;20.49;17.42;18.02;22.62;15.18;27.03;22.12;25.04;28.42;25.03;-4.54;12.51;0.78;27.15;19.31;14.44;18.36;22.07;21.81;21.71
1944-08-01;18.11;22.19;23.98;24.46;22.10;19.60;21.63;20.90;21.17;9.79;23.91;18.34;18.34;23.56;19.76;20.09;25.45;17.60;26.94;22.82;23.91;28.48;26.76;-4.49;12.87;-0.15;27.24;17.47;14.03;21.45;24.85;24.46;21.29
1944-09-01;14.98;15.69;17.92;19.02;15.75;13.80;15.23;14.53;14.06;6.68;17.94;12.50;12.57;20.08;13.50;14.47;19.74;12.02;26.97;22.51;19.80;26.31;24.11;-1.62;14.89;-1.65;26.74;14.13;13.32;14.25;20.22;19.93;15.66
1944-10-01;12.07;11.19;11.81;11.34;9.55;7.61;10.27;9.83;10.01;2.95;12.10;5.91;5.68;14.21;9.77;10.73;13.12;5.62;27.40;22.40;12.58;23.74;17.65;0.93;16.98;-6.37;26.77;5.72;10.72;10.07;14.24;13.77;8.15
1944-11-01;10.63;9.24;9.68;9.32;5.78;4.56;5.45;5.25;7.00;-5.52;9.95;3.07;0.34;10.89;6.82;8.44;10.72;-0.07;26.76;21.06;6.97;18.27;11.57;2.98;20.28;-11.03;26.23;-2.34;11.63;7.02;10.97;10.44;2.30
1944-12-01;7.55;4.34;4.94;4.46;1.70;0.84;0.97;1.35;2.94;-3.30;5.22;-0.99;-4.39;7.94;2.79;4.16;6.25;-5.82;23.60;19.45;-0.39;14.37;4.19;5.07;21.18;-9.15;26.13;-9.59;9.25;2.85;8.01;7.68;-9.29
1945-01-01;4.68;-0.21;1.53;0.22;-5.50;-5.48;-5.95;-6.25;-3.48;-7.95;1.49;-6.53;-9.39;4.71;-1.83;-0.88;2.08;-9.64;22.55;20.98;-4.83;11.51;1.05;6.31;20.51;-19.54;25.62;-11.33;10.24;-3.80;3.84;3.36;-13.52
1945-02-01;9.05;8.49;8.56;7.41;3.93;3.85;4.20;4.42;6.58;-3.26;8.61;2.37;0.28;8.39;6.72;7.87;8.96;-0.20;22.72;23.71;-0.72;11.74;1.06;6.01;21.11;-16.77;25.56;-9.29;11.98;6.57;9.26;8.82;-7.04
1945-03-01;8.96;8.47;9.04;8.30;6.78;5.09;6.09;6.13;7.52;2.04;9.15;3.40;2.50;9.40;7.63;8.11;9.73;1.72;23.41;26.36;9.14;13.71;7.63;2.32;20.04;-16.03;25.59;-5.83;13.06;7.52;10.42;10.02;0.62
1945-04-01;11.52;12.41;14.66;14.00;11.41;9.91;10.47;10.09;10.89;2.54;14.64;8.33;7.40;12.72;10.29;11.30;14.80;6.44;23.31;26.98;12.67;19.05;13.65;-0.38;17.28;-14.48;26.68;3.32;15.23;11.04;14.21;13.76;8.33
1945-05-01;13.08;15.05;17.32;17.05;15.44;13.49;15.87;14.62;14.39;5.05;17.24;11.79;11.51;16.99;14.09;14.29;17.31;11.43;23.69;26.94;14.91;26.28;16.57;-1.60;15.16;-8.68;27.09;8.45;14.07;14.47;17.37;17.12;10.60
1945-06-01;14.89;17.57;20.30;21.78;19.11;16.83;18.40;17.62;17.24;8.15;20.04;16.03;15.82;21.14;16.23;16.66;23.18;15.46;25.52;23.58;20.89;26.89;20.71;-7.37;13.58;-0.93;27.12;15.20;15.48;17.51;22.20;21.84;17.42
1945-07-01;16.50;20.08;22.08;22.96;21.46;18.50;20.30;19.55;19.26;10.42;21.97;18.03;17.97;23.19;18.07;18.47;24.70;17.27;26.53;22.13;23.24;29.64;23.50;-6.89;12.13;0.75;27.06;18.97;13.87;19.46;24.14;23.86;20.53
1945-08-01;16.42;18.52;19.89;20.17;18.66;16.19;17.67;17.10;17.45;10.82;19.83;15.06;15.03;22.08;16.42;17.04;22.16;14.34;26.31;22.18;21.97;30.93;25.77;-2.59;14.28;-0.58;26.66;17.98;13.56;17.74;22.51;22.18;20.05
1945-09-01;15.81;16.78;18.51;18.66;16.76;14.28;15.34;15.04;16.10;8.31;18.58;13.23;13.12;20.07;15.51;16.25;20.96;12.60;27.17;22.37;20.48;27.22;22.61;-0.98;15.38;-1.65;27.11;11.34;13.28;16.25;20.75;20.44;16.73
1945-10-01;14.25;13.92;15.19;14.16;11.43;9.56;10.43;10.50;12.35;5.76;15.45;8.38;7.82;15.36;12.18;12.85;16.18;7.02;27.46;22.39;12.70;22.35;17.52;-0.20;16.96;-11.21;26.64;2.94;11.52;12.39;16.69;16.16;8.50
1945-11-01;10.10;7.78;9.09;8.57;4.49;3.52;2.78;2.97;4.72;3.91;9.29;2.43;0.26;11.50;4.80;7.12;10.52;-0.66;26.70;20.40;8.50;18.25;11.22;2.86;19.35;-16.13;25.75;-3.07;11.47;4.70;11.52;11.06;2.72
1945-12-01;9.79;6.56;6.44;5.32;3.04;2.11;1.15;2.66;4.64;-2.88;6.72;0.21;-2.87;9.04;4.44;6.39;7.49;-3.61;24.95;21.12;-1.23;12.81;4.61;5.87;21.42;-15.84;25.83;-11.30;11.16;4.62;8.70;8.22;-8.11
1946-01-01;6.73;2.18;3.59;3.56;0.37;0.12;-0.68;-0.98;0.31;0.20;3.61;-1.15;-4.78;7.91;0.47;1.80;5.50;-5.81;21.67;20.65;0.14;12.40;3.47;6.33;23.28;-17.79;25.55;-8.47;10.27;0.31;7.99;7.45;-9.18
1946-02-01;9.16;8.15;8.39;7.11;4.78;3.62;4.34;4.31;6.34;-3.98;8.53;1.39;-1.05;9.06;5.87;7.39;8.51;-1.38;21.18;23.29;-0.43;12.91;3.95;4.67;22.57;-20.78;25.21;-9.42;12.03;6.42;9.50;9.02;-10.09
1946-03-01;8.45;7.44;8.98;8.40;6.47;4.72;6.21;5.71;5.82;0.86;8.94;3.11;2.39;9.52;4.73;6.98;9.34;2.26;20.63;26.57;8.22;17.20;5.91;4.68;20.35;-17.86;26.50;-4.21;13.06;5.89;10.51;9.97;2.33
1946-04-01;10.38;11.34;13.01;12.53;11.49;9.40;11.16;10.48;10.80;2.03;13.01;8.38;8.07;13.09;10.25;10.66;13.63;8.12;20.14;26.42;9.70;22.04;14.11;-0.71;17.47;-14.71;26.68;3.52;13.63;10.91;14.74;14.18;4.77
1946-05-01;11.90;13.23;14.55;14.69;14.07;11.61;15.15;14.20;13.86;8.30;14.69;10.06;10.54;15.04;13.48;13.06;15.74;10.60;21.30;26.23;16.12;25.72;16.72;-1.81;14.94;-6.62;27.26;10.99;15.67;13.94;16.49;15.90;11.46
1946-06-01;13.18;14.90;17.06;17.05;16.29;13.73;15.87;15.09;14.92;8.14;17.09;12.80;12.79;18.21;14.20;14.57;19.10;12.74;24.28;22.83;20.45;27.92;22.87;-5.91;12.47;-1.41;27.67;19.67;14.12;15.20;19.30;18.86;17.82
1946-07-01;16.23;19.27;21.10;21.03;19.89;17.58;19.69;19.53;18.98;9.99;21.09;16.45;16.82;22.20;18.16;18.34;23.79;16.39;25.89;21.77;23.64;29.60;26.60;-4.42;12.60;1.13;27.38;18.68;14.00;19.38;22.92;22.73;20.60
1946-08-01;15.59;17.30;19.30;20.90;18.72;16.17;18.27;17.84;17.00;9.83;19.21;15.78;15.93;22.33;16.09;16.63;23.71;15.26;26.55;21.74;21.30;29.60;25.76;-4.77;13.26;-0.40;27.11;19.33;14.39;17.23;23.05;22.75;18.39
1946-09-01;15.26;16.30;18.04;19.01;16.19;14.32;16.26;15.74;15.97;7.18;18.08;13.45;13.73;21.02;15.32;16.07;21.19;13.36;26.86;22.17;20.04;28.12;22.96;-3.07;14.36;-0.82;26.69;11.65;14.85;16.11;20.79;20.53;16.40
1946-10-01;12.57;11.89;13.78;14.58;10.19;8.74;9.24;9.46;10.67;6.72;13.88;7.62;7.57;16.24;10.44;11.24;16.07;7.23;27.15;22.29;14.99;23.38;17.45;-0.28;16.54;-8.50;26.46;-0.68;12.77;10.68;16.33;15.94;10.62
1946-11-01;10.69;8.34;8.29;8.15;5.24;4.35;5.10;5.42;6.82;-1.41;8.53;2.99;1.19;11.92;7.13;8.17;10.04;1.33;25.76;21.20;9.85;20.24;11.89;0.20;18.47;-14.96;26.27;-5.35;11.44;6.78;11.87;11.40;3.73
1946-12-01;6.90;2.41;3.47;2.97;-0.10;-2.24;-1.55;-0.96;0.83;-0.16;3.62;-3.68;-5.59;7.23;0.82;2.35;4.33;-6.31;22.97;20.05;2.74;13.08;3.96;4.20;20.41;-11.54;26.01;-9.26;10.64;0.78;5.43;5.27;-6.31
1947-01-01;5.45;2.50;3.87;3.20;-0.23;-1.05;-2.86;-1.99;0.38;0.84;3.76;-2.84;-5.66;5.82;0.12;1.86;4.59;-6.91;20.91;20.70;2.04;12.58;2.86;4.90;20.98;-7.82;25.86;-11.66;9.80;0.40;5.48;5.04;-8.09
1947-02-01;3.44;1.98;5.36;5.14;1.63;0.52;-1.75;-0.99;-0.33;-6.70;5.13;-0.83;-2.67;7.92;-3.23;0.49;5.59;-3.12;19.56;22.85;-2.12;15.58;1.79;4.87;21.53;-21.87;26.00;-15.75;10.69;-0.10;7.70;7.12;-7.86
1947-03-01;8.36;8.63;10.84;10.25;7.57;6.53;5.70;5.68;6.79;-6.75;10.63;4.16;3.07;10.71;4.65;7.18;10.66;2.10;21.59;26.44;2.41;18.85;6.40;5.34;19.77;-22.83;26.35;-4.77;13.33;6.99;11.19;10.63;-1.54
1947-04-01;10.23;11.52;13.53;12.97;11.86;10.16;11.29;10.64;11.18;-0.76;13.44;8.65;7.83;12.61;10.18;10.74;13.87;7.46;21.89;26.18;9.92;21.27;12.69;1.01;17.39;-14.88;26.89;4.64;15.52;11.31;13.63;13.12;3.14
1947-05-01;12.97;15.62;16.99;16.10;15.60;13.78;15.94;15.45;15.76;7.28;17.02;11.94;11.78;15.95;15.31;15.29;17.27;12.25;22.06;27.03;15.36;26.21;16.48;-2.58;16.24;-6.43;26.99;10.63;14.57;15.90;17.46;17.11;10.79
1947-06-01;14.96;18.19;20.25;20.45;19.26;17.08;18.77;18.50;18.50;9.10;20.06;15.96;15.74;20.34;17.98;18.02;22.69;15.27;23.06;24.50;20.04;28.20;19.02;-5.70;12.79;-0.11;27.43;17.41;15.10;18.68;21.57;21.18;17.34
1947-07-01;16.74;21.11;22.47;22.94;21.50;19.23;21.64;21.54;21.10;10.42;22.61;18.35;18.14;22.82;20.43;19.81;25.49;17.78;26.17;23.00;23.97;29.85;24.59;-5.61;12.33;0.92;26.83;18.74;13.44;21.37;24.18;23.81;21.49
1947-08-01;19.07;22.44;22.55;23.14;21.61;18.80;21.74;21.89;22.32;10.98;22.76;18.03;17.94;23.46;21.27;21.32;25.74;17.38;26.64;22.81;24.17;29.68;27.25;-6.04;12.88;1.17;26.42;16.99;13.22;22.34;24.90;24.46;22.16
1947-09-01;16.12;18.24;19.47;19.85;18.11;15.82;19.08;18.83;18.51;7.31;19.48;14.45;14.50;20.69;17.74;17.62;20.95;14.37;26.70;21.97;19.97;26.69;22.56;-3.46;14.88;-1.88;26.26;12.43;12.17;18.58;21.25;20.86;15.64
1947-10-01;12.86;12.64;14.29;14.71;11.98;10.19;10.81;10.95;12.15;4.09;14.46;9.19;9.52;16.55;11.19;11.89;16.11;9.39;27.35;22.46;15.77;23.01;15.65;0.97;16.49;-6.57;26.41;3.58;12.49;12.18;17.15;16.70;12.30
1947-11-01;11.47;9.90;10.17;9.72;7.21;6.01;6.00;6.04;7.82;-3.49;10.47;4.97;3.71;13.02;7.91;9.17;12.53;2.97;26.13;21.90;6.41;18.15;9.87;4.19;18.00;-14.83;26.27;-2.10;10.75;7.86;13.04;12.56;0.88
1947-12-01;8.62;6.12;5.78;4.54;1.50;0.52;1.37;2.14;4.49;-3.34;6.10;-1.67;-4.08;7.64;4.99;6.26;6.20;-4.63;24.03;21.55;0.21;14.76;4.32;4.89;20.27;-15.74;25.41;-4.37;9.36;4.34;7.15;6.71;-9.60
1948-01-01;9.02;7.98;8.51;6.83;4.46;3.74;4.21;4.51;6.23;-3.20;8.78;1.70;-1.03;8.88;5.84;7.11;7.72;-1.47;21.69;21.70;-4.92;13.81;4.10;4.92;19.77;-21.93;25.21;-8.96;8.31;6.22;9.31;8.67;-12.38
1948-02-01;7.14;5.65;7.16;5.93;1.96;2.21;2.43;2.22;3.55;-0.09;7.22;0.07;-1.72;7.83;3.93;4.46;7.20;-2.31;21.05;24.15;-2.56;13.64;5.11;5.10;21.98;-18.71;25.99;-10.99;10.83;3.53;8.38;7.90;-11.63
1948-03-01;10.49;10.57;11.77;10.83;8.75;7.74;7.61;7.61;8.76;1.94;11.79;6.31;5.10;10.81;8.45;9.59;11.89;4.33;22.26;26.39;4.20;13.42;7.33;3.35;19.73;-17.22;26.58;-4.37;13.57;8.97;11.82;11.42;-3.16
1948-04-01;9.91;10.62;12.17;11.68;10.08;8.08;10.51;9.89;10.28;-0.71;12.33;6.48;5.85;12.07;10.13;10.15;13.04;5.36;20.48;26.64;9.91;19.78;13.94;0.59;17.69;-14.24;27.08;4.53;13.35;10.43;13.57;12.99;6.19
1948-05-01;12.53;14.33;15.48;14.69;14.41;11.94;14.97;13.90;14.20;4.02;15.68;10.56;10.28;15.17;13.30;13.66;16.30;10.64;21.61;25.49;14.78;25.14;18.04;-2.15;15.01;-7.79;27.02;15.28;14.34;14.28;16.70;16.17;11.76
1948-06-01;14.01;16.04;17.01;17.01;15.87;13.70;16.25;15.45;15.91;8.79;17.07;12.71;12.35;17.84;15.63;15.24;20.09;11.96;24.96;24.29;20.40;27.93;20.76;-5.58;13.57;-1.49;27.01;21.05;15.04;15.98;19.17;18.64;17.62
1948-07-01;15.61;17.71;18.94;18.75;16.63;14.58;16.42;15.87;17.28;9.93;19.00;13.28;13.12;18.75;16.94;17.47;21.36;12.87;26.29;22.58;24.42;28.54;25.06;-7.10;12.00;1.24;27.01;17.61;14.00;17.29;20.42;20.04;21.41
1948-08-01;15.89;17.42;19.61;20.40;18.18;16.09;17.68;17.03;17.09;10.43;19.60;15.29;15.20;21.08;16.64;16.98;22.94;14.82;26.55;22.54;23.43;28.33;24.95;-4.73;13.31;-0.61;26.99;18.29;13.99;17.24;21.94;21.58;20.62
1948-09-01;14.42;15.44;17.41;17.08;14.46;12.98;14.13;13.67;14.68;4.62;17.41;11.76;11.81;18.70;15.11;15.09;19.20;11.84;26.83;23.12;19.66;25.66;23.27;-1.53;15.21;-1.38;26.98;11.73;13.15;14.73;19.03;18.79;16.54
1948-10-01;12.57;11.96;12.92;13.04;10.20;8.68;10.05;9.59;10.33;1.29;13.12;7.98;7.83;16.44;10.54;11.25;15.58;7.69;26.91;22.90;12.51;22.45;17.36;0.11;17.80;-6.68;26.79;4.83;11.96;10.41;16.36;16.07;8.50
1948-11-01;10.91;8.32;8.93;9.44;5.41;5.41;5.14;4.74;5.85;0.05;9.15;4.98;3.41;12.81;5.71;7.80;11.75;3.16;26.67;21.74;10.58;17.95;11.00;2.02;18.67;-15.49;26.19;-1.49;12.32;5.91;12.64;12.29;5.83
1948-12-01;8.52;5.81;7.24;7.43;3.83;3.06;1.40;2.61;4.22;-1.74;7.28;1.68;-1.35;9.26;4.24;5.41;9.14;-2.52;23.30;20.17;2.44;12.06;7.07;5.37;20.73;-19.71;25.89;-5.44;11.19;4.17;10.60;9.78;-3.59
1949-01-01;8.87;5.83;5.66;4.77;2.52;1.31;1.86;2.17;4.24;-3.87;5.88;0.08;-2.45;8.83;4.58;5.85;6.81;-3.75;21.11;21.86;2.74;11.15;4.72;5.59;20.06;-23.33;26.02;-4.47;11.15;4.18;8.16;7.81;-6.51
1949-02-01;8.10;5.94;6.36;5.64;3.00;2.12;2.49;2.45;4.58;-0.44;6.42;1.16;-0.49;7.97;4.85;5.92;7.37;-1.93;20.62;23.77;2.89;11.26;5.80;4.39;20.67;-14.66;26.33;-8.26;12.53;4.56;8.37;8.07;-6.41
1949-03-01;8.71;7.29;7.91;7.35;4.51;3.01;4.01;4.17;5.45;-0.79;8.01;1.01;-0.02;8.05;4.47;6.28;8.40;-1.00;18.99;25.10;4.55;15.34;6.47;3.23;20.33;-14.27;26.84;-3.29;13.85;5.52;8.86;8.42;-2.37
1949-04-01;10.84;12.23;14.15;13.73;12.40;10.77;12.80;11.82;11.70;-1.02;14.15;9.33;8.35;13.14;10.89;11.53;13.60;8.36;20.67;26.55;11.14;17.70;11.95;0.56;17.48;-16.74;27.72;3.43;15.56;11.87;13.92;13.49;6.62
1949-05-01;11.43;12.54;13.47;12.54;11.91;9.34;12.92;12.02;11.93;3.62;13.68;7.98;8.35;13.73;11.37;11.96;14.42;8.74;20.24;24.60;16.49;26.77;17.92;-2.87;15.52;-8.65;27.92;14.45;15.61;12.12;15.19;14.69;12.89
1949-06-01;15.56;18.58;19.13;18.66;17.11;14.64;16.39;15.54;16.56;10.81;19.27;13.55;13.96;18.56;14.80;16.60;20.98;13.69;24.33;23.26;22.74;27.50;19.47;-3.88;13.02;-2.51;27.75;16.49;15.35;16.83;20.14;19.64;20.83
1949-07-01;17.83;22.43;23.18;22.95;22.00;19.62;20.92;20.19;20.81;11.25;23.15;18.55;18.30;21.93;18.33;19.91;25.89;17.70;26.41;22.06;25.61;28.06;24.22;-8.15;12.49;0.08;27.58;17.33;14.46;21.16;23.65;23.15;22.42
1949-08-01;17.75;20.78;22.45;23.27;20.93;17.91;19.66;18.90;19.31;10.35;22.22;17.27;17.39;22.64;17.79;19.00;24.50;16.70;26.79;22.06;24.07;27.28;26.15;-3.37;13.16;-0.64;26.94;16.19;13.95;19.62;23.28;22.94;21.25
1949-09-01;17.32;19.44;20.69;20.79;19.27;16.84;18.94;18.28;18.66;9.40;20.68;15.90;16.09;22.13;17.85;18.63;22.06;15.56;27.16;21.89;18.27;24.64;22.52;-3.16;15.28;-3.37;26.99;11.80;13.95;18.86;22.59;22.23;14.80
1949-10-01;14.01;14.01;15.05;14.46;12.56;11.10;12.75;12.12;12.55;4.90;15.31;9.76;9.51;16.73;11.79;13.18;16.21;9.31;27.73;22.04;15.79;22.77;16.60;-1.08;18.76;-11.98;27.21;4.48;13.17;12.67;17.63;17.19;11.02
1949-11-01;9.79;7.39;8.43;7.99;4.88;3.77;4.93;4.43;5.39;2.21;8.72;2.21;0.30;11.26;5.33;6.51;9.95;-0.21;26.36;22.52;7.02;19.65;10.61;2.91;18.83;-8.94;26.88;-0.55;9.23;5.45;11.11;10.76;-0.59
1949-12-01;8.76;6.02;6.45;6.09;4.08;2.68;4.38;3.56;4.51;-3.41;6.73;1.75;-0.71;9.47;4.81;5.80;7.59;-1.73;23.35;21.80;3.20;13.94;5.84;4.61;20.65;-8.95;26.57;-4.95;10.48;4.43;9.69;9.10;-4.92
1950-01-01;7.32;3.88;4.85;4.63;1.48;-0.17;0.60;0.26;2.11;1.96;4.89;-0.58;-3.06;7.58;2.10;3.63;6.51;-4.04;21.38;21.97;4.39;11.19;4.25;5.24;20.78;-13.43;26.67;-18.40;10.37;2.06;7.63;7.19;-6.30
1950-02-01;9.05;8.01;8.99;8.35;5.45;4.50;5.17;5.21;6.62;-3.61;9.02;2.65;-0.02;8.85;6.48;7.32;9.17;-0.17;19.78;24.15;-0.21;12.41;4.00;5.82;20.75;-18.99;26.56;-7.24;11.05;6.65;9.86;9.29;-10.73
1950-03-01;9.55;8.59;9.63;8.87;6.79;5.24;6.61;6.35;7.27;-0.43;9.73;3.79;2.60;9.63;7.15;8.10;10.62;2.30;21.30;24.33;1.85;16.73;7.54;4.27;20.93;-16.23;26.79;-2.86;12.13;7.39;10.62;10.26;-6.03
1950-04-01;9.69;9.44;10.66;10.12;8.19;6.10;8.36;7.63;8.46;1.44;10.85;4.76;4.00;10.53;7.99;8.88;11.88;3.35;21.69;27.94;8.48;22.82;13.08;-0.36;18.09;-11.90;27.11;8.51;13.32;8.58;12.13;11.56;3.48
1950-05-01;12.91;14.66;15.88;15.60;15.12;12.69;15.82;14.56;14.22;7.24;16.03;11.30;10.98;16.12;13.00;13.68;17.20;11.54;21.86;26.24;14.27;24.24;18.84;-2.63;16.00;-7.57;27.25;11.68;15.30;14.38;17.23;16.76;13.02
1950-06-01;15.80;18.49;20.65;20.99;20.03;17.79;19.60;18.75;18.74;9.44;20.61;16.57;16.27;20.58;17.82;17.74;23.10;16.24;25.11;23.11;21.03;27.35;21.45;-5.42;14.09;-1.60;27.18;15.04;14.29;19.00;21.74;21.33;18.79
1950-07-01;16.44;19.51;21.85;23.33;21.85;18.99;20.72;19.82;19.12;12.72;21.71;18.82;18.90;23.89;17.97;18.26;26.61;18.36;26.11;23.18;23.58;29.26;25.69;-5.98;13.63;0.76;26.64;15.99;13.39;19.54;24.90;24.58;21.05
1950-08-01;16.09;17.89;20.26;21.31;19.90;16.87;19.03;18.44;18.03;12.11;20.14;16.21;16.64;23.10;17.26;17.32;23.76;16.09;26.27;23.53;22.28;28.79;25.91;-6.31;13.13;0.49;26.20;14.05;14.17;18.32;23.24;22.88;18.64
1950-09-01;14.51;14.80;16.59;17.49;14.85;12.96;14.25;13.75;14.27;7.02;16.65;12.26;11.69;18.84;14.00;14.44;20.34;11.37;26.61;22.49;17.62;26.74;23.54;-3.27;16.11;-1.56;26.67;11.77;14.46;14.45;19.47;19.10;13.10
1950-10-01;12.52;11.62;13.84;14.18;10.70;9.61;9.50;9.12;10.15;3.64;13.92;8.60;8.10;15.74;9.61;10.97;16.06;7.86;27.21;22.49;14.38;22.64;16.07;0.68;17.14;-3.64;26.65;4.64;12.06;10.27;16.14;15.69;9.12
1950-11-01;10.12;9.00;10.71;10.12;7.14;6.05;6.40;6.01;7.09;-1.01;10.90;4.41;2.04;11.67;6.61;7.97;11.68;1.40;26.21;22.45;8.52;18.14;10.89;2.64;18.23;-8.56;26.33;-0.81;10.16;7.10;12.10;11.50;3.27
1950-12-01;6.21;2.73;4.39;3.35;-0.28;-1.21;-0.31;-1.35;-0.07;-3.84;4.68;-3.19;-5.05;7.64;-0.61;2.50;4.74;-5.22;23.85;21.81;1.24;15.19;4.94;4.88;20.63;-20.90;25.94;-6.41;9.46;-0.15;6.30;5.98;-6.67
1951-01-01;8.14;6.19;6.96;6.21;3.39;2.32;3.88;3.82;4.93;-3.73;7.02;0.59;-2.00;8.35;4.84;5.73;7.25;-2.16;21.07;21.89;1.29;13.28;1.97;5.03;20.91;-24.31;25.45;-12.27;10.52;4.92;8.57;8.04;-8.60
1951-02-01;6.91;5.27;6.77;5.93;4.24;1.98;3.91;3.59;4.10;-2.04;6.86;0.42;-0.89;8.26;4.01;4.60;7.57;-0.87;19.49;24.35;1.20;14.11;2.92;5.61;21.56;-14.02;25.99;-12.84;11.44;4.13;9.07;8.52;-8.03
1951-03-01;7.47;6.77;8.40;8.03;5.72;3.53;4.73;4.20;5.44;-4.44;8.42;2.08;0.99;8.63;4.76;6.05;9.30;0.03;19.85;26.11;4.92;18.46;8.19;3.25;21.62;-22.58;26.37;-3.90;13.30;5.50;9.90;9.32;-1.37
1951-04-01;9.00;9.69;11.35;10.73;9.71;7.50;9.35;8.18;8.28;-1.03;11.56;6.18;5.46;11.13;7.54;8.43;12.23;4.82;21.58;25.91;11.01;21.19;13.09;1.61;17.60;-16.84;27.35;8.14;15.46;8.39;12.69;12.18;5.77
1951-05-01;10.87;11.69;13.23;12.83;12.46;9.77;13.35;12.28;11.82;7.30;13.34;8.45;8.46;13.66;11.37;11.28;13.99;8.81;21.70;25.95;16.69;26.42;17.91;-2.87;15.90;-7.41;27.47;9.49;14.24;11.89;14.83;14.33;13.36
1951-06-01;14.70;16.29;17.53;17.87;16.88;14.63;16.49;15.61;15.56;9.83;17.61;13.71;13.54;18.47;14.86;15.66;20.02;13.49;24.01;22.75;20.51;27.40;20.74;-3.36;14.34;-1.05;27.43;16.97;15.52;15.72;19.45;19.01;18.12
1951-07-01;16.40;19.19;20.65;20.69;18.91;16.75;18.56;17.66;18.01;10.75;20.68;15.91;15.91;20.81;17.04;18.01;23.26;15.69;26.53;22.17;24.37;28.39;23.77;-5.24;12.73;0.30;26.77;18.08;14.44;18.22;21.96;21.63;20.73
1951-08-01;15.50;16.82;18.38;19.30;18.24;15.52;18.16;17.25;16.46;11.26;18.29;14.96;15.27;21.76;16.20;16.33;22.31;14.86;26.85;22.70;23.05;29.43;26.71;-5.01;12.63;0.53;27.24;18.08;14.65;16.61;21.90;21.60;18.38
1951-09-01;15.51;16.68;18.49;18.64;16.32;14.19;16.02;15.56;15.79;9.78;18.43;13.03;13.44;19.82;15.42;16.13;20.41;13.32;27.36;23.51;19.57;27.46;20.96;-3.52;16.09;-3.99;26.93;12.01;14.30;15.93;20.75;20.51;14.88
1951-10-01;12.29;11.48;12.57;12.52;10.24;8.35;8.94;8.83;9.71;5.49;12.67;7.53;7.36;14.78;9.20;10.92;14.06;7.42;26.38;22.58;14.24;24.23;17.32;-0.43;17.12;-9.15;27.13;2.69;13.27;9.80;15.63;15.21;9.40
1951-11-01;11.08;9.90;10.54;10.06;8.42;6.58;7.71;7.75;8.75;0.30;10.81;5.03;3.58;12.64;8.76;9.64;12.12;2.06;24.94;21.71;5.56;17.73;10.91;2.06;18.76;-17.97;26.79;-5.03;12.97;8.74;13.17;12.57;-0.75
1951-12-01;9.45;6.63;6.97;7.07;3.23;2.74;2.66;2.54;4.22;-2.66;7.24;1.93;-1.24;9.05;4.78;6.30;9.04;-2.48;22.26;20.98;2.45;12.20;6.43;6.51;20.16;-17.81;26.32;-1.63;11.73;4.06;9.40;8.80;-6.35
1952-01-01;6.90;4.39;4.72;3.59;0.33;-0.70;1.56;1.30;2.94;-5.08;5.11;-2.42;-5.23;6.86;3.17;4.23;5.62;-4.99;19.16;22.64;1.47;12.67;1.82;6.69;22.31;-18.28;26.08;-4.40;11.99;2.78;6.56;6.16;-9.05
1952-02-01;6.41;4.15;5.01;4.62;0.59;-1.08;0.73;0.51;2.54;-1.10;5.09;-2.46;-3.51;6.92;2.77;3.96;6.68;-3.61;19.35;23.88;1.53;14.60;-0.21;6.49;21.04;-21.29;26.35;-7.46;12.03;2.55;6.52;6.19;-6.03
1952-03-01;9.39;9.34;11.26;10.86;8.45;6.91;6.52;6.42;7.72;-0.29;11.14;5.14;3.72;10.27;6.39;8.11;12.55;2.70;20.25;25.90;3.76;16.95;6.28;2.27;20.76;-20.46;26.70;-10.11;15.01;7.86;11.65;11.05;-2.13
1952-04-01;10.31;11.38;12.83;12.67;11.64;9.52;11.92;11.34;11.34;2.68;12.79;7.92;7.45;13.29;10.83;10.99;13.95;7.33;19.64;26.79;11.73;21.59;12.85;2.14;18.36;-14.98;26.88;4.10;15.00;11.46;14.15;13.69;6.59
1952-05-01;13.61;14.95;16.88;16.79;15.10;12.66;14.59;13.96;14.87;6.52;16.92;11.35;11.64;15.44;13.96;14.60;18.98;11.41;21.39;27.22;15.27;24.95;17.02;-1.58;15.64;-6.45;27.45;10.14;14.70;15.00;17.17;16.44;11.60
1952-06-01;14.83;17.85;20.14;20.69;19.30;16.61;18.13;16.96;17.17;8.37;20.09;16.05;16.42;20.86;15.76;16.45;23.76;15.99;25.26;23.66;22.48;27.21;20.77;-3.08;14.05;0.73;27.30;17.02;14.28;17.49;22.11;21.64;18.79
1952-07-01;16.62;19.30;20.88;22.27;22.40;18.98;21.61;20.47;19.58;10.36;20.76;18.43;18.58;23.33;18.09;18.69;25.52;18.41;26.96;22.41;25.86;28.28;23.83;-6.39;12.85;1.29;27.11;17.43;13.52;19.92;24.70;24.37;22.57
1952-08-01;16.70;18.78;20.42;22.00;20.72;17.83;20.31;19.07;18.32;10.40;20.30;16.89;16.91;22.69;17.41;17.91;23.95;16.42;26.61;21.80;23.21;29.73;26.52;-4.25;13.65;-0.17;27.05;16.42;14.09;18.43;23.02;22.67;19.91
1952-09-01;13.36;13.24;14.81;15.86;13.26;10.64;12.48;11.39;11.96;7.73;14.96;9.82;9.88;17.89;11.97;12.77;18.72;9.37;26.47;22.86;19.90;28.31;23.09;-1.85;15.52;-2.10;26.73;11.65;13.36;11.94;18.72;18.28;15.65
1952-10-01;12.54;12.32;13.94;14.31;10.80;9.35;9.25;8.59;9.95;5.55;14.01;8.08;7.18;15.25;9.11;10.89;16.33;6.56;26.81;22.36;11.87;23.86;16.81;0.44;17.43;-6.00;26.83;3.78;9.48;10.05;15.75;15.27;6.82
1952-11-01;8.95;6.97;9.04;8.30;5.11;3.83;3.45;3.35;4.49;2.44;9.18;1.91;-0.21;10.76;3.97;5.72;10.06;-0.51;26.65;23.24;8.02;18.17;11.62;3.30;18.38;-9.57;26.19;-1.48;11.22;4.57;10.77;10.15;2.60
1952-12-01;7.48;4.92;6.59;5.91;2.65;1.39;1.54;1.47;2.86;-0.20;6.77;0.06;-2.12;8.42;2.54;4.15;7.65;-2.27;24.35;21.30;3.04;15.16;5.13;4.80;19.86;-16.66;25.89;-6.31;9.54;2.87;8.20;7.79;-4.46
1953-01-01;5.69;1.90;1.99;1.23;-2.34;-4.10;-1.44;-0.10;0.09;-1.14;2.03;-4.52;-6.37;5.44;0.94;2.15;4.53;-6.70;22.15;21.80;2.05;11.65;3.37;5.20;20.41;-20.74;25.63;-10.41;9.22;-0.14;4.54;3.85;-6.87
1953-02-01;6.39;3.75;3.88;3.14;0.90;-1.14;0.88;1.04;3.20;0.84;3.95;-2.29;-3.55;6.26;3.41;3.95;5.77;-3.12;19.75;22.93;3.06;14.92;3.67;5.86;20.76;-16.48;26.00;-16.11;12.02;3.10;6.24;5.89;-6.19
1953-03-01;8.59;8.74;9.80;8.80;7.36;5.81;7.07;6.61;7.12;2.07;9.73;4.22;2.81;8.86;5.30;7.49;10.20;2.01;19.66;26.48;5.49;14.41;9.52;3.73;20.76;-25.07;26.50;-3.45;13.94;7.28;10.42;9.95;-0.71
1953-04-01;9.68;10.68;12.16;11.67;10.36;8.21;11.21;10.26;10.03;-1.90;12.17;6.49;6.23;12.08;9.01;9.67;13.14;5.86;20.43;27.17;10.54;20.86;12.48;-0.13;19.54;-19.27;27.11;6.64;15.22;10.22;13.53;12.95;6.43
1953-05-01;12.86;15.09;17.04;16.48;15.29;12.95;15.56;14.72;14.84;7.14;16.95;11.48;11.06;15.93;13.18;14.17;19.39;11.24;21.61;27.12;16.48;25.55;17.71;-2.61;16.07;-6.55;27.14;11.19;16.54;15.02;18.21;17.69;14.19
1953-06-01;13.75;15.74;16.64;16.25;15.63;13.01;16.39;15.55;15.64;10.35;16.72;11.68;11.82;17.15;14.69;14.99;18.74;11.79;24.13;23.83;22.19;27.88;20.79;-5.09;13.78;0.58;27.04;19.08;15.56;15.76;19.41;18.87;19.21
1953-07-01;15.64;17.22;18.78;19.57;18.97;15.88;18.79;17.70;17.38;11.92;18.80;15.42;15.79;21.02;16.49;16.68;22.74;15.66;25.91;21.96;24.48;29.58;24.34;-9.09;12.64;1.01;26.51;18.75;14.07;17.49;22.84;22.36;21.32
1953-08-01;16.61;18.69;21.22;21.68;19.22;16.75;18.45;17.93;18.48;11.47;21.00;15.94;15.73;21.53;17.15;17.92;23.90;15.52;27.15;21.91;23.07;28.63;25.11;-4.60;12.96;0.42;26.97;16.83;14.68;18.65;22.96;22.51;19.50
1953-09-01;14.97;16.35;17.98;18.80;17.08;14.40;15.69;15.32;15.54;9.89;17.97;13.66;13.95;20.26;14.44;15.37;20.42;13.35;27.28;22.29;20.05;25.87;22.51;-1.12;15.53;-3.37;26.84;9.80;12.43;15.73;20.65;20.20;15.18
1953-10-01;12.67;12.48;13.95;13.79;11.90;9.79;11.41;11.19;11.68;3.57;13.96;8.64;9.05;16.26;11.67;12.17;15.49;8.85;27.17;22.14;14.29;23.63;17.24;-0.09;16.66;-4.11;26.72;5.41;12.50;11.72;16.68;16.32;9.19
1953-11-01;10.80;7.41;7.85;8.81;5.40;5.20;4.80;4.72;5.83;0.67;8.20;4.42;2.45;12.24;7.16;7.45;11.29;2.66;26.27;20.60;8.43;16.64;10.44;3.39;19.38;-5.39;26.86;-3.35;9.75;5.71;12.10;11.58;4.71
1953-12-01;10.56;8.73;9.66;10.04;5.99;5.61;3.68;4.58;6.60;1.66;9.78;4.03;2.02;11.64;6.36;8.47;11.20;1.38;23.60;21.19;4.20;12.97;7.80;5.92;21.24;-9.52;26.06;-5.61;9.65;6.64;11.70;11.16;-1.76
1954-01-01;7.18;4.01;4.58;3.36;0.34;-1.13;-1.54;-1.51;1.05;1.35;4.75;-2.91;-4.68;6.15;1.10;3.17;5.24;-6.06;21.09;21.97;-2.10;11.26;3.77;5.33;21.09;-16.98;25.95;-14.74;10.56;1.04;5.95;5.59;-13.40
1954-02-01;6.71;3.88;5.03;4.43;1.19;-0.68;-0.39;-0.36;1.29;-1.04;4.97;-2.39;-3.27;6.74;1.03;3.16;5.11;-3.41;18.26;24.28;2.96;14.49;4.90;6.14;21.87;-11.67;25.99;-14.86;10.75;1.35;6.64;6.19;-4.91
1954-03-01;8.67;8.30;9.95;9.37;7.52;5.78;7.24;6.79;7.41;0.14;10.02;3.92;2.97;9.88;6.73;7.78;10.34;2.58;19.33;26.27;4.81;17.79;8.19;4.18;20.82;-19.40;26.49;-4.45;13.00;7.49;10.92;10.32;-2.76
1954-04-01;9.07;9.70;11.00;10.18;8.24;5.85;7.79;7.49;8.31;4.17;11.08;4.29;4.17;10.73;7.06;8.29;11.81;3.41;20.02;28.17;11.18;19.86;14.90;1.54;18.90;-12.34;26.91;2.68;13.46;8.46;11.96;11.49;4.86
1954-05-01;11.60;12.90;14.01;13.52;12.72;10.30;13.24;12.50;12.77;7.30;14.18;9.02;9.00;13.66;12.42;12.12;15.37;9.46;23.07;25.72;14.92;25.65;17.90;-2.49;15.41;-3.93;27.13;12.67;13.67;12.90;15.05;14.60;12.37
1954-06-01;13.61;15.52;17.23;17.81;17.39;14.36;17.18;16.21;15.52;9.89;17.15;13.48;14.14;18.45;14.46;14.32;20.71;13.85;24.85;23.11;21.30;27.79;19.23;-4.93;13.07;-0.01;27.22;18.66;15.03;15.82;19.92;19.40;18.28
1954-07-01;14.45;16.10;17.91;18.12;17.24;14.04;16.29;15.72;15.90;10.32;17.81;13.28;13.68;19.15;14.85;15.42;21.59;13.31;26.31;21.53;23.78;29.34;22.63;-7.19;12.57;1.74;26.66;20.57;13.36;16.13;20.63;20.29;19.39
1954-08-01;15.02;16.75;18.35;18.71;17.32;14.63;17.13;16.37;16.41;10.93;18.38;13.77;14.02;19.65;15.81;15.98;21.46;13.62;26.71;22.08;22.16;29.67;27.35;-6.53;13.90;0.37;26.66;18.03;14.24;16.60;20.62;20.27;18.18
1954-09-01;14.60;15.43;17.04;17.31;15.69;13.55;15.18;14.34;14.43;6.09;17.28;12.55;12.88;19.64;13.82;14.60;20.02;12.56;27.37;22.13;19.03;25.96;24.53;-2.63;14.50;-2.29;26.81;11.95;13.28;14.56;20.12;19.80;13.64
1954-10-01;14.01;13.52;14.33;14.09;11.09;10.10;11.11;10.93;12.29;3.45;14.57;8.50;7.90;15.30;12.47;13.29;16.14;7.84;27.97;21.66;15.51;22.92;15.90;0.44;17.47;-6.73;26.24;5.17;11.66;12.32;16.25;15.84;9.97
1954-11-01;10.67;9.24;10.65;10.33;7.58;6.41;6.12;6.30;7.46;1.83;10.89;4.63;3.72;12.33;7.60;8.56;12.62;3.56;26.62;20.18;7.10;18.02;11.51;3.48;19.96;-6.18;26.03;-2.26;9.95;7.53;12.76;12.37;2.08
1954-12-01;9.75;7.74;7.42;6.48;4.26;3.37;4.28;4.45;6.41;-2.26;7.84;1.92;-1.32;10.01;6.17;7.49;9.41;-2.00;23.61;20.63;1.73;12.85;7.28;4.85;20.65;-7.66;25.54;-5.74;9.14;6.32;10.09;9.61;-6.66
1955-01-01;7.40;6.23;8.71;9.06;4.65;4.67;0.81;1.08;3.21;-4.46;8.59;3.51;0.41;9.82;1.64;4.14;9.96;-0.74;22.48;21.27;-1.13;13.34;3.87;6.50;22.06;-21.14;25.03;-6.84;10.03;3.44;10.53;9.89;-11.20
1955-02-01;5.93;5.20;7.07;6.56;3.34;1.88;1.68;1.40;2.99;-4.82;7.20;0.74;-0.98;8.52;1.35;3.90;8.13;-1.21;20.98;24.29;0.31;16.79;5.99;5.35;21.80;-17.87;26.12;-7.24;10.50;3.10;9.19;8.59;-8.67
1955-03-01;5.52;4.86;7.55;7.43;5.47;3.10;4.31;3.77;3.94;0.65;7.32;2.24;0.92;9.42;2.81;3.94;9.20;0.59;19.55;26.11;4.73;18.12;8.62;3.17;21.69;-14.02;26.34;-5.51;13.99;4.06;9.61;9.24;-3.69
1955-04-01;10.30;10.92;13.31;12.58;10.86;8.73;9.44;9.09;9.74;5.66;13.26;7.51;6.78;11.98;8.85;9.87;14.56;5.93;21.96;26.93;10.81;21.56;13.71;1.88;19.35;-11.02;26.73;0.62;16.66;10.00;13.77;13.25;6.04
1955-05-01;11.52;12.91;15.07;15.89;14.05;11.53;12.88;11.93;11.99;6.21;15.02;10.45;9.79;15.28;10.83;11.96;17.69;9.95;23.38;24.97;17.61;24.78;18.15;-0.25;15.54;-8.08;27.84;9.86;15.68;12.16;16.75;16.30;15.30
1955-06-01;14.77;16.90;18.30;19.35;17.89;15.69;16.83;16.13;16.38;10.46;18.21;14.16;14.12;18.74;15.19;16.09;21.19;14.04;25.62;23.04;20.37;28.85;22.83;-5.53;13.69;-0.76;27.66;14.76;14.95;16.59;20.00;19.51;20.02
1955-07-01;17.72;20.08;21.34;22.48;19.77;17.20;18.77;18.38;19.01;10.97;21.24;16.27;16.24;21.51;17.51;18.62;25.01;15.82;26.31;22.14;26.28;29.21;27.48;-6.57;12.45;1.37;27.05;17.80;13.55;19.19;23.22;22.82;23.76
1955-08-01;18.91;20.82;22.16;23.13;19.44;17.28;17.88;17.90;18.67;10.62;22.00;16.21;15.57;21.34;17.68;18.85;24.29;15.09;26.46;21.45;24.90;28.08;26.36;-4.28;14.38;1.05;26.54;18.12;13.58;19.02;22.89;22.45;21.87
1955-09-01;15.91;16.45;17.97;17.79;15.71;13.19;14.87;14.86;15.14;8.10;17.96;12.34;11.89;18.89;14.61;15.16;20.17;11.68;26.61;22.40;19.44;27.29;22.38;-2.38;15.52;0.37;26.35;13.60;13.47;15.36;20.29;19.91;14.64
1955-10-01;12.07;11.25;13.00;12.96;9.86;8.14;8.72;8.53;9.61;3.86;13.13;7.14;6.65;15.09;9.83;10.41;14.98;6.09;27.08;21.88;14.92;24.37;17.62;1.12;17.91;-8.73;26.67;7.42;11.18;9.61;15.56;15.19;9.62
1955-11-01;9.87;7.51;8.67;8.57;6.36;4.60;4.29;4.92;6.41;3.36;8.87;3.52;2.43;11.70;6.86;7.74;10.40;2.21;26.20;20.65;6.32;18.67;10.95;3.81;19.26;-16.29;26.77;-3.53;11.13;6.45;11.97;11.58;1.82
1955-12-01;10.64;7.90;8.91;8.64;5.88;5.36;4.29;4.44;5.96;-4.21;9.01;4.02;1.48;10.87;5.54;7.29;10.19;0.75;24.09;18.90;-1.60;13.75;7.70;5.06;19.52;-19.47;25.49;-14.42;8.66;6.05;11.03;10.48;-10.77
1956-01-01;8.08;5.73;7.15;6.61;4.43;3.01;3.18;2.76;3.87;-5.91;7.32;2.15;-0.32;9.22;3.55;5.06;8.24;-1.62;21.77;20.47;0.01;13.34;3.81;5.31;21.14;-15.77;25.15;-11.88;7.51;3.95;9.57;9.10;-7.28
1956-02-01;2.38;-1.42;-0.85;-1.97;-5.62;-7.99;-8.37;-7.47;-4.32;2.34;-1.13;-8.85;-10.16;3.03;-4.81;-1.76;1.23;-10.10;19.27;22.59;1.80;16.02;4.08;5.52;21.95;-11.35;25.89;-19.27;11.66;-4.32;1.14;1.03;-7.24
1956-03-01;8.29;7.88;9.55;9.07;6.57;5.04;5.31;5.34;6.55;3.02;9.33;3.34;2.78;8.81;6.02;7.03;10.25;1.96;18.99;26.62;2.15;15.86;8.95;3.87;21.90;-14.54;26.49;-4.84;13.79;6.68;9.99;9.32;-5.72
1956-04-01;8.48;8.87;11.09;10.79;8.68;6.54;8.04;7.29;7.69;3.52;11.08;5.17;4.64;10.73;6.51;7.56;12.00;4.08;19.92;28.19;8.31;21.37;13.21;2.16;19.34;-15.53;27.08;3.14;14.93;7.80;11.82;11.23;4.07
1956-05-01;12.09;14.53;15.64;15.66;14.84;12.66;14.20;13.61;13.97;6.91;15.66;11.41;11.03;15.24;12.95;13.25;17.50;11.25;22.18;25.28;14.38;23.79;17.84;-1.25;15.84;-7.10;27.35;10.12;14.25;14.22;16.66;16.21;10.07
1956-06-01;13.34;14.93;16.09;16.87;15.32;12.80;14.74;13.79;13.71;8.63;16.07;11.61;11.90;16.09;12.98;14.07;19.64;11.80;24.63;22.85;21.92;28.41;22.16;-3.83;13.74;-0.66;27.39;20.30;13.53;13.87;18.10;17.65;18.29
1956-07-01;15.88;18.15;19.39;20.22;18.70;16.06;18.34;17.59;17.57;10.71;19.37;15.29;15.69;20.25;17.03;17.30;22.95;15.34;26.10;21.41;22.76;29.62;24.55;-3.63;12.34;1.60;27.02;15.02;13.58;17.72;21.68;21.32;19.29
1956-08-01;14.51;16.31;18.08;19.49;17.36;14.85;16.15;15.21;15.53;9.76;17.98;14.37;14.65;21.74;14.90;15.18;22.27;14.04;26.19;21.60;23.01;30.03;26.13;-3.47;12.56;1.19;26.69;14.53;14.05;15.72;21.93;21.72;19.00
1956-09-01;15.14;16.93;18.52;19.47;16.94;15.23;15.76;15.64;16.41;9.23;18.50;13.99;14.47;20.49;15.69;16.14;20.71;14.09;26.50;21.81;17.77;26.57;22.97;-2.65;14.15;-3.17;26.34;8.36;12.39;16.59;20.66;20.27;12.66
1956-10-01;12.04;11.58;13.20;13.17;9.47;8.33;9.40;8.99;10.31;4.89;13.40;6.79;5.80;13.71;10.35;10.96;14.39;5.15;27.01;21.51;13.69;22.07;17.75;0.85;16.00;-5.89;26.07;4.33;12.19;10.33;14.45;13.92;8.93
1956-11-01;9.14;6.62;7.03;6.24;4.15;2.70;3.86;3.73;5.10;4.46;7.30;1.26;-0.45;9.63;5.40;6.47;8.23;-0.97;26.20;21.05;7.88;19.57;11.71;4.81;17.81;-6.06;26.03;-5.51;11.25;5.06;9.66;9.31;2.02
1956-12-01;9.07;7.34;7.07;6.41;4.32;3.08;2.93;3.97;6.34;1.19;7.21;1.34;-1.57;8.08;6.28;7.07;7.58;-2.88;23.28;19.04;4.08;13.43;4.79;5.91;20.82;-7.38;25.65;-5.20;10.16;6.24;8.21;7.69;-5.88
1957-01-01;7.95;5.10;5.06;4.03;0.10;-0.17;-0.18;0.46;3.43;-0.95;5.19;-1.78;-4.35;7.06;4.18;5.05;6.36;-4.63;20.07;20.80;-2.77;11.57;5.23;5.32;20.99;-14.61;25.49;-6.87;11.08;3.26;7.10;6.75;-13.66
1957-02-01;8.77;8.77;9.94;9.27;7.20;5.67;6.58;6.61;7.22;-5.87;10.00;3.60;2.17;9.28;6.05;7.67;10.20;1.73;20.34;23.41;1.67;13.92;4.29;6.77;21.20;-20.49;26.02;-2.28;11.82;7.37;10.69;10.08;-6.52
1957-03-01;10.96;10.88;12.09;11.58;9.53;8.63;9.33;8.95;10.00;-2.59;12.14;7.09;5.86;10.57;9.33;10.68;12.70;5.33;20.03;25.62;4.84;17.21;6.89;5.52;20.04;-17.15;26.29;-6.74;13.09;10.07;12.09;11.36;-1.43
1957-04-01;10.04;10.62;11.79;11.07;10.08;7.79;9.80;9.36;9.80;3.59;11.97;6.35;6.39;12.01;8.84;9.89;13.14;6.68;19.92;27.95;10.75;21.11;14.40;3.19;19.51;-12.27;26.74;5.90;15.18;9.96;13.10;12.60;7.27
1957-05-01;11.81;12.53;13.97;13.51;12.36;9.60;11.94;11.18;11.51;6.07;14.02;8.32;8.47;13.51;10.71;11.53;15.56;8.59;20.75;27.40;16.53;24.95;17.08;-2.51;15.75;-5.19;27.00;13.86;16.14;11.63;15.20;14.67;12.70
1957-06-01;15.46;17.61;18.11;17.82;17.79;15.51;18.29;17.45;17.49;9.16;18.22;13.97;14.26;18.51;16.52;17.34;18.91;14.13;23.65;23.03;23.00;27.04;20.20;-4.69;15.52;-0.29;27.78;14.91;15.60;17.56;19.21;18.84;19.92
1957-07-01;16.47;18.67;20.08;20.31;19.75;17.05;19.54;18.69;18.77;11.46;20.12;15.76;16.16;20.68;18.15;18.27;22.61;16.01;25.75;22.48;24.21;28.09;24.67;-2.82;12.18;1.38;27.20;18.31;15.93;18.89;22.56;22.18;20.34
1957-08-01;16.51;18.25;19.67;20.16;18.72;16.21;17.16;16.49;17.38;10.75;19.75;15.25;15.06;20.67;16.47;17.43;22.51;14.78;26.84;21.98;22.37;28.25;27.02;-2.11;13.50;1.28;27.04;16.63;15.33;17.54;21.38;21.11;18.13
1957-09-01;14.53;15.60;17.12;17.92;15.64;13.34;14.72;14.22;14.83;6.04;17.15;12.57;11.95;17.78;13.93;14.75;20.33;11.52;27.11;22.91;20.24;26.51;21.06;0.92;14.89;-0.78;27.13;12.15;14.84;15.00;19.18;18.82;15.50
1957-10-01;13.08;13.19;14.03;13.64;10.85;9.13;9.83;9.84;11.33;3.04;14.20;8.24;7.63;15.80;11.20;12.31;14.83;7.20;26.70;22.82;12.72;24.63;17.22;0.49;17.40;-1.74;26.74;4.87;13.15;11.39;16.07;15.87;9.16
1957-11-01;8.83;7.26;7.65;7.24;6.33;4.61;5.71;5.87;6.82;0.64;7.90;3.56;2.35;12.38;6.77;7.40;9.85;2.60;25.80;21.68;8.80;19.70;12.55;6.39;19.52;-12.14;26.39;-1.39;13.35;6.78;12.16;11.92;3.96
1957-12-01;7.59;4.80;5.46;5.38;2.98;1.02;1.50;1.63;3.41;-4.13;5.62;0.31;-1.67;8.83;3.44;4.67;7.59;-3.06;22.77;21.60;3.93;14.60;7.72;6.32;20.59;-18.06;25.70;-5.09;10.58;3.32;9.07;8.63;-3.06
1958-01-01;7.48;5.85;6.79;6.21;3.07;1.54;1.32;1.61;3.57;-6.43;6.88;-0.09;-2.43;7.75;3.60;5.27;7.11;-3.03;20.83;22.20;-1.15;13.04;4.74;7.71;20.99;-14.34;26.11;-7.68;8.81;3.55;8.38;7.84;-7.72
1958-02-01;8.77;7.83;9.18;8.33;6.70;5.32;4.93;5.01;6.02;-6.22;9.24;3.49;1.09;9.01;5.52;7.08;9.33;0.32;21.25;24.88;-3.10;14.88;5.64;5.67;21.61;-20.35;26.14;-8.31;10.57;6.14;9.75;9.27;-11.23
1958-03-01;7.13;6.15;8.77;8.36;5.42;3.60;2.90;2.71;4.42;-2.74;8.74;2.09;0.60;8.24;3.85;5.00;9.85;-0.44;22.03;27.03;3.78;19.16;8.45;7.09;21.68;-20.32;26.93;-6.88;14.77;4.45;9.26;8.71;0.21
1958-04-01;8.97;8.93;10.31;9.70;8.06;5.90;7.47;7.08;7.87;2.88;10.39;4.51;3.88;9.92;7.26;7.94;11.50;3.50;21.96;27.47;10.93;22.36;14.27;3.49;19.19;-13.21;27.53;3.13;16.94;7.98;11.61;11.06;7.14
1958-05-01;12.37;13.99;15.82;16.07;15.68;13.36;15.66;14.27;13.86;3.07;15.75;12.21;11.88;16.21;12.75;13.37;17.57;11.63;23.65;26.10;14.85;23.83;17.89;-0.21;17.73;-5.12;27.74;12.60;14.05;14.02;16.96;16.56;11.47
1958-06-01;14.09;15.76;17.39;17.90;17.02;14.45;16.63;15.64;15.42;9.39;17.33;13.11;13.41;17.97;15.03;14.95;19.92;13.12;25.58;24.39;19.20;27.31;22.16;-3.55;14.12;-0.47;27.75;14.60;15.37;15.52;19.25;18.80;15.65
1958-07-01;15.36;17.48;19.07;19.88;19.58;16.67;19.19;18.25;17.79;11.38;19.00;15.70;16.25;20.17;17.02;17.29;22.36;16.00;26.68;22.51;24.57;28.02;24.89;-2.36;12.72;1.46;27.99;18.03;14.30;17.95;21.51;21.24;20.58
1958-08-01;15.89;17.84;19.54;20.83;19.52;16.98;19.06;18.37;17.94;9.24;19.51;16.16;16.64;21.86;17.08;17.55;23.35;16.19;26.44;22.37;23.10;28.23;26.32;-1.97;14.13;-0.68;26.75;15.38;15.04;18.14;22.40;22.09;19.29
1958-09-01;16.02;17.53;19.97;21.49;17.61;15.97;16.62;16.24;16.68;10.41;19.95;14.75;14.90;19.90;16.44;16.72;22.43;14.54;27.17;22.56;19.07;25.68;23.21;0.02;14.25;-3.13;27.14;8.94;14.35;16.84;21.21;20.76;15.07
1958-10-01;12.99;12.48;13.26;13.58;10.31;9.05;10.01;9.96;11.42;4.84;13.45;7.92;7.24;16.16;11.36;12.15;15.52;6.70;27.05;22.65;12.30;22.72;16.11;2.60;17.26;-7.10;26.69;5.61;13.07;11.43;16.09;15.77;8.34
1958-11-01;9.77;7.97;8.75;8.85;5.06;4.05;5.32;5.35;6.33;2.65;8.94;3.29;2.11;12.48;5.59;7.62;10.81;2.20;25.97;22.06;8.06;19.11;11.17;4.92;20.08;-11.89;26.12;-1.30;11.68;6.32;11.61;11.50;2.93
1958-12-01;8.47;6.66;8.29;7.80;4.80;3.69;3.93;4.26;5.40;-3.73;8.29;2.38;0.59;10.00;5.38;6.05;9.27;-0.19;22.71;20.59;-2.13;15.83;7.53;6.03;19.99;-16.25;26.06;-8.23;9.65;5.37;10.54;9.91;-13.00
1959-01-01;6.93;4.70;6.58;6.25;3.51;2.10;1.61;1.91;2.75;-9.35;6.77;0.48;-2.25;7.61;2.41;3.88;7.32;-2.37;20.94;21.48;-1.27;12.93;3.32;6.51;22.01;-21.78;25.71;-4.76;9.67;2.78;7.97;7.44;-10.22
1959-02-01;7.20;5.98;7.57;7.58;4.39;3.81;2.18;1.68;2.95;0.37;7.52;3.13;1.04;9.54;1.51;4.12;9.28;0.12;20.75;24.19;-0.77;11.43;7.16;5.19;21.71;-19.01;26.23;-5.76;12.04;3.21;10.00;9.51;-11.54
1959-03-01;9.31;9.44;11.08;10.86;9.19;7.44;8.58;8.18;8.30;1.30;11.11;5.53;5.18;10.98;7.79;8.55;11.75;4.41;20.09;26.84;3.64;15.92;8.87;4.04;21.15;-18.75;26.59;-2.27;13.55;8.43;12.17;11.58;-3.90
1959-04-01;10.48;10.86;12.49;11.88;10.97;8.64;11.18;10.52;10.53;-1.03;12.51;6.85;6.64;11.82;10.18;10.43;13.01;6.17;20.52;27.66;11.06;20.80;15.17;-2.11;18.49;-12.52;26.90;5.99;13.51;10.56;13.22;12.68;5.74
1959-05-01;12.67;14.83;15.68;15.11;14.67;12.26;14.78;14.19;14.36;6.51;15.82;10.66;10.67;14.58;13.54;13.51;16.36;11.15;21.61;27.70;18.12;25.02;18.23;-2.77;15.71;-4.38;27.39;11.38;14.38;14.59;16.50;15.98;15.09
1959-06-01;14.90;17.52;18.83;18.24;18.48;15.38;18.30;17.37;17.09;8.09;18.89;14.07;14.50;18.68;16.12;16.45;20.79;14.56;24.65;23.28;21.37;26.64;20.65;-3.32;13.81;-0.50;27.38;16.77;14.18;17.33;20.37;19.94;18.86
1959-07-01;17.05;20.35;21.65;21.72;22.48;19.14;21.92;21.52;20.42;10.95;21.49;17.88;18.16;21.83;18.76;19.60;25.10;17.73;26.24;21.78;24.28;27.14;25.76;-5.88;13.07;0.99;27.45;20.36;13.20;20.75;23.94;23.51;22.58
1959-08-01;17.29;19.40;20.59;20.62;19.79;16.60;18.95;18.72;18.60;9.11;20.61;15.27;15.66;20.94;18.08;18.19;23.00;15.14;26.36;22.12;24.51;27.29;26.60;-6.42;13.61;0.72;27.09;17.09;13.46;18.78;22.50;22.17;21.03
1959-09-01;17.01;18.50;19.50;18.80;17.95;15.53;17.06;16.93;17.10;7.91;19.81;13.86;14.22;19.30;16.19;17.56;19.61;14.00;26.63;22.21;21.10;24.79;24.03;-3.34;14.90;-1.90;27.24;8.15;13.35;17.45;20.18;19.67;16.88
1959-10-01;14.29;13.58;14.41;14.05;11.36;9.74;10.55;10.40;11.99;6.44;14.70;8.09;7.52;15.04;12.20;13.58;15.24;7.22;26.73;22.55;15.01;21.49;17.65;0.25;15.68;-3.36;26.74;1.91;13.24;12.10;16.11;15.52;8.10
1959-11-01;10.13;8.60;9.22;8.81;6.31;4.95;4.49;4.85;7.22;-2.34;9.48;3.34;0.39;11.20;6.72;7.92;10.54;-0.37;24.77;21.59;7.50;18.58;12.29;2.03;19.69;-7.24;26.18;-5.54;10.67;7.29;11.29;10.77;0.92
1959-12-01;9.47;7.91;8.86;8.03;5.75;4.49;4.48;4.54;6.14;-4.70;9.06;2.27;0.20;9.56;5.66;7.15;8.91;-0.58;22.18;20.63;2.67;14.73;7.10;4.96;20.52;-12.14;26.29;-10.85;10.24;6.14;10.14;9.48;-6.48
1960-01-01;7.72;5.31;5.84;5.24;3.04;1.62;1.86;2.05;3.61;-0.69;5.92;0.05;-1.76;8.08;3.50;4.75;6.52;-2.42;20.76;21.90;-0.09;12.89;4.42;7.64;22.80;-15.39;25.86;-10.16;10.77;3.62;7.13;6.69;-10.28
1960-02-01;7.17;5.97;8.03;7.66;5.67;4.22;3.70;3.75;4.29;-4.89;7.92;2.66;1.10;8.67;3.95;4.98;8.76;0.73;20.28;23.73;1.81;14.07;6.49;7.82;21.61;-21.80;25.94;-8.23;11.05;4.40;9.79;9.21;-5.08
1960-03-01;9.43;9.26;10.75;10.52;8.18;6.63;7.68;7.44;7.93;1.20;10.81;4.33;3.92;9.86;7.11;7.99;11.48;3.46;20.53;26.56;-0.86;17.48;9.42;7.07;19.97;-12.72;26.74;-6.21;14.14;8.08;11.39;10.72;-4.99
1960-04-01;10.15;10.47;11.98;11.32;9.86;7.68;10.11;9.50;9.84;3.01;12.05;5.95;6.01;11.32;9.37;9.63;13.30;5.49;20.03;27.66;11.23;21.77;13.07;1.48;19.00;-10.88;27.18;4.12;14.78;9.92;12.86;12.34;5.36
1960-05-01;13.46;15.15;16.87;16.90;16.07;13.07;15.21;14.64;14.51;7.78;16.86;11.81;11.59;15.62;13.43;14.32;19.16;12.00;21.40;26.76;15.99;25.25;17.88;-0.38;15.54;-3.34;27.82;11.53;15.62;14.64;17.42;16.85;16.36
1960-06-01;16.22;18.54;19.67;20.20;19.42;16.25;18.64;17.61;17.21;9.12;19.77;15.20;15.36;19.74;16.21;16.85;22.48;14.92;23.86;24.04;21.51;25.51;21.60;-4.26;12.94;-0.25;27.66;17.82;16.42;17.35;21.37;20.88;18.91
1960-07-01;15.60;16.87;18.65;19.57;17.92;15.25;16.91;16.08;16.23;10.77;18.70;14.34;14.71;20.42;15.58;16.22;22.54;14.19;25.80;22.68;23.10;26.91;25.57;-3.61;13.40;2.60;27.07;21.26;14.29;16.45;21.73;21.33;19.91
1960-08-01;15.82;17.32;18.82;19.74;18.31;15.97;17.75;16.98;16.98;10.08;18.85;14.90;15.06;21.14;16.26;16.64;22.18;14.84;26.44;22.83;23.03;27.12;26.48;-2.87;13.11;0.91;27.31;16.24;14.40;17.15;21.35;21.04;19.77
1960-09-01;14.50;15.10;16.44;16.73;14.12;12.41;13.64;13.17;14.26;8.15;16.59;11.18;11.05;17.68;13.91;14.69;18.74;10.65;26.64;22.34;19.18;25.53;23.30;0.28;15.38;0.04;26.73;9.86;12.92;14.32;18.42;17.97;15.50
1960-10-01;12.35;12.01;13.04;13.09;11.43;9.42;10.63;10.64;11.09;3.53;13.22;7.69;6.53;14.84;10.84;11.42;14.62;6.02;26.80;22.90;13.28;24.66;16.86;2.17;17.29;-10.44;26.90;2.28;14.10;11.12;15.33;14.64;7.88
1960-11-01;10.76;9.97;10.92;10.34;8.23;7.05;8.12;7.94;8.49;-0.63;11.17;5.00;3.49;12.12;8.30;9.09;11.65;2.51;25.91;20.36;8.26;19.45;12.34;4.16;18.12;-10.54;26.60;-3.85;12.07;8.51;12.51;11.93;4.14
1960-12-01;7.44;4.33;4.95;3.65;2.12;0.86;2.32;2.16;3.08;-3.33;5.17;-0.68;-2.56;8.63;3.59;4.42;5.47;-3.13;22.36;20.07;-2.88;17.14;6.66;5.41;19.14;-15.88;26.03;0.03;10.32;3.01;7.94;7.58;-7.08
1961-01-01;7.78;5.15;5.93;5.22;2.67;1.00;2.45;2.32;3.40;-1.88;6.07;-0.69;-1.51;8.15;3.27;4.33;6.58;-1.66;20.79;20.96;-5.35;13.09;3.47;6.58;21.05;-16.67;25.66;-6.57;10.67;3.35;8.05;7.67;-13.60
1961-02-01;9.46;8.86;10.46;10.08;7.37;6.96;7.09;6.95;7.74;-2.74;10.45;4.95;2.36;9.69;7.32;8.27;10.87;2.08;21.09;23.35;-0.25;12.90;4.10;6.91;21.31;-20.89;26.17;-3.42;11.35;7.85;10.94;10.38;-7.31
1961-03-01;9.44;8.79;10.41;10.23;8.09;6.40;8.04;7.74;8.39;-1.50;10.35;5.44;4.38;10.32;8.20;8.59;12.16;3.27;20.74;25.96;3.80;15.25;7.99;4.33;20.51;-15.60;26.81;-0.57;13.53;8.41;11.63;11.19;-3.48
1961-04-01;11.60;12.29;13.93;13.72;13.18;10.81;12.81;12.21;12.19;-1.12;13.94;9.21;8.54;13.60;11.67;11.82;15.00;8.31;21.70;27.38;8.29;20.86;14.68;1.84;19.14;-13.78;27.26;3.84;16.11;12.31;15.12;14.56;4.46
1961-05-01;12.62;13.66;15.19;15.40;13.78;11.04;12.65;11.97;12.60;6.82;15.16;9.69;9.82;15.17;11.90;12.60;17.67;9.75;23.07;25.06;14.53;24.55;19.55;-0.93;15.32;-5.64;27.71;11.56;16.42;12.72;17.06;16.54;11.50
1961-06-01;14.62;17.24;19.23;19.24;18.68;15.66;17.37;16.58;16.62;7.81;19.18;14.70;14.78;18.92;15.90;15.91;21.74;14.73;25.18;22.52;21.30;28.44;22.48;-4.53;13.53;0.08;27.62;18.60;14.91;16.77;20.71;20.21;17.86
1961-07-01;15.84;18.69;20.52;20.84;19.39;16.61;17.73;17.06;17.54;9.99;20.31;15.57;15.43;21.05;16.62;17.37;23.96;14.90;26.22;21.68;24.13;27.09;26.90;-4.70;12.70;1.44;27.23;18.80;13.61;17.73;22.74;22.37;20.43
1961-08-01;16.12;18.21;19.66;20.36;19.04;16.35;18.29;17.74;18.05;9.37;19.55;15.73;15.69;21.62;16.96;17.44;23.20;15.14;26.77;22.14;23.16;27.07;26.87;-1.42;13.09;0.98;27.36;16.24;13.79;18.21;22.46;22.18;19.44
1961-09-01;16.60;18.80;21.26;21.14;20.49;17.55;19.39;18.75;18.52;8.15;21.20;16.20;16.47;21.12;17.54;17.85;22.38;15.36;26.90;22.05;22.31;24.01;25.42;-0.45;14.99;-2.61;26.90;9.64;13.92;18.70;22.15;21.71;18.22
1961-10-01;13.02;13.34;14.73;14.52;12.34;10.52;12.20;11.86;12.26;3.88;14.90;8.94;8.53;16.09;12.02;12.33;16.01;7.99;26.76;22.10;13.97;21.39;18.67;1.67;18.29;-3.51;26.96;6.03;12.57;12.36;17.22;16.67;10.21
1961-11-01;9.36;7.80;8.98;9.10;5.66;4.68;4.77;4.97;6.21;-1.06;9.32;3.15;1.92;11.98;5.93;7.26;11.12;1.24;24.77;20.81;8.09;17.38;12.54;4.36;19.30;-9.46;26.19;-2.02;11.33;6.21;12.25;11.65;2.67
1961-12-01;7.71;6.34;8.52;7.31;4.26;3.69;2.32;2.44;3.88;-6.81;8.70;2.63;0.02;9.86;3.03;4.55;8.96;-0.44;23.20;20.29;0.51;13.73;6.62;6.11;20.60;-18.29;25.88;-8.33;10.61;3.92;10.09;9.63;-5.20
1962-01-01;8.18;6.32;7.43;6.62;5.05;3.41;3.73;3.89;4.89;-2.45;7.46;2.12;-0.14;9.45;4.53;5.57;8.35;-1.42;21.44;20.21;-1.37;13.20;4.29;7.92;21.40;-16.67;25.64;-5.14;10.64;4.90;9.97;9.41;-10.26
1962-02-01;6.95;5.20;6.34;5.59;2.87;1.40;2.28;2.33;3.82;-2.60;6.38;0.03;-1.79;7.72;3.60;4.82;7.32;-2.30;20.96;22.23;-2.04;12.79;5.43;7.31;21.57;-17.98;25.75;-7.33;13.16;3.79;7.94;7.53;-11.71
1962-03-01;5.64;4.80;7.05;6.91;4.39;2.30;2.85;2.15;3.30;-5.05;6.89;0.63;-0.07;7.95;2.84;3.64;8.50;-0.54;20.83;25.10;3.50;18.60;8.29;5.57;20.70;-21.45;26.19;-5.81;14.71;3.36;8.52;7.98;-1.19
1962-04-01;9.05;9.62;11.21;10.75;9.71;7.36;10.46;9.42;9.09;1.99;11.24;6.23;5.32;11.58;8.55;8.55;12.59;4.82;20.49;25.25;10.60;19.50;14.00;3.03;18.01;-15.22;27.24;6.57;13.50;9.13;12.83;12.35;4.90
1962-05-01;10.98;12.00;13.84;14.02;12.64;10.26;11.90;10.98;11.32;5.24;13.87;9.04;8.70;14.22;10.56;11.06;16.11;8.66;22.05;24.92;16.55;23.35;18.52;0.06;15.47;-9.62;27.78;12.43;15.37;11.50;15.78;15.23;14.02
1962-06-01;13.97;16.80;18.53;18.25;17.04;14.24;17.01;16.18;16.13;8.22;18.55;13.06;13.71;17.44;14.65;15.33;20.71;13.40;24.14;23.65;21.96;26.99;21.08;-2.01;14.48;-1.64;27.40;12.93;15.83;16.42;19.51;19.07;18.94
1962-07-01;15.97;18.10;19.62;20.89;19.74;16.32;18.15;17.12;17.00;9.80;19.57;15.75;16.47;21.09;15.90;17.18;23.51;15.51;26.04;22.32;22.53;27.59;25.15;-1.86;13.14;0.22;27.70;15.82;14.50;17.19;22.30;21.97;18.50
1962-08-01;15.89;18.26;20.32;22.14;21.28;18.43;19.67;18.58;17.48;8.89;20.23;17.80;18.22;22.26;16.42;16.96;24.95;17.21;26.58;21.92;22.11;28.01;27.92;-2.35;13.43;-1.15;26.52;14.17;15.04;17.86;23.60;23.19;19.18
1962-09-01;14.78;15.79;18.04;19.63;16.74;14.50;15.33;14.46;14.79;6.42;18.00;13.32;13.68;19.64;13.89;14.73;21.00;12.46;26.87;22.35;17.72;26.03;23.92;0.40;15.30;-3.90;27.00;10.63;14.24;15.05;20.30;19.86;13.69
1962-10-01;13.05;12.72;14.79;14.97;11.44;9.56;10.49;10.46;11.48;3.28;14.79;8.68;8.54;16.38;11.30;12.10;15.98;8.00;26.54;22.13;13.22;23.99;16.59;4.05;16.51;-7.51;26.86;6.07;13.48;11.51;16.95;16.40;7.80
1962-11-01;8.70;6.95;7.47;6.74;4.21;3.07;3.10;3.04;5.33;-2.87;7.85;1.40;-0.47;10.65;5.47;6.89;8.49;-1.27;25.57;20.80;5.53;20.59;11.32;4.57;18.69;-10.03;26.37;0.63;11.37;5.37;10.02;9.64;-0.74
1962-12-01;6.62;3.06;4.23;4.26;0.22;-0.64;-1.38;-0.55;0.90;-2.58;4.39;-2.34;-5.09;7.48;0.56;2.41;6.21;-5.67;23.56;20.29;-1.39;14.36;6.64;7.15;19.73;-20.18;26.11;-8.09;10.38;0.91;6.59;6.34;-8.26
1963-01-01;1.85;-1.17;2.20;2.65;-2.89;-3.93;-5.46;-4.51;-2.21;-4.23;1.81;-4.34;-6.16;5.55;-3.84;-2.11;3.65;-6.38;22.45;19.88;-2.55;13.65;2.81;6.44;21.27;-22.62;25.39;-17.05;11.50;-2.03;5.07;4.73;-9.66
1963-02-01;3.39;0.84;2.92;2.43;-1.56;-2.68;-4.17;-3.35;-0.22;-1.89;2.72;-3.95;-5.01;5.48;-0.76;-0.08;3.28;-5.07;20.67;21.87;-3.73;14.98;4.19;7.55;21.66;-25.66;25.05;-11.10;10.60;-0.36;5.16;4.60;-12.67
1963-03-01;8.33;7.97;9.44;9.00;6.94;5.15;5.11;5.51;6.85;2.30;9.37;3.02;1.64;7.95;6.34;7.27;9.66;1.44;21.26;25.07;4.26;15.99;7.63;3.74;20.91;-20.22;26.29;-10.33;14.27;6.89;10.05;9.42;-3.48
1963-04-01;9.25;9.44;11.21;11.04;10.65;8.14;11.13;10.49;9.70;1.80;11.15;6.65;6.60;11.75;9.32;8.99;12.68;5.92;20.78;25.38;10.61;21.06;13.78;-0.72;18.71;-14.98;27.19;3.04;15.95;9.78;13.04;12.55;4.69
1963-05-01;11.14;12.50;13.83;13.67;13.02;10.41;13.51;12.52;11.98;3.66;13.98;9.28;8.81;14.54;11.36;11.56;16.18;9.41;22.47;25.20;15.65;24.24;18.34;-1.12;16.70;-5.04;27.43;16.29;14.53;12.13;16.19;15.77;11.77
1963-06-01;14.22;15.94;17.43;17.77;17.03;14.51;17.10;16.26;16.19;9.26;17.45;13.36;13.41;17.97;15.82;15.65;20.20;13.27;24.56;22.78;21.45;26.66;21.78;-2.43;13.46;-1.18;27.84;13.21;15.71;16.27;19.50;19.01;19.39
1963-07-01;15.67;18.25;20.54;21.34;20.23;17.65;20.03;19.01;18.20;8.97;20.45;16.85;17.32;22.14;16.80;17.24;23.66;16.94;26.82;22.36;24.10;27.71;25.45;-3.02;12.46;0.11;27.34;18.66;13.68;18.41;23.69;23.39;21.87
1963-08-01;15.04;16.35;17.84;18.54;17.79;15.24;17.51;16.64;16.30;8.86;17.87;14.21;14.53;20.65;15.63;15.89;21.03;14.07;27.10;21.93;22.21;27.97;26.80;-3.01;13.28;0.78;27.14;17.59;14.06;16.38;20.79;20.48;17.12
1963-09-01;14.46;15.74;16.83;16.63;15.44;13.50;15.80;15.21;15.15;5.09;16.98;12.16;12.30;18.84;14.76;14.83;18.11;12.30;27.22;22.55;16.93;26.35;21.56;-1.79;14.84;-2.91;27.13;13.23;13.92;15.23;18.99;18.75;12.23
1963-10-01;13.22;12.61;13.67;13.61;10.45;9.24;9.58;9.50;11.10;3.41;13.92;8.09;7.93;14.94;10.69;11.87;15.46;7.71;26.17;22.00;14.53;24.26;16.47;1.88;17.09;-6.30;26.83;5.46;11.88;11.17;16.08;15.71;11.09
1963-11-01;11.32;10.60;11.55;10.44;9.78;8.00;9.35;9.17;9.49;-4.45;11.76;6.44;4.75;14.01;9.10;9.68;12.03;4.28;26.24;21.22;9.46;18.70;11.77;4.57;18.20;-18.50;26.46;-0.87;10.76;9.53;14.28;13.60;4.54
1963-12-01;6.00;2.64;3.80;4.38;-0.39;-0.84;-2.57;-2.33;0.43;-1.79;3.90;-1.38;-3.58;9.18;-0.05;1.92;6.19;-4.38;21.76;19.63;-1.95;14.33;7.59;7.48;20.30;-19.16;25.89;-9.70;9.95;0.37;7.86;7.45;-12.38
1964-01-01;5.22;1.90;2.83;3.60;-0.41;-0.83;-1.62;-1.20;0.37;1.05;2.80;-0.98;-3.62;7.74;1.15;1.82;5.69;-3.66;20.32;21.13;-0.74;11.55;5.15;7.89;21.95;-17.72;26.09;-8.70;10.32;0.23;7.11;6.88;-6.73
1964-02-01;7.18;5.87;7.11;6.65;4.83;2.95;3.78;4.26;5.04;0.33;7.00;1.30;0.95;8.46;4.91;5.21;8.17;0.35;21.17;23.75;-1.49;13.06;3.96;7.20;21.51;-19.39;25.95;-11.40;13.01;5.12;8.90;8.44;-7.83
1964-03-01;7.44;6.69;8.35;7.84;5.71;3.66;4.00;3.73;5.05;4.14;8.27;2.32;2.02;9.53;4.19;5.41;8.75;1.32;20.23;26.63;4.63;17.50;7.59;4.81;21.12;-13.20;26.50;-7.30;14.04;5.15;10.12;9.61;-0.83
1964-04-01;9.36;9.73;11.22;11.41;10.54;7.99;10.83;10.17;9.56;2.38;11.23;6.41;6.70;11.64;9.28;9.20;12.71;7.08;20.01;28.15;9.05;19.57;15.44;3.10;18.87;-12.45;27.29;3.73;15.78;9.66;13.14;12.58;5.86
1964-05-01;13.30;14.82;16.71;16.92;15.46;13.25;15.73;14.95;15.28;6.57;16.67;11.82;12.15;16.26;14.96;14.76;18.65;12.12;23.02;26.66;17.53;22.97;18.62;-0.83;15.68;-5.94;27.88;10.97;15.62;15.35;17.92;17.42;14.61
1964-06-01;14.56;16.56;18.89;19.05;18.77;15.55;18.93;18.12;16.36;8.21;18.74;14.63;15.22;19.83;15.70;15.65;21.73;14.92;24.99;23.34;20.93;26.55;21.32;-5.06;14.15;-1.41;27.64;18.24;14.07;16.57;21.14;20.69;18.00
1964-07-01;16.26;19.54;22.34;22.72;21.39;18.37;21.21;20.37;19.00;9.30;21.98;17.59;17.58;22.18;17.66;17.94;25.04;17.03;26.34;22.04;24.09;26.51;25.46;-0.86;13.01;1.06;26.40;19.35;14.11;19.36;23.55;23.12;21.57
1964-08-01;16.47;19.01;20.95;21.33;18.81;16.28;18.60;17.76;18.20;8.86;20.94;15.17;15.48;21.28;17.16;17.89;22.73;14.94;26.75;21.65;21.80;26.95;27.47;-4.59;13.64;1.02;27.31;15.48;14.91;18.39;22.47;22.21;17.06
1964-09-01;16.18;17.87;19.80;20.60;16.95;15.39;16.13;15.79;16.42;5.84;19.94;13.80;13.87;19.74;15.43;16.67;20.79;13.30;26.63;21.70;19.20;24.49;22.27;-1.28;16.10;-2.22;26.81;11.51;14.66;16.64;20.53;20.09;13.60
1964-10-01;11.70;10.82;11.58;11.72;9.17;7.15;8.88;8.29;9.54;3.37;11.88;5.96;5.26;14.82;8.78;10.03;13.82;5.12;26.52;21.90;11.95;22.89;16.13;2.34;16.40;-6.28;26.56;6.68;11.83;9.62;14.58;14.19;7.41
1964-11-01;10.04;7.95;8.55;7.85;5.65;4.73;6.46;6.34;7.45;0.57;8.63;3.90;2.97;12.51;7.42;7.63;10.42;3.33;25.97;19.89;8.81;18.33;11.00;4.41;19.03;-11.89;26.36;-2.69;11.68;7.43;11.89;11.53;0.97
1964-12-01;8.00;5.24;5.11;4.62;2.06;0.64;1.62;1.88;3.29;-5.70;5.40;-0.19;-3.35;8.60;3.09;4.46;6.30;-3.94;22.03;19.31;1.94;13.97;7.04;7.49;19.62;-10.69;25.00;-3.36;9.47;3.21;8.45;7.94;-6.09
1965-01-01;7.29;5.39;5.64;4.64;3.02;1.26;2.77;2.88;3.55;-3.51;5.84;-0.57;-2.67;8.08;3.33;4.53;6.25;-2.50;19.12;20.05;-3.39;12.56;3.55;7.87;19.38;-18.47;25.17;-10.32;9.71;3.66;7.65;7.27;-11.34
1965-02-01;4.83;2.54;3.78;2.99;0.83;-2.00;-0.82;0.32;1.64;2.32;3.75;-3.41;-4.77;5.63;2.23;2.51;4.77;-5.34;19.11;22.84;-1.30;14.13;3.86;7.59;21.19;-18.92;25.55;-11.08;10.19;1.62;5.63;5.42;-9.10
1965-03-01;8.36;7.92;9.05;8.82;6.74;4.66;5.37;5.36;6.91;-3.35;9.00;2.98;1.46;9.50;6.14;7.10;9.62;1.10;20.80;25.49;2.73;17.83;6.33;7.68;20.86;-23.97;26.07;-4.32;14.21;7.03;10.43;9.91;-2.28
1965-04-01;9.47;10.06;11.03;10.52;9.10;6.98;8.77;8.36;9.12;1.48;11.05;5.35;4.39;10.75;8.81;9.22;12.29;3.65;20.07;25.82;8.60;20.84;11.09;2.89;17.76;-10.54;26.47;1.41;14.61;9.21;12.78;12.22;4.21
1965-05-01;12.23;13.45;14.86;14.83;13.45;11.16;13.26;12.72;13.10;6.83;14.79;10.02;9.38;14.63;12.56;13.09;17.37;9.13;21.81;24.85;17.92;23.36;17.10;-0.17;16.23;-7.74;27.21;9.22;15.12;13.23;16.45;15.99;13.77
1965-06-01;13.91;16.01;18.04;18.60;17.51;15.03;17.22;16.34;16.23;8.63;17.84;14.20;14.36;19.09;15.20;15.28;21.23;14.30;24.12;22.29;21.07;28.22;21.43;-2.55;13.65;-1.18;27.31;15.35;15.80;16.44;19.75;19.33;18.49
1965-07-01;14.89;16.69;18.80;19.06;17.80;15.29;17.21;16.14;15.99;10.34;18.69;14.55;14.93;21.16;15.39;15.58;22.22;14.50;26.21;21.69;23.23;27.09;24.02;-2.41;12.35;0.44;27.18;16.13;13.75;16.28;21.62;21.22;19.07
1965-08-01;15.61;16.81;19.07;19.23;17.74;15.47;17.19;16.50;16.87;8.98;18.93;14.50;14.56;20.74;16.37;16.54;21.96;14.38;26.54;21.90;22.83;26.81;25.82;-1.45;13.96;0.15;26.75;15.22;13.69;16.99;21.68;21.30;18.77
1965-09-01;13.24;13.78;15.63;15.54;14.01;11.92;13.71;13.24;13.46;5.84;15.66;10.50;10.51;17.71;13.55;13.50;17.88;9.97;26.95;22.56;19.58;25.84;21.80;-0.22;16.90;-2.82;27.31;12.76;13.94;13.49;18.12;17.64;14.88
1965-10-01;13.75;13.30;15.59;15.56;11.15;10.88;9.46;9.53;11.11;5.87;15.58;9.65;9.13;17.02;10.87;12.18;16.35;8.50;26.66;23.82;12.35;22.29;15.93;0.65;17.36;-9.18;26.68;3.49;12.05;11.20;17.48;16.79;7.79
1965-11-01;8.82;7.82;9.68;9.16;6.98;5.41;4.53;4.34;5.62;-2.64;10.02;3.99;2.39;12.67;4.56;6.36;10.67;1.74;25.64;23.16;6.89;17.66;12.49;4.30;18.61;-10.77;26.18;-6.07;12.22;5.76;12.64;11.92;-0.43
1965-12-01;9.52;8.19;8.96;7.78;5.34;4.41;5.32;5.04;6.09;-6.26;9.21;2.34;-0.23;9.87;5.51;6.96;8.61;-0.05;23.02;20.94;2.71;13.84;6.10;4.73;20.32;-15.21;26.05;-1.74;11.25;6.11;9.94;9.34;-4.44
1966-01-01;6.75;4.64;6.61;6.35;1.76;1.46;-1.56;-0.53;1.79;-5.41;6.62;-0.65;-3.64;7.56;1.21;2.48;7.04;-4.15;21.34;22.04;-1.47;13.16;2.78;7.52;21.26;-24.73;25.65;-10.28;10.11;1.76;7.91;7.34;-9.39
1966-02-01;9.95;9.79;10.98;9.87;7.77;6.95;7.86;7.78;8.23;-6.02;10.99;4.61;2.88;10.06;7.21;8.51;10.26;2.24;22.12;24.54;-1.04;14.60;5.96;5.74;21.38;-24.11;26.10;-9.35;10.33;8.43;10.82;10.24;-8.57
1966-03-01;8.58;7.19;7.84;7.46;5.50;3.49;5.22;5.07;6.22;-3.53;8.05;1.83;1.27;8.69;6.22;6.82;9.67;1.21;20.97;26.97;4.75;16.73;8.92;5.73;20.60;-24.84;26.85;-0.42;11.61;6.24;10.11;9.67;-0.87
1966-04-01;10.99;11.26;12.76;12.18;11.40;9.16;11.72;10.79;10.72;1.39;12.84;7.46;6.62;12.18;9.30;10.46;13.36;6.13;21.50;27.88;8.54;22.22;12.88;3.59;18.91;-13.33;27.29;8.14;14.57;10.88;13.78;13.20;5.12
1966-05-01;12.09;13.30;15.23;14.77;14.48;11.76;14.82;14.01;13.08;4.57;15.15;10.57;10.09;15.25;12.78;12.46;16.38;9.76;22.61;26.75;14.37;24.41;16.99;0.25;15.54;-9.73;27.40;14.70;15.84;13.23;16.71;16.24;11.09
1966-06-01;14.81;16.82;18.15;18.50;17.99;15.67;18.40;17.48;17.58;9.32;18.04;14.10;14.16;19.27;16.97;16.71;21.06;14.45;24.62;23.17;22.03;27.05;19.99;-4.82;13.37;-1.24;27.21;15.93;15.39;17.71;20.51;20.04;19.21
1966-07-01;15.54;17.14;18.67;18.87;17.70;15.23;17.13;16.20;16.55;10.00;18.56;14.15;14.12;19.32;16.05;16.04;21.47;13.96;26.30;22.14;25.15;27.19;24.28;-6.34;12.21;1.39;26.99;18.69;14.71;16.76;21.02;20.61;21.34
1966-08-01;16.11;17.33;19.82;20.05;18.10;15.45;17.10;16.82;16.89;10.21;19.56;14.79;14.60;20.10;16.31;16.45;22.07;14.21;26.98;22.28;23.70;27.41;25.99;-1.83;13.26;-0.06;26.92;16.67;14.80;17.00;21.09;20.84;19.53
1966-09-01;16.37;17.47;19.39;19.81;17.25;15.25;15.72;15.43;15.93;7.49;19.34;14.56;14.15;19.04;14.88;16.09;21.67;13.53;26.77;21.96;18.60;25.71;22.36;-0.75;14.86;-4.17;26.82;9.32;14.24;16.00;20.55;20.15;13.35
1966-10-01;12.78;12.77;14.38;14.22;13.72;11.35;13.47;13.15;12.19;1.68;14.45;9.84;9.79;16.46;11.94;11.94;15.69;9.45;27.03;21.54;12.27;24.43;17.50;1.47;16.33;-12.54;26.49;5.45;12.98;12.26;17.60;17.01;8.42
1966-11-01;8.58;6.23;7.20;6.82;4.24;2.15;2.97;3.28;5.08;-2.53;7.37;0.51;-1.34;9.92;5.07;6.17;8.45;-1.31;26.41;20.90;8.61;21.94;11.39;5.39;18.79;-14.45;26.40;-1.92;10.83;5.04;9.57;9.13;4.03
1966-12-01;9.61;7.82;8.30;7.31;3.99;3.29;4.13;3.96;5.91;-5.40;8.53;1.18;-1.80;8.21;5.43;7.15;8.48;-1.80;24.13;19.54;1.29;14.22;4.78;7.15;20.13;-8.33;26.05;-10.77;10.24;5.92;8.64;8.06;-5.37
1967-01-01;8.13;5.53;4.70;3.88;2.64;0.95;1.95;2.18;3.55;-0.18;4.99;-0.55;-2.59;7.26;4.01;5.41;6.41;-3.26;22.59;21.26;1.38;11.81;3.40;6.94;21.81;-22.65;25.66;-15.14;10.00;3.50;7.77;7.35;-5.65
1967-02-01;7.89;6.63;7.17;7.28;4.92;3.56;4.31;4.07;5.81;0.55;7.29;2.17;0.65;8.43;5.80;6.53;8.74;-0.49;20.26;22.94;-2.58;13.20;2.23;6.90;20.97;-18.66;25.55;-11.27;12.00;5.74;9.47;8.90;-13.19
1967-03-01;8.42;7.93;9.70;9.72;7.96;5.98;7.24;6.74;7.32;-4.81;9.61;4.60;3.78;10.49;7.36;7.82;11.62;3.02;20.44;25.14;1.14;14.68;8.64;4.80;19.93;-14.73;26.15;-0.48;13.27;7.34;11.73;11.25;-5.06
1967-04-01;9.21;9.57;10.96;10.59;9.19;6.82;8.52;7.76;8.36;1.31;10.96;5.69;5.25;11.36;8.03;8.49;13.16;4.19;19.80;26.73;8.85;20.68;13.67;3.31;18.88;-11.07;26.67;5.81;14.93;8.50;13.22;12.71;4.48
1967-05-01;11.23;12.40;14.35;14.42;13.74;11.02;13.83;12.81;12.39;4.96;14.32;9.75;9.41;14.98;12.50;12.30;16.14;9.35;21.34;26.31;12.36;23.65;19.00;-1.38;16.02;-5.26;27.27;16.23;15.69;12.45;16.37;15.93;9.79
1967-06-01;14.09;16.19;17.71;17.25;16.52;13.78;16.28;15.56;15.22;8.56;17.70;12.56;12.81;17.30;14.70;14.92;20.01;12.94;24.81;24.03;21.47;26.97;22.63;-4.44;15.54;-0.18;27.03;16.00;15.74;15.42;18.99;18.71;19.84
1967-07-01;16.31;19.42;21.57;22.65;21.36;18.97;20.93;20.09;19.27;9.89;21.16;17.96;17.95;22.79;18.52;18.60;25.03;17.53;26.63;22.37;23.60;27.01;25.98;-4.53;12.97;2.23;26.98;17.60;15.19;19.55;23.98;23.61;21.19
1967-08-01;16.13;17.94;20.16;21.52;19.36;16.46;18.32;17.64;17.11;9.84;20.01;15.90;16.20;22.23;16.83;17.14;23.99;15.80;26.78;22.41;22.55;27.78;27.58;-5.62;13.13;1.17;27.24;18.22;14.72;17.30;23.29;22.93;19.41
1967-09-01;14.84;15.40;17.44;18.28;15.62;13.39;15.04;14.34;14.85;7.60;17.41;12.32;12.18;18.64;14.75;15.12;19.78;11.94;26.60;22.69;18.33;25.52;22.67;-0.67;14.87;-1.23;26.94;11.30;13.77;14.91;19.51;19.07;14.59
1967-10-01;13.25;13.58;15.70;16.58;14.08;12.48;13.13;12.49;12.62;1.79;15.77;11.19;10.39;17.22;12.41;13.07;17.97;9.88;27.06;22.55;13.23;22.40;16.54;1.84;17.49;-8.91;26.57;8.48;12.27;12.68;18.12;17.59;8.83
1967-11-01;9.50;7.65;10.07;10.69;6.52;5.71;4.67;4.61;5.73;-1.17;10.23;5.20;3.28;13.91;5.19;6.72;12.66;2.46;24.33;20.79;5.40;18.04;11.45;5.50;18.47;-10.81;25.81;-0.05;11.74;5.79;13.80;13.22;0.17
1967-12-01;8.25;5.07;4.63;3.57;0.98;-0.66;0.60;0.74;3.10;-2.76;5.02;-1.92;-4.60;8.54;3.87;5.32;6.40;-5.18;21.59;21.71;2.74;14.27;5.67;7.16;19.64;-16.51;25.37;-10.41;11.13;2.92;6.94;6.86;-5.26
1968-01-01;8.39;6.10;6.32;5.90;1.35;1.29;0.76;0.98;3.72;-3.53;6.55;-0.67;-2.87;7.12;3.37;5.73;7.83;-2.88;19.64;21.39;-4.09;12.40;4.21;7.32;21.29;-18.40;25.51;-16.43;10.06;3.72;7.38;6.97;-13.91
1968-02-01;6.05;5.21;7.49;6.95;5.12;3.13;3.29;2.85;3.31;-3.80;7.48;1.65;0.73;8.92;2.28;3.86;8.41;0.44;19.14;23.51;-2.33;14.34;1.76;6.45;22.17;-17.51;26.07;-9.71;9.63;3.45;9.82;9.29;-11.70
1968-03-01;8.21;7.78;8.68;8.52;7.12;4.99;6.49;5.89;6.97;-1.99;8.79;3.57;2.85;9.64;6.84;7.49;10.10;2.03;19.28;25.35;4.59;16.04;9.32;5.62;21.64;-21.22;26.21;-2.54;12.60;6.96;11.06;10.61;-1.14
1968-04-01;9.12;9.88;12.23;12.27;11.24;8.65;10.86;9.91;9.89;1.49;12.13;7.59;7.36;12.81;9.39;9.54;13.48;6.45;19.37;25.54;11.67;21.39;13.63;4.28;20.11;-15.60;26.80;5.37;14.00;10.00;13.96;13.46;8.59
1968-05-01;11.03;11.97;13.74;13.83;12.95;9.99;12.56;11.59;11.18;5.14;13.74;8.91;9.42;14.76;10.97;11.11;16.34;9.58;20.99;25.25;14.74;25.75;17.17;0.86;15.37;-6.90;27.29;11.96;14.69;11.26;16.25;15.75;12.48
1968-06-01;14.41;16.50;17.90;17.90;17.03;14.42;16.62;15.83;15.76;9.06;17.89;13.28;13.77;17.89;15.15;15.75;20.19;13.47;23.00;23.82;20.64;28.51;21.53;-1.47;12.79;-0.77;27.31;17.71;14.90;15.82;19.47;18.92;16.99
1968-07-01;15.75;18.06;20.18;20.35;19.40;16.17;17.82;17.36;17.01;10.98;20.18;15.67;15.94;21.42;16.17;16.84;22.76;15.48;25.79;22.48;24.94;28.36;24.68;-1.88;12.00;1.32;27.36;15.68;14.37;17.19;22.03;21.78;21.18
1968-08-01;16.49;18.11;19.17;19.38;17.33;15.04;17.18;16.64;16.97;9.72;19.32;13.97;13.84;19.67;16.91;16.95;22.01;13.40;26.75;23.01;24.09;27.51;26.24;-1.36;13.75;0.65;27.19;17.36;14.86;17.01;21.01;20.56;18.24
1968-09-01;15.13;15.42;16.97;17.29;15.13;13.20;14.44;14.00;14.87;9.07;17.06;11.96;11.73;18.30;14.78;15.25;19.79;11.51;27.24;23.08;20.18;25.76;21.82;0.05;15.58;-4.20;27.23;10.38;14.66;14.86;19.28;18.79;16.39
1968-10-01;14.49;14.13;15.53;15.80;13.34;12.33;11.72;11.83;12.87;1.99;15.65;11.04;10.39;16.36;13.04;13.85;17.96;9.93;27.80;22.45;14.46;22.37;16.00;1.77;18.17;-15.83;26.51;2.60;13.34;12.91;17.86;17.29;10.59
1968-11-01;10.64;7.95;10.07;9.85;6.18;5.25;4.31;4.22;5.51;4.00;10.20;4.44;2.46;12.26;5.42;6.98;11.78;2.19;25.77;21.82;7.41;18.41;12.64;4.45;20.00;-18.51;26.09;-3.16;12.30;5.46;12.40;11.83;0.20
1968-12-01;8.44;5.03;6.84;6.82;2.73;1.55;-0.26;0.24;1.40;-1.11;7.04;0.73;-1.50;8.98;0.88;3.76;8.61;-1.70;23.39;20.99;-0.09;14.57;9.18;6.19;19.58;-20.95;25.99;-5.70;10.79;1.50;9.16;8.64;-8.44
1969-01-01;8.95;6.96;7.20;6.94;4.20;3.01;1.94;3.18;5.25;-4.12;7.33;1.36;-1.66;8.08;5.65;6.81;8.48;-2.04;21.61;21.20;-1.35;11.92;4.82;6.79;22.50;-17.50;26.30;-17.52;10.91;5.14;8.92;8.38;-8.53
1969-02-01;5.60;3.73;4.73;4.48;2.24;-0.50;-0.01;-0.14;1.97;-5.82;4.92;-1.87;-3.27;6.79;1.67;3.31;6.37;-3.39;21.01;23.79;-1.00;16.52;5.00;6.24;21.45;-17.42;26.41;-14.52;12.92;2.05;7.10;6.49;-6.38
1969-03-01;8.01;7.81;9.27;9.31;7.07;5.05;4.87;4.73;6.19;-1.00;9.37;3.71;3.21;9.14;4.88;6.76;10.38;2.11;21.51;26.53;2.62;19.84;6.27;5.83;20.92;-22.92;27.05;-8.45;14.18;6.32;10.78;10.15;-3.23
1969-04-01;9.70;10.34;12.01;11.72;9.81;7.66;8.85;8.29;9.29;1.49;12.02;6.52;6.11;11.38;8.48;9.36;13.25;5.03;21.88;27.63;11.85;19.64;13.74;2.79;19.13;-18.66;27.29;5.53;15.56;9.44;13.06;12.59;4.81
1969-05-01;12.05;13.25;15.25;15.25;14.56;12.22;14.67;13.59;13.25;6.66;15.21;10.72;10.75;15.72;13.13;12.89;16.36;11.05;23.31;25.81;17.14;24.38;18.77;-1.27;15.31;-4.95;27.72;10.59;16.57;13.37;16.19;15.81;11.51
1969-06-01;14.19;15.82;16.52;16.83;15.46;12.90;15.27;14.65;15.33;10.01;16.57;11.60;12.00;16.42;15.00;15.11;18.63;11.99;24.99;24.26;21.74;28.33;21.27;-3.17;13.52;-1.48;27.53;14.24;17.80;15.35;18.05;17.64;18.21
1969-07-01;16.42;19.86;21.82;21.85;20.11;17.66;20.03;19.35;18.83;9.14;21.79;16.25;16.32;20.22;18.07;18.02;23.28;16.30;27.03;23.02;22.98;26.65;24.33;-3.97;13.09;2.13;27.46;17.49;15.54;19.05;21.95;21.57;20.52
1969-08-01;16.42;18.69;20.10;20.36;18.60;16.26;17.96;17.53;17.29;11.11;20.19;15.13;14.98;20.98;17.19;17.71;22.70;14.84;27.01;23.25;24.08;27.07;26.82;-2.82;14.48;1.18;26.56;15.85;14.68;17.38;22.41;21.99;20.90
1969-09-01;15.35;16.51;16.86;17.10;16.41;13.78;15.64;15.07;15.55;5.77;17.11;12.81;13.13;18.57;15.34;15.90;18.99;12.87;27.18;23.02;19.43;26.86;22.52;-0.74;13.68;0.17;26.96;9.64;13.96;15.62;19.65;19.27;14.10
1969-10-01;14.70;14.22;15.00;14.93;11.75;10.80;10.71;10.46;12.20;4.31;15.18;9.71;9.67;16.68;12.98;13.76;16.37;9.35;27.16;22.73;13.26;23.58;16.32;-0.24;16.37;-3.36;26.63;4.10;13.94;12.25;17.92;17.54;8.08
1969-11-01;9.86;8.50;8.89;8.49;7.02;4.86;6.66;6.13;6.99;-3.99;9.39;3.84;2.63;12.31;7.15;8.04;10.72;2.25;26.39;22.21;7.40;19.24;11.91;3.85;17.92;-12.10;26.33;1.02;12.35;6.91;12.65;12.07;3.30
1969-12-01;8.06;4.24;4.60;3.90;-0.58;-2.16;-3.37;-3.03;0.59;-1.61;4.82;-3.47;-6.06;7.43;0.49;3.73;5.91;-6.57;23.66;20.58;0.40;14.72;5.99;7.22;20.36;-12.12;25.66;-9.89;11.18;0.47;6.00;5.82;-7.64
1970-01-01;8.19;5.75;7.10;6.98;4.58;2.70;0.30;1.28;4.28;-1.59;7.06;1.44;-0.60;9.23;3.79;5.79;8.83;-1.16;21.39;21.87;-5.19;14.50;3.11;7.02;21.63;-16.40;25.75;-11.28;10.45;4.14;9.42;8.86;-15.40
1970-02-01;7.57;6.55;8.06;7.40;4.01;2.68;2.42;2.10;4.02;-4.08;8.18;1.32;-0.42;7.95;3.56;5.32;9.11;-0.79;21.37;23.32;-0.39;15.31;5.24;6.39;21.96;-19.64;26.08;-9.25;11.03;4.05;9.05;8.46;-9.07
1970-03-01;6.91;5.93;6.81;6.57;4.17;1.66;3.04;2.65;4.36;-3.29;6.97;0.33;-0.29;7.90;3.77;5.35;8.14;-0.22;20.95;26.10;2.62;18.70;4.98;5.07;20.27;-13.36;27.10;-3.54;14.42;4.34;8.86;8.33;-3.05
1970-04-01;8.74;8.42;10.17;10.10;8.45;6.12;7.75;6.71;7.41;1.87;10.14;5.01;3.56;10.63;6.82;8.19;12.16;2.86;22.58;27.32;9.75;21.94;12.57;1.40;18.86;-15.13;27.25;5.16;18.25;7.49;11.92;11.42;5.42
1970-05-01;12.25;13.73;15.58;14.52;13.63;11.67;12.97;12.50;13.39;6.41;15.56;9.97;8.96;13.76;13.41;13.27;16.06;7.61;22.97;25.00;16.73;24.60;18.83;-2.81;14.44;-4.47;27.49;12.08;15.94;13.50;15.96;15.45;12.99
1970-06-01;15.70;18.03;19.87;19.51;19.09;16.43;18.53;17.76;17.89;8.62;19.87;15.30;14.57;19.14;17.59;17.28;21.45;14.84;25.22;23.83;21.08;26.31;20.54;-2.79;13.63;-0.04;27.86;15.46;14.88;18.03;21.26;20.75;19.01
1970-07-01;15.37;17.45;20.79;20.51;19.02;16.59;17.86;16.88;16.83;8.60;20.48;15.78;15.64;20.69;16.39;16.58;23.49;15.29;26.28;22.69;24.17;27.79;24.82;-3.35;12.32;1.81;27.22;18.98;14.25;17.06;22.07;21.75;21.85
1970-08-01;16.17;18.20;20.35;20.84;19.34;16.83;18.53;17.72;17.73;9.81;20.20;15.92;15.83;21.60;17.32;17.45;22.39;15.36;26.81;22.14;24.43;27.68;26.25;-2.03;13.09;1.07;27.02;15.89;14.92;17.81;22.50;22.15;20.36
1970-09-01;15.76;16.97;18.93;19.90;16.44;14.88;15.37;14.88;15.97;7.08;18.97;13.86;14.10;20.43;15.39;16.27;21.58;13.36;27.03;22.56;20.77;25.98;23.26;0.38;14.02;-1.40;26.88;10.88;14.16;16.02;21.22;20.85;14.97
1970-10-01;12.62;11.23;12.51;13.31;10.17;8.73;10.16;9.91;10.92;3.10;12.72;7.98;7.22;15.55;11.57;11.87;15.25;6.54;27.41;22.54;14.63;22.02;16.96;2.09;17.62;-6.48;27.02;4.99;14.01;10.86;16.21;15.79;10.15
1970-11-01;11.57;10.49;11.74;11.48;8.55;7.48;7.67;7.35;8.43;-2.07;11.91;6.04;4.03;12.65;8.54;9.77;12.92;2.76;25.65;21.39;8.85;17.97;11.49;5.49;18.12;-14.37;26.46;-2.82;11.41;8.41;13.67;13.08;3.56
1970-12-01;6.99;3.06;3.97;3.89;1.00;-0.66;0.75;0.79;2.12;0.34;4.11;-1.07;-2.95;9.03;3.10;3.47;6.40;-4.24;24.30;19.29;0.96;13.14;5.75;5.71;20.86;-15.96;26.09;-6.50;11.49;2.00;8.48;8.14;-10.39
1971-01-01;8.20;5.52;6.83;5.81;0.74;1.40;0.39;0.58;3.23;-5.89;6.87;0.13;-3.71;8.17;3.85;4.99;6.99;-4.07;22.00;21.17;-3.94;14.78;3.77;6.18;21.58;-24.17;25.56;-4.30;11.62;3.12;8.05;7.65;-13.16
1971-02-01;7.34;5.11;5.73;5.84;3.26;0.61;2.40;2.49;4.25;-1.11;5.89;-0.40;-0.85;8.27;4.57;5.32;8.41;-1.38;20.21;23.21;0.33;14.59;4.77;5.98;22.21;-13.06;25.64;-10.27;11.95;4.20;8.74;8.47;-7.75
1971-03-01;6.88;5.11;5.67;5.11;2.85;0.47;2.79;2.40;3.78;0.74;5.80;-1.47;-1.48;6.85;4.04;5.23;7.19;-1.95;19.56;24.96;3.62;18.29;7.54;4.88;21.27;-17.86;26.27;-5.09;13.87;3.72;8.10;7.71;-3.68
1971-04-01;9.61;11.45;13.35;13.00;12.11;9.80;11.55;10.60;10.38;2.69;13.33;8.54;8.15;12.21;8.66;9.73;13.86;7.68;19.49;26.25;9.20;19.91;13.14;2.61;18.50;-13.85;27.33;3.16;14.34;10.66;14.14;13.55;3.08
1971-05-01;11.91;13.77;15.50;15.22;15.01;12.53;15.90;15.21;14.50;6.43;15.56;10.91;10.81;14.64;13.84;13.10;16.40;11.45;20.72;25.33;14.98;25.97;17.55;-1.03;15.46;-4.07;27.32;12.39;16.38;14.61;16.70;16.08;13.45
1971-06-01;13.53;15.06;16.50;17.06;16.39;13.77;15.57;14.69;14.45;9.32;16.54;12.68;12.87;16.98;14.02;14.03;19.36;12.43;23.17;22.66;21.92;27.11;21.38;-3.40;13.06;0.37;27.39;16.32;14.84;14.61;19.11;18.53;18.53
1971-07-01;17.45;20.38;22.35;22.08;20.94;18.40;20.69;20.15;19.08;10.90;22.36;17.46;17.51;21.79;18.11;18.76;23.89;17.32;25.76;22.69;24.29;27.37;25.59;-5.21;12.14;2.42;27.19;16.94;14.07;19.33;23.45;23.04;20.49
1971-08-01;16.59;17.80;19.73;21.41;20.07;17.37;19.45;18.19;17.44;9.99;19.72;16.92;17.48;23.53;17.33;17.37;24.17;16.82;26.50;22.62;23.61;28.24;26.46;-1.40;13.34;1.44;26.30;16.24;13.72;17.56;24.25;23.92;19.12
1971-09-01;16.14;16.43;17.64;18.37;15.53;13.41;14.19;13.92;14.64;7.84;17.72;12.58;12.43;18.63;14.37;15.57;20.41;11.71;27.16;22.96;21.24;26.19;21.34;0.22;16.02;-1.63;26.88;10.47;14.51;14.72;20.52;20.06;16.87
1971-10-01;14.06;12.57;14.48;14.99;11.58;10.36;10.83;10.24;10.70;3.41;14.53;9.63;9.33;15.67;10.80;12.17;16.59;8.81;27.97;22.05;16.25;22.40;15.70;2.61;17.54;-8.86;26.96;2.87;13.40;10.82;17.51;16.92;11.01
1971-11-01;9.62;6.92;6.83;6.26;4.41;2.24;4.09;4.14;5.43;-0.61;7.25;1.07;0.50;10.75;6.27;7.20;8.39;-0.07;25.42;20.48;7.26;17.84;11.63;4.52;17.41;-19.27;26.12;-1.30;11.78;5.30;10.45;10.21;0.20
1971-12-01;8.70;5.42;6.10;7.12;2.83;2.21;2.90;3.09;4.42;-1.28;6.13;1.99;-1.71;9.38;5.55;5.79;9.09;-2.28;23.03;19.41;4.33;14.01;7.46;5.19;19.97;-14.36;25.48;-6.22;10.80;4.23;10.09;9.52;-6.54
1972-01-01;7.12;4.72;6.05;6.10;3.33;1.61;0.37;0.65;2.69;2.03;6.20;0.23;-1.23;8.09;2.56;4.42;7.56;-2.02;20.66;19.84;1.05;12.78;6.33;7.44;20.61;-6.46;25.52;-16.05;10.82;2.69;8.70;8.14;-8.71
1972-02-01;7.88;6.71;8.00;8.15;6.68;4.65;4.04;4.25;5.15;0.82;8.04;2.79;1.48;9.22;4.46;5.91;9.42;1.21;19.65;23.04;-1.31;14.53;5.02;6.33;21.27;-14.73;26.12;-8.59;10.90;5.21;10.57;9.85;-10.97
1972-03-01;8.77;8.98;10.51;9.91;8.32;6.52;7.62;6.96;8.07;0.70;10.54;4.87;4.12;10.54;7.37;8.49;10.92;3.43;18.95;25.01;3.71;17.34;9.26;4.76;19.81;-11.77;26.49;-3.95;12.72;8.22;11.71;11.13;-4.75
1972-04-01;9.55;9.79;10.93;10.41;9.21;6.58;9.11;8.20;8.87;2.30;11.02;5.23;5.30;10.89;8.49;9.19;12.21;4.74;19.49;26.51;8.54;23.24;13.68;3.26;17.99;-14.26;26.86;5.12;16.28;8.95;12.60;12.09;2.26
1972-05-01;10.68;11.61;13.32;13.48;13.00;10.32;12.71;11.73;11.86;7.90;13.22;9.03;8.98;13.67;11.69;11.48;15.43;9.49;20.88;24.83;16.06;24.51;18.52;-1.64;15.71;-3.98;27.33;12.42;16.04;11.96;15.45;14.91;14.44
1972-06-01;12.02;13.71;15.62;16.47;15.81;13.07;15.47;14.34;13.71;8.44;15.53;12.27;12.80;17.52;13.48;13.13;18.55;12.71;24.64;24.44;19.75;27.46;21.48;-3.38;13.61;1.43;27.31;18.85;15.24;13.83;18.37;17.96;18.25
1972-07-01;15.31;18.01;20.65;20.72;19.11;16.32;18.65;17.86;17.44;9.53;20.41;15.23;15.49;19.76;17.02;16.67;23.18;15.28;25.97;22.96;24.57;27.83;25.31;-4.29;12.60;2.71;28.01;22.33;14.23;17.61;21.85;21.57;20.81
1972-08-01;15.56;17.05;18.44;19.35;18.18;15.06;17.22;16.41;16.23;8.83;18.49;14.23;14.50;19.41;15.83;16.32;21.22;14.21;27.12;22.90;23.17;28.46;26.51;-2.47;13.88;2.30;27.26;20.87;13.90;16.34;20.55;20.24;18.38
1972-09-01;13.64;13.74;15.32;15.25;13.01;10.26;11.94;11.46;12.42;7.79;15.48;9.47;9.69;16.74;12.53;13.17;16.94;9.14;27.46;23.40;19.80;27.35;22.89;-0.50;16.26;0.31;27.07;10.79;14.24;12.46;17.71;17.25;15.18
1972-10-01;12.52;11.59;13.27;13.48;10.53;8.71;8.45;8.47;9.95;3.82;13.36;7.96;8.04;14.60;10.08;10.95;14.95;7.12;27.56;22.79;11.40;23.54;18.04;0.38;17.50;-5.61;26.98;4.67;13.84;9.95;15.74;15.16;6.06
1972-11-01;10.00;8.14;10.02;10.21;7.41;6.01;5.72;5.22;6.50;-1.46;10.23;5.12;3.42;12.68;6.57;7.73;12.12;2.62;25.99;21.67;6.61;18.04;11.91;5.24;18.71;-5.36;26.87;-0.70;13.77;6.45;13.18;12.61;0.42
1972-12-01;9.05;6.54;6.47;6.81;3.00;2.87;1.08;1.32;4.36;-1.01;6.77;2.35;-1.10;10.16;4.50;6.10;8.72;-2.44;22.45;20.36;3.28;13.33;7.42;6.98;21.55;-11.53;26.31;-1.46;10.81;4.23;10.58;9.93;-8.14
1973-01-01;6.90;4.26;4.62;4.59;1.12;0.55;-0.06;0.16;2.64;1.51;4.77;-0.67;-2.39;8.49;3.59;4.04;7.17;-2.81;20.64;21.31;0.93;12.80;5.78;6.00;22.22;-10.18;26.30;-11.62;11.20;2.50;8.22;7.92;-7.26
1973-02-01;7.00;4.42;5.28;4.75;2.56;0.20;1.79;1.77;3.11;-3.44;5.45;-1.20;-2.11;7.28;3.75;4.35;7.27;-2.88;19.64;23.55;-0.33;16.03;6.48;6.23;22.09;-18.92;26.75;-3.93;13.42;2.97;7.22;6.80;-9.68
1973-03-01;7.82;6.73;8.17;7.39;5.68;3.10;5.11;4.94;5.84;0.79;8.15;1.22;1.37;8.07;5.93;6.38;9.21;0.79;20.17;26.00;6.79;16.77;7.42;5.92;21.13;-16.55;27.05;-2.40;15.87;5.88;9.67;9.34;2.10
1973-04-01;8.69;8.41;10.53;10.00;7.63;5.27;7.16;6.77;7.56;2.22;10.63;3.71;3.14;9.74;7.16;8.01;12.35;2.70;20.86;28.20;11.03;20.56;15.34;0.69;19.36;-9.61;27.72;7.48;15.95;7.66;11.42;10.83;7.05
1973-05-01;12.19;13.76;16.51;16.81;15.24;12.99;14.89;13.70;13.14;4.66;16.41;11.38;11.35;15.62;12.58;12.88;17.42;11.20;22.79;26.44;14.55;24.37;17.74;-0.74;16.41;-6.28;27.65;12.75;15.66;13.27;16.53;16.10;12.48
1973-06-01;14.67;17.30;18.94;18.86;18.28;15.47;17.76;17.20;17.03;7.44;19.06;14.21;14.65;18.68;16.15;16.09;21.05;14.63;26.16;23.90;22.31;27.00;20.25;-5.96;13.50;0.48;27.82;17.82;15.51;17.19;20.42;20.03;19.60
1973-07-01;15.71;18.06;19.71;20.49;19.66;16.34;18.50;18.19;17.50;9.78;19.74;15.74;16.05;20.86;16.80;16.81;23.98;15.58;26.47;23.10;24.60;28.70;25.94;-7.38;13.88;2.48;27.74;18.03;13.94;17.69;22.56;22.16;22.16
1973-08-01;17.21;20.03;22.17;22.59;21.10;18.60;19.84;20.01;19.85;9.54;22.19;17.52;17.46;22.14;18.62;18.84;24.53;16.95;26.90;22.25;24.39;27.18;28.39;-2.01;13.40;1.11;27.12;15.54;13.76;20.09;23.90;23.61;22.04
1973-09-01;15.90;17.02;18.58;19.12;17.22;14.81;16.14;16.30;16.22;7.82;18.79;13.67;13.79;20.30;15.38;16.11;20.68;13.40;27.40;22.88;19.76;26.33;22.90;-0.36;16.05;-1.06;26.97;7.21;14.43;16.41;20.80;20.44;14.36
1973-10-01;12.13;11.18;12.09;12.22;9.53;7.96;9.05;8.90;9.93;3.97;12.30;7.22;7.13;15.72;9.89;10.75;14.71;6.62;27.43;22.83;14.27;23.69;16.95;2.21;17.53;-8.40;26.88;2.94;12.96;9.98;15.27;15.01;9.40
1973-11-01;10.48;7.81;8.55;9.05;5.94;4.57;4.92;4.87;5.82;-3.91;8.88;3.69;2.93;11.44;6.24;7.71;11.49;2.01;25.97;21.31;8.12;17.16;11.04;4.32;19.07;-16.14;26.61;-2.60;11.56;5.87;11.73;11.28;1.32
1973-12-01;8.81;5.34;5.45;5.37;2.74;1.39;1.09;1.38;3.87;-6.38;5.67;0.42;-2.40;8.39;4.45;5.85;8.14;-3.11;23.06;20.36;3.75;14.85;5.18;6.27;20.93;-18.60;25.60;-6.48;9.58;3.66;8.50;8.10;-5.04
1974-01-01;9.34;7.90;8.42;7.54;6.34;4.95;5.06;5.35;6.54;-0.35;8.56;3.54;1.52;9.13;6.48;7.35;9.23;0.56;21.04;20.61;0.36;11.55;3.15;6.28;22.25;-8.92;25.40;-11.53;11.15;6.53;10.11;9.52;-9.70
1974-02-01;8.14;6.76;7.48;6.97;5.56;2.84;4.86;4.50;5.17;-1.82;7.74;1.10;1.11;8.87;5.35;6.49;8.43;0.99;19.76;22.61;-0.81;14.63;4.18;7.21;21.70;-13.25;25.50;-2.24;12.07;5.15;9.69;9.30;-10.36
1974-03-01;8.15;8.02;9.32;9.28;8.21;5.61;7.88;7.16;6.78;2.99;9.34;4.38;3.87;9.87;6.33;6.88;10.75;3.74;18.85;26.00;5.17;18.24;6.95;5.26;20.87;-9.97;26.11;-1.40;13.27;6.90;11.39;10.84;-3.79
1974-04-01;9.47;10.00;11.15;10.75;9.87;7.25;9.95;9.45;9.78;6.17;11.30;5.86;5.87;10.56;9.67;9.54;12.38;5.60;19.09;27.69;11.91;21.87;14.35;2.68;19.50;-13.18;27.17;3.25;14.24;9.85;12.58;11.98;5.21
1974-05-01;11.44;12.52;14.56;14.67;13.42;10.92;13.09;12.22;12.19;7.58;14.55;9.80;9.84;13.95;11.96;11.89;16.62;10.00;20.81;25.40;15.85;24.45;18.76;-0.37;16.22;-5.67;27.35;9.42;15.82;12.31;15.68;15.11;10.77
1974-06-01;14.54;16.35;18.71;18.16;16.80;14.31;16.16;15.21;15.60;8.81;18.75;13.20;13.31;17.73;15.06;15.36;20.90;12.88;23.23;24.04;20.24;27.40;21.72;-3.00;13.16;0.59;27.42;16.22;14.79;15.71;19.51;19.01;18.89
1974-07-01;15.45;17.57;20.08;19.75;19.25;16.63;17.69;16.58;16.74;10.66;19.98;15.69;15.76;20.16;16.00;16.39;23.31;15.46;25.61;22.51;24.26;28.13;23.41;-4.96;12.76;3.00;26.96;18.16;13.55;17.01;21.84;21.45;20.85
1974-08-01;15.86;18.05;20.42;20.11;20.04;17.06;19.17;18.42;18.09;9.51;20.41;16.04;16.39;21.40;16.74;17.12;22.79;15.91;26.58;22.31;23.84;27.68;26.88;-3.80;12.82;2.38;27.23;15.81;14.82;18.34;22.56;22.24;19.65
1974-09-01;13.52;14.36;16.63;16.40;15.34;12.68;14.96;14.18;13.84;5.51;16.67;11.63;11.82;18.28;13.29;13.63;18.57;11.35;27.12;22.54;19.11;27.03;22.51;-0.52;14.11;-0.76;26.56;12.66;14.32;13.96;18.82;18.43;13.91
1974-10-01;10.19;8.74;9.70;9.34;7.23;5.03;6.51;6.23;7.65;4.02;10.05;3.48;2.42;11.24;7.91;8.55;11.56;1.73;27.08;21.91;11.29;25.17;17.49;1.89;16.35;-4.34;27.05;8.06;12.34;7.59;11.65;11.12;6.00
1974-11-01;10.48;9.35;10.10;9.44;7.35;5.87;6.17;6.25;7.64;0.63;10.37;3.89;2.30;10.57;7.36;8.67;11.47;1.23;25.17;20.90;8.03;18.79;10.69;4.22;17.58;-8.37;26.47;1.19;11.25;7.63;11.35;10.83;1.21
1974-12-01;10.43;8.67;8.76;8.18;6.67;4.88;6.11;6.01;7.60;-4.86;9.16;3.45;0.62;8.90;8.02;8.91;10.02;0.07;23.22;19.59;3.80;13.42;5.82;6.98;20.47;-8.74;26.08;-3.01;10.98;7.46;10.08;9.49;-3.64
1975-01-01;9.50;7.77;8.38;7.58;5.88;4.64;5.37;5.64;6.94;-5.92;8.56;3.24;0.95;9.04;7.13;8.03;9.78;0.22;21.92;20.54;2.57;12.48;3.68;8.23;21.42;-15.85;25.93;-4.45;10.05;6.84;10.15;9.65;-7.51
1975-02-01;8.62;7.25;8.70;8.37;4.57;3.74;3.26;3.20;5.15;1.70;8.83;2.55;1.08;8.34;4.32;6.47;9.78;0.60;20.54;23.68;1.35;14.05;3.96;6.37;21.28;-14.13;26.08;-7.40;11.32;5.22;9.86;9.34;-8.05
1975-03-01;7.31;6.30;7.52;7.17;5.70;2.99;5.12;4.46;4.89;-0.54;7.63;1.67;1.52;8.31;5.00;5.87;9.21;1.24;20.16;25.85;4.05;17.70;7.57;5.92;20.62;-17.66;26.83;0.25;15.17;4.89;9.60;8.99;-3.48
1975-04-01;9.11;9.54;11.38;10.98;9.88;7.42;9.33;8.53;8.75;1.28;11.36;6.30;5.49;10.92;8.09;8.82;13.43;5.19;19.51;28.70;8.12;22.89;13.99;2.17;18.05;-11.67;27.25;9.33;17.19;8.85;12.62;12.13;3.05
1975-05-01;11.34;12.18;14.09;13.80;12.77;10.14;13.25;12.09;11.44;5.82;14.19;9.02;8.95;14.27;11.21;11.24;15.78;9.01;20.24;26.10;17.71;24.21;18.02;0.71;16.06;-6.51;27.54;15.64;15.23;11.52;15.61;15.08;17.23
1975-06-01;15.06;16.95;18.61;17.79;16.21;13.96;16.00;15.61;15.24;7.57;18.73;12.79;12.45;16.78;14.81;15.41;20.25;12.59;23.59;23.42;21.38;27.48;21.58;-3.40;13.52;-0.65;27.70;17.26;14.69;15.38;18.74;18.22;19.64
1975-07-01;17.15;19.08;21.74;21.34;19.56;17.35;19.31;18.85;18.38;9.46;21.55;16.38;16.58;20.94;17.92;18.31;24.51;16.39;25.80;22.17;24.57;28.33;25.27;-5.08;13.19;2.32;26.85;18.31;14.00;18.53;22.53;22.14;23.06
1975-08-01;17.83;20.22;21.87;21.54;19.99;17.77;19.65;20.29;19.75;10.25;21.90;16.36;16.14;21.14;19.32;19.38;23.58;15.78;26.96;22.43;23.71;27.41;26.53;-3.00;13.48;1.91;27.30;14.89;14.33;19.89;23.08;22.70;20.52
1975-09-01;14.64;15.72;17.72;17.66;16.57;14.11;16.82;16.00;15.38;4.66;17.75;13.02;13.73;19.81;15.34;15.05;19.59;13.56;26.51;22.47;17.95;26.07;24.82;0.14;15.84;-0.93;26.80;13.31;13.23;15.43;20.27;19.88;14.13
1975-10-01;12.29;11.42;12.95;13.21;9.03;7.86;8.52;8.37;9.48;4.74;13.11;6.67;5.74;14.49;9.46;10.63;14.70;5.59;27.08;21.90;15.12;23.04;17.08;2.16;16.69;-9.63;27.13;3.61;12.85;9.47;14.70;14.32;9.55
1975-11-01;10.23;7.98;8.31;8.31;6.47;4.32;5.18;4.83;6.23;0.26;8.73;3.25;2.06;11.01;5.76;7.35;10.74;1.61;25.37;20.50;10.77;18.39;12.29;3.34;19.36;-13.64;26.19;-3.89;12.35;6.16;11.63;11.19;4.01
1975-12-01;7.72;3.27;3.06;4.67;1.59;-0.65;0.46;0.81;2.03;-2.10;3.22;-0.43;-2.49;9.52;3.41;3.99;7.26;-3.55;22.54;19.76;2.10;14.17;5.73;5.16;21.17;-20.61;25.90;-4.85;10.35;1.88;8.90;8.66;-9.04
1976-01-01;8.30;5.60;5.07;4.59;2.93;1.25;2.60;2.59;4.61;-4.93;5.34;0.32;-1.79;8.08;5.13;5.80;7.89;-2.66;20.62;19.86;-2.84;12.41;4.41;5.67;20.85;-17.20;25.39;-13.51;9.79;4.44;8.03;7.69;-13.59
1976-02-01;7.62;6.01;7.85;7.67;4.35;3.44;2.16;1.88;4.07;-0.78;7.77;2.42;0.54;8.61;3.95;5.26;9.05;0.42;18.87;22.07;2.80;12.62;6.37;7.57;21.56;-13.62;26.24;-12.97;10.49;4.13;9.53;9.09;-5.92
1976-03-01;8.04;7.23;8.81;8.84;6.02;4.48;4.30;3.77;4.97;0.24;8.80;3.74;2.58;8.91;4.45;5.90;10.75;1.97;18.66;25.78;6.36;17.12;8.72;3.62;20.68;-8.82;26.86;-3.50;13.69;5.12;10.18;9.62;-2.85
1976-04-01;9.22;9.93;11.39;10.65;9.80;7.11;9.26;8.50;8.61;2.08;11.45;5.48;5.45;10.50;8.03;8.63;12.55;5.02;20.02;26.85;12.13;21.48;12.89;2.39;18.23;-11.23;26.92;4.85;13.77;8.77;12.24;11.65;6.82
1976-05-01;12.17;14.47;15.95;15.34;15.97;12.62;15.32;14.38;14.28;4.90;16.07;11.57;11.44;14.79;13.86;13.95;17.39;11.64;20.22;26.26;15.82;25.23;17.66;-0.96;15.46;-4.33;27.42;10.47;14.81;14.41;16.84;16.31;12.47
1976-06-01;16.68;21.11;22.93;21.83;21.75;18.45;20.63;20.14;19.73;8.97;23.12;16.54;16.24;18.75;18.71;18.96;24.01;15.93;23.74;24.92;22.63;26.72;21.25;-3.30;13.90;0.68;27.13;13.48;15.76;20.05;21.16;20.60;20.40
1976-07-01;17.74;20.62;21.93;21.65;21.87;18.50;21.69;21.27;20.90;11.15;22.05;16.91;16.70;20.77;19.89;20.24;24.59;16.32;25.72;23.51;23.34;27.72;23.60;-3.26;12.46;2.63;27.07;16.00;14.34;21.12;23.40;22.82;20.16
1976-08-01;18.10;20.85;21.31;21.08;19.06;16.85;18.59;18.75;19.22;9.25;21.67;15.22;14.82;19.86;18.44;19.18;22.96;14.18;26.79;22.96;23.08;26.89;24.81;-1.43;13.11;1.81;27.10;14.25;14.12;19.53;22.28;21.67;19.15
1976-09-01;14.86;15.50;16.50;17.16;14.85;12.57;14.23;14.01;14.46;8.09;16.64;10.98;11.16;17.36;14.43;14.95;18.88;10.71;27.33;23.35;18.67;26.05;21.70;0.13;14.39;-3.05;26.95;9.22;14.72;14.59;18.44;17.91;13.91
1976-10-01;12.59;12.57;13.39;13.17;11.69;9.73;11.25;11.28;12.08;4.97;13.63;8.25;8.31;15.11;11.84;12.44;14.69;8.05;27.04;23.49;11.35;24.29;17.15;1.22;15.90;-5.91;26.78;-1.70;13.57;12.13;15.74;15.13;6.56
1976-11-01;9.91;7.69;7.85;7.37;6.26;3.92;5.95;5.87;6.52;1.93;8.27;2.47;1.06;10.50;7.12;7.70;9.37;0.33;26.10;22.31;4.53;19.63;10.10;3.43;18.02;-10.34;26.54;-1.61;10.63;6.44;10.48;10.08;0.28
1976-12-01;6.63;4.39;6.23;6.73;2.83;1.92;0.52;0.70;2.21;-2.78;6.36;1.08;-2.51;9.29;1.87;3.64;8.61;-4.02;21.80;21.44;-1.63;14.56;5.76;4.14;21.50;-10.22;25.94;-4.19;11.51;2.11;9.62;9.08;-10.85
1977-01-01;6.82;4.50;6.10;5.64;4.23;2.37;2.46;2.89;3.53;-4.87;6.05;0.69;-0.92;8.84;3.39;4.36;7.56;-1.23;20.00;21.29;-5.78;13.08;1.53;6.92;21.87;-13.93;26.09;-12.29;10.95;3.59;9.34;8.78;-12.44
1977-02-01;8.74;8.27;9.86;9.37;7.30;5.68;6.38;5.65;6.33;-2.64;9.92;4.17;2.54;9.63;5.70;7.24;10.50;1.79;19.93;23.62;-0.51;16.16;3.27;6.50;22.01;-18.37;25.64;-7.24;11.36;6.41;10.73;10.14;-6.45
1977-03-01;9.37;9.04;10.92;10.40;9.03;7.14;8.78;7.94;7.92;2.15;10.94;5.53;4.89;10.79;7.73;8.46;11.81;3.98;21.37;25.88;6.65;16.36;8.75;5.06;21.23;-24.19;26.30;-1.71;14.60;8.03;11.87;11.35;1.65
1977-04-01;8.92;8.90;11.09;10.91;9.17;6.78;7.70;6.85;7.91;1.22;11.06;5.70;5.32;11.52;7.30;8.37;13.01;4.40;21.82;26.78;11.34;21.14;14.43;2.92;18.49;-17.26;27.29;6.31;12.84;8.02;12.67;12.21;6.84
1977-05-01;11.33;12.63;13.56;13.40;13.05;10.26;13.28;12.32;12.30;6.52;13.74;8.99;9.23;14.30;11.97;11.89;15.14;9.32;21.57;24.96;17.92;26.08;18.05;-0.61;15.63;-5.70;27.60;13.76;15.72;12.40;15.36;14.88;15.88
1977-06-01;12.66;14.79;16.79;16.91;16.28;13.50;16.69;15.73;14.62;7.66;16.72;12.37;13.06;17.03;13.89;13.74;18.71;12.87;24.26;24.05;20.41;28.13;20.99;-3.41;12.96;-0.25;27.67;16.65;15.41;14.77;18.59;18.09;17.89
1977-07-01;16.09;18.14;19.26;18.97;18.59;15.81;18.72;18.06;17.37;10.69;19.34;14.98;15.42;20.20;16.60;17.21;21.36;15.12;26.11;23.13;24.69;28.66;25.25;-4.71;11.88;3.92;27.19;18.50;14.87;17.48;21.08;20.71;21.04
1977-08-01;16.02;16.81;18.75;18.78;17.51;14.96;17.52;16.63;16.21;9.99;18.70;14.14;14.47;19.70;15.99;16.23;21.34;14.30;26.27;22.75;23.66;28.44;24.93;-2.74;13.85;2.57;26.96;15.76;15.66;16.30;20.65;20.31;19.00
1977-09-01;14.53;14.89;17.50;17.31;14.21;12.37;13.65;13.20;13.61;6.75;17.34;11.46;11.70;17.59;13.80;14.20;19.97;11.81;27.32;23.26;19.55;26.37;23.77;-1.20;14.13;-2.31;26.92;9.26;15.43;13.68;18.70;18.35;14.18
1977-10-01;13.90;13.61;15.29;15.99;13.35;11.75;11.41;11.39;12.42;3.62;15.35;10.35;10.41;16.41;12.29;13.16;17.44;9.59;27.00;22.47;12.27;21.80;18.18;1.68;17.90;-5.66;27.08;2.69;14.45;12.43;17.58;17.01;7.94
1977-11-01;9.90;8.29;8.73;8.64;6.66;4.53;6.51;6.13;7.02;-2.56;9.12;3.43;1.92;11.84;7.23;8.09;11.23;1.50;26.22;22.10;8.45;18.81;14.22;4.08;19.36;-9.04;26.43;1.02;11.97;6.93;12.01;11.45;3.33
1977-12-01;9.17;7.18;7.84;7.93;4.73;3.52;3.14;3.57;5.41;0.17;7.88;2.49;-0.44;9.64;5.73;6.88;9.29;-1.72;23.89;20.46;0.78;12.77;7.49;7.87;20.62;-11.48;26.19;-9.08;10.10;5.26;10.18;9.56;-7.00
1978-01-01;7.41;4.75;5.73;4.61;2.53;0.94;2.28;2.12;2.98;-3.66;5.97;-0.33;-1.77;7.51;3.51;4.57;6.70;-2.29;21.38;21.74;-2.73;12.50;3.19;7.53;22.10;-21.88;26.12;-8.74;9.37;2.86;8.21;7.63;-10.87
1978-02-01;7.53;6.25;8.52;8.01;4.32;2.82;0.63;1.03;2.74;-2.31;8.46;0.89;0.12;8.28;2.60;4.07;9.13;0.03;20.49;23.52;-4.37;15.38;3.11;7.88;22.66;-22.44;26.36;-10.50;9.50;2.88;8.53;7.95;-12.16
1978-03-01;8.72;8.57;9.68;9.44;7.65;5.60;7.04;6.61;7.34;0.40;9.73;4.26;3.12;9.52;7.08;7.88;11.30;2.38;21.01;26.04;2.27;17.62;7.10;6.11;21.49;-19.12;27.24;-0.58;12.10;7.36;11.17;10.64;-4.38
1978-04-01;8.40;8.42;10.13;9.75;8.26;5.95;8.92;7.76;7.70;2.93;10.22;4.54;4.05;9.83;7.37;7.86;11.34;3.81;20.51;27.14;9.68;22.06;13.03;2.98;18.60;-11.55;27.53;3.86;14.32;7.72;11.74;11.14;4.25
1978-05-01;12.19;13.61;14.42;13.76;13.08;10.49;12.68;12.13;12.58;4.91;14.56;9.09;8.64;13.36;12.09;12.48;15.62;8.70;22.47;26.17;15.13;26.20;18.55;1.25;16.50;-4.38;28.01;10.41;15.87;12.60;15.34;14.74;16.03
1978-06-01;13.60;15.33;17.33;16.99;16.66;13.62;15.94;14.96;14.63;6.39;17.25;12.48;13.21;17.50;14.58;14.35;19.00;12.97;25.29;23.09;21.39;27.26;23.28;-2.66;13.30;-0.22;28.00;13.93;15.14;14.73;18.85;18.34;18.57
1978-07-01;14.95;17.10;19.72;19.84;18.82;16.41;17.51;16.63;16.40;9.19;19.24;15.45;15.59;19.76;15.67;16.09;22.40;15.21;26.18;22.38;23.14;28.54;27.50;-3.50;12.05;4.56;27.21;16.06;15.10;16.52;20.87;20.57;21.33
1978-08-01;15.51;16.65;20.09;20.75;17.82;15.43;16.58;15.94;15.73;9.50;20.04;14.88;14.93;20.25;15.63;15.77;23.00;14.41;26.81;22.35;23.91;26.76;29.03;-1.18;12.84;3.43;27.11;15.43;15.05;15.85;21.48;21.16;19.88
1978-09-01;15.30;15.76;18.31;18.37;15.42;13.78;14.17;13.41;14.35;5.60;18.29;12.69;12.19;18.47;14.31;14.92;21.60;11.99;27.08;22.40;18.15;25.81;22.24;1.40;14.75;-3.88;27.00;9.22;14.75;14.45;19.98;19.59;12.89
1978-10-01;13.78;13.03;13.91;13.29;10.34;8.93;9.72;9.68;11.48;3.09;14.07;7.59;7.54;15.27;11.92;12.69;14.97;7.10;27.60;22.55;12.55;24.23;16.86;2.18;16.54;-7.62;26.73;2.99;12.94;11.38;15.45;15.24;7.91
1978-11-01;11.43;7.93;8.18;8.64;4.56;3.88;3.99;3.69;5.74;-0.61;8.59;3.13;2.48;11.29;6.75;8.31;10.80;1.96;26.96;21.58;8.05;16.92;11.57;4.47;18.22;-13.36;26.43;1.62;12.78;5.58;11.95;11.38;0.88
1978-12-01;8.93;6.98;8.58;7.86;5.73;4.38;3.11;3.28;4.78;-1.01;8.67;2.66;0.77;10.35;3.40;5.61;9.11;-0.51;23.79;20.81;2.44;14.41;6.72;6.89;19.83;-13.55;25.93;-15.67;11.43;4.96;10.70;10.13;-6.89
1979-01-01;4.89;1.72;4.67;5.28;0.09;-0.29;-2.32;-2.55;-0.75;-6.24;4.74;-1.50;-3.68;7.54;-2.24;0.25;7.23;-4.48;21.14;21.81;-0.32;13.21;4.08;9.07;22.52;-22.13;25.98;-10.91;11.51;-1.36;7.24;6.68;-8.89
1979-02-01;6.85;5.65;7.18;6.62;4.34;2.46;2.50;2.10;2.50;-2.26;7.30;1.02;0.07;8.76;1.02;3.67;8.04;0.05;21.87;23.72;-5.75;15.97;7.44;7.81;22.37;-22.10;26.53;-9.93;12.01;2.68;9.09;8.77;-13.65
1979-03-01;7.60;7.24;9.12;8.97;7.51;5.23;6.71;5.79;5.94;-5.82;9.09;3.89;3.25;9.68;5.34;6.61;10.44;2.50;20.00;25.89;6.06;18.68;8.93;6.52;20.54;-19.77;27.27;-2.05;14.37;6.01;11.04;10.49;1.10
1979-04-01;9.07;9.09;10.45;9.76;8.47;5.94;8.19;7.49;8.27;1.19;10.53;4.38;4.25;9.91;8.21;8.68;11.44;3.85;21.51;27.67;10.08;22.55;13.18;4.24;18.61;-17.53;27.38;2.58;16.33;8.22;11.94;11.42;7.14
1979-05-01;10.48;12.25;14.04;14.11;13.69;11.06;13.54;12.29;12.12;0.85;14.02;9.93;9.70;15.06;11.87;11.66;15.78;9.69;22.51;26.65;17.29;24.47;17.69;-0.59;15.28;-8.88;28.20;16.46;16.63;12.17;16.30;15.90;14.35
1979-06-01;13.97;16.04;17.99;18.16;17.63;15.10;17.70;16.61;15.80;7.59;17.91;14.10;14.17;19.50;15.10;14.84;20.92;14.21;25.42;24.45;20.36;28.06;23.73;-2.01;14.15;-1.03;27.58;17.05;16.13;15.95;20.91;20.49;19.08
1979-07-01;16.18;18.55;21.03;21.06;19.88;17.10;18.28;17.63;17.52;9.78;20.98;16.15;16.34;21.07;16.82;17.31;24.09;16.11;26.26;23.40;23.61;27.68;24.50;-1.96;12.81;4.45;27.27;16.37;16.27;17.74;22.94;22.59;22.11
1979-08-01;15.55;16.79;18.77;19.28;17.64;14.93;16.73;15.93;16.36;9.48;18.79;14.14;14.40;20.59;15.78;16.07;21.74;13.87;26.76;23.37;23.13;27.57;26.48;-3.31;13.25;2.91;27.40;16.91;15.13;16.53;22.01;21.64;18.82
1979-09-01;14.64;16.04;17.88;18.02;16.06;13.76;15.18;14.47;14.77;5.54;18.00;12.66;12.85;18.16;14.39;14.88;19.32;12.55;27.26;23.02;19.76;25.80;23.30;-0.30;15.41;-0.24;26.95;11.38;14.01;14.91;19.40;19.08;14.53
1979-10-01;13.52;12.83;14.82;14.66;12.70;10.60;11.26;10.74;11.85;4.04;14.92;9.33;9.49;16.16;11.78;12.25;16.18;9.12;27.39;22.74;12.65;24.14;18.53;1.54;17.38;-6.14;26.83;3.06;14.61;11.86;16.71;16.16;8.84
1979-11-01;10.50;7.88;8.10;7.52;5.79;4.18;5.32;4.90;6.39;-0.62;8.51;3.24;1.19;10.66;6.72;8.13;9.75;0.79;26.46;22.07;9.68;20.05;13.48;3.92;19.72;-9.70;26.30;-1.40;12.89;6.38;10.68;10.36;4.16
1979-12-01;9.41;7.67;8.00;7.26;5.15;3.68;5.51;5.01;6.17;-1.88;8.23;2.38;0.47;9.60;6.35;7.35;8.74;-0.24;24.59;21.38;3.23;13.74;8.58;7.66;21.98;-14.86;26.16;-6.26;11.91;6.09;9.89;9.51;-4.03
1980-01-01;6.41;3.39;5.09;4.39;1.96;0.57;0.22;-0.04;1.28;-1.35;5.06;-0.86;-2.32;7.49;1.32;2.36;5.80;-3.04;21.64;21.26;-0.16;12.66;3.93;7.34;21.89;-19.31;26.11;-12.86;11.16;1.28;7.91;7.48;-7.89
1980-02-01;8.92;7.63;8.75;8.78;6.40;5.05;4.78;4.70;5.96;0.42;8.79;3.62;2.36;8.93;6.13;6.96;10.14;1.45;21.37;23.91;-2.42;13.62;3.19;6.72;22.18;-16.72;26.28;-8.33;11.75;6.00;10.52;9.94;-8.87
1980-03-01;7.51;6.96;8.57;8.26;6.29;4.18;6.07;5.52;5.73;-0.50;8.54;2.90;2.42;9.00;5.55;6.45;9.74;2.18;19.81;25.99;3.20;17.64;6.82;5.50;21.17;-16.32;26.97;-7.62;15.64;5.77;10.30;9.75;-1.82
1980-04-01;9.71;9.81;11.02;10.12;8.43;5.92;7.92;7.44;8.53;3.51;11.11;4.46;4.25;10.02;8.20;9.22;11.93;3.66;21.57;27.23;11.06;21.47;13.10;1.49;19.22;-11.86;27.27;5.25;15.21;8.61;12.00;11.51;7.23
1980-05-01;11.58;12.67;13.98;13.38;12.66;9.76;12.56;11.94;12.11;7.42;14.10;8.72;8.45;12.66;12.10;12.09;15.40;8.33;21.83;26.19;17.62;25.06;18.63;0.44;16.87;-4.84;27.96;8.08;16.62;12.22;15.14;14.46;13.96
1980-06-01;13.80;15.34;16.67;16.55;16.01;13.04;15.64;14.82;14.86;9.55;16.70;12.16;12.54;16.65;14.78;15.11;18.98;12.13;24.01;23.57;20.53;26.99;23.08;-2.14;13.76;1.41;27.82;17.61;16.41;14.96;18.76;18.20;17.30
1980-07-01;14.91;16.41;18.23;18.73;17.49;15.03;16.31;15.59;15.88;10.97;18.11;14.19;14.30;18.58;15.62;16.03;21.34;14.03;25.65;22.75;25.23;28.29;23.93;-2.69;12.52;4.79;27.61;17.21;15.87;16.02;19.97;19.60;20.89
1980-08-01;16.37;18.10;20.63;20.95;19.62;17.30;18.65;18.01;18.01;10.85;20.41;16.50;16.57;21.41;17.31;17.85;23.75;16.43;26.81;22.20;24.91;28.13;23.54;-1.25;14.88;2.58;27.01;14.49;15.75;18.24;23.01;22.72;20.62
1980-09-01;15.39;16.42;18.76;18.70;16.94;15.00;15.74;15.51;15.94;8.02;18.59;14.05;14.06;19.33;15.66;16.07;20.99;13.66;27.52;23.14;20.91;25.11;22.33;0.48;17.00;-0.28;27.12;10.51;15.17;16.13;20.76;20.28;13.81
1980-10-01;12.03;11.49;12.91;12.75;10.47;8.77;9.29;9.03;9.97;0.22;13.04;7.52;6.85;14.74;9.63;10.83;15.17;6.20;26.93;22.59;12.28;23.27;17.49;2.53;17.76;-9.50;27.10;4.65;14.14;10.01;15.53;15.09;6.53
1980-11-01;8.87;6.40;7.87;8.09;4.84;3.00;3.85;3.45;5.08;0.06;7.86;2.37;1.35;11.76;5.36;6.50;9.25;1.38;25.38;21.57;5.92;19.59;11.70;3.23;19.16;-18.73;26.51;-2.44;11.86;4.97;11.07;10.62;-0.11
1980-12-01;8.69;5.06;4.92;4.13;1.23;-0.21;1.22;1.33;3.23;-2.49;5.14;-2.04;-4.27;6.84;4.34;5.69;5.85;-4.64;22.86;21.13;-0.72;14.25;5.92;7.02;21.38;-21.58;26.26;-5.25;10.66;2.97;6.82;6.47;-11.60
1981-01-01;8.27;6.07;6.13;5.41;1.64;0.56;0.51;0.74;3.88;-3.45;6.40;-1.02;-3.83;6.33;4.11;5.92;6.99;-4.66;21.83;21.52;-5.04;11.84;2.22;7.56;22.50;-23.98;26.03;-6.24;9.53;3.73;6.96;6.61;-14.77
1981-02-01;6.07;3.95;4.70;4.58;1.68;0.43;0.56;0.26;2.33;-2.00;4.87;-0.51;-2.83;6.74;2.36;3.50;6.73;-3.51;19.68;23.84;2.37;13.67;3.64;7.10;22.14;-15.17;26.22;-6.05;11.89;2.29;7.23;6.78;-1.04
1981-03-01;9.96;10.23;11.86;11.49;9.77;8.01;9.27;8.70;9.53;-2.11;11.69;6.30;4.60;10.05;9.05;10.00;12.04;3.91;21.25;25.20;4.08;17.64;8.08;4.61;21.06;-21.55;26.86;-4.22;14.24;9.54;11.60;11.06;0.15
1981-04-01;9.65;10.52;12.55;12.28;11.36;8.72;10.39;9.39;9.56;3.49;12.59;7.69;7.41;12.50;8.79;9.45;13.39;7.30;21.15;27.00;12.14;22.03;13.41;3.18;19.25;-14.62;27.21;3.00;15.52;9.69;13.88;13.37;7.73
1981-05-01;11.67;12.70;14.50;13.90;13.63;10.89;14.05;13.13;12.69;6.52;14.56;9.58;10.22;14.27;12.80;12.60;15.35;10.04;22.25;25.61;16.86;23.81;17.31;-0.31;16.21;-5.95;27.46;13.53;16.10;12.68;15.89;15.34;14.07
1981-06-01;13.89;15.68;18.20;18.78;17.07;14.22;16.67;15.59;14.98;9.17;18.09;13.53;14.39;18.70;14.53;14.73;21.44;14.29;25.32;23.36;22.30;27.78;20.38;-2.37;13.34;-0.67;28.01;19.54;16.17;15.07;20.37;20.03;18.88
1981-07-01;15.76;17.40;19.24;19.32;18.48;16.16;17.94;17.23;17.15;10.38;19.02;15.00;15.06;19.50;16.59;16.97;21.77;15.08;26.60;23.00;24.98;27.98;26.01;-2.05;12.69;3.11;27.38;21.91;15.29;17.22;21.24;20.93;21.48
1981-08-01;16.97;19.36;21.75;20.96;19.13;16.69;18.21;17.80;17.92;10.20;21.64;15.95;16.38;21.11;17.19;18.00;23.96;16.13;26.99;22.35;23.15;27.69;25.70;-1.36;13.24;3.74;27.91;17.26;15.81;18.01;22.90;22.64;19.18
1981-09-01;15.91;16.65;18.37;18.61;16.46;14.12;15.59;15.15;15.62;6.83;18.41;13.23;13.40;19.28;15.24;16.09;20.92;13.00;27.09;22.71;18.81;25.48;21.34;0.19;16.67;-0.44;26.79;10.61;15.14;15.71;20.80;20.35;14.30
1981-10-01;12.11;12.20;14.10;14.44;11.91;10.01;10.02;9.46;10.38;0.38;14.21;8.64;8.29;15.72;9.56;10.95;16.42;7.54;27.35;22.43;11.56;23.96;16.99;2.86;17.82;-6.04;26.99;7.23;14.67;10.48;16.30;15.80;6.20
1981-11-01;10.61;8.74;8.79;8.64;5.34;4.56;5.74;5.41;7.30;-2.07;9.05;3.65;2.60;10.81;7.76;8.69;11.43;2.40;26.91;20.96;7.76;16.76;8.20;4.94;17.86;-9.98;27.07;-0.77;11.59;7.18;11.16;10.91;1.71
1981-12-01;7.99;6.52;8.02;7.58;4.42;2.91;1.44;1.53;3.47;-4.05;8.22;1.05;-1.03;9.20;2.03;4.88;9.11;-1.74;24.74;19.61;0.98;14.55;6.07;6.29;20.79;-19.26;25.86;-4.15;10.87;3.55;9.65;9.05;-3.66
1982-01-01;8.63;7.50;9.37;8.95;4.63;4.47;-0.24;0.08;3.29;-3.42;9.37;3.14;0.91;9.61;1.98;5.01;9.99;0.23;22.11;20.26;-4.90;13.48;4.59;9.25;22.07;-22.31;25.82;-10.62;12.06;3.63;10.27;9.75;-15.07
1982-02-01;8.49;6.93;7.80;8.17;4.42;3.92;1.35;2.14;4.68;0.97;7.91;2.44;0.42;8.12;4.19;5.96;9.59;0.12;19.68;23.59;0.45;12.78;4.46;7.77;21.89;-18.46;26.25;-9.71;12.32;4.71;9.42;8.76;-9.21
1982-03-01;8.57;7.79;8.52;8.23;5.99;3.95;5.62;5.21;6.14;-0.84;8.70;2.54;1.44;8.68;5.94;7.01;9.80;1.42;20.04;26.27;3.99;15.42;8.99;5.63;21.26;-11.62;26.78;-1.37;14.79;6.10;10.24;9.66;-2.28
1982-04-01;9.78;10.35;12.24;11.60;9.58;6.88;8.14;7.78;8.92;3.28;12.12;5.87;5.83;10.71;8.22;9.35;13.56;4.82;20.58;26.98;9.31;21.98;13.50;3.42;18.74;-13.71;27.09;4.30;16.99;8.95;13.04;12.47;5.12
1982-05-01;12.02;14.13;15.66;15.05;14.50;11.93;13.94;13.20;13.39;5.50;15.65;10.79;10.64;15.10;13.13;13.37;16.48;10.24;21.35;26.03;17.03;23.18;19.84;1.50;16.37;-6.16;27.40;11.45;16.87;13.48;16.65;16.23;15.16
1982-06-01;15.13;17.55;19.37;19.83;18.67;16.09;17.74;17.09;17.55;9.83;19.32;15.20;15.08;19.57;16.55;17.28;21.27;14.54;24.21;23.87;19.66;27.35;21.21;-2.99;12.97;-0.38;27.99;13.61;18.00;17.72;21.20;20.73;17.44
1982-07-01;16.57;19.75;22.39;23.16;21.32;18.86;20.39;20.03;19.58;10.68;22.27;18.23;18.37;23.20;18.36;18.42;25.48;17.75;26.24;22.98;24.60;27.27;22.78;-4.14;12.20;3.63;27.83;18.00;15.56;19.91;24.60;24.17;21.60
1982-08-01;16.26;17.39;19.51;19.53;18.52;15.93;17.91;17.29;17.41;9.37;19.42;15.35;15.49;21.17;16.98;17.10;22.48;15.03;26.55;22.69;22.22;27.80;26.28;-4.18;14.98;2.05;27.38;16.54;15.98;17.53;22.39;22.01;17.94
1982-09-01;15.95;17.59;19.72;19.46;17.67;15.34;17.10;16.89;17.09;5.39;19.75;14.13;14.49;20.34;16.38;16.85;20.91;14.19;27.62;23.30;18.95;26.34;21.81;-0.49;15.22;-5.36;26.94;11.45;15.87;17.25;21.22;20.86;15.03
1982-10-01;12.67;12.01;13.28;13.22;10.76;9.40;10.16;9.88;10.71;4.28;13.51;8.23;7.08;15.46;10.96;11.62;15.31;7.07;27.51;23.48;13.30;24.26;17.03;1.16;16.27;-8.46;26.52;3.76;14.42;10.67;15.98;15.48;9.18
1982-11-01;10.98;9.61;10.48;10.45;7.93;6.54;7.02;6.85;8.09;-1.49;10.72;5.08;3.48;12.77;8.26;9.06;11.99;2.52;25.91;21.72;9.02;16.63;13.46;4.36;19.35;-11.59;26.59;1.36;12.72;8.06;13.05;12.53;3.98
1982-12-01;8.59;6.69;7.59;6.60;4.06;2.72;3.80;3.23;4.54;-3.42;7.86;1.17;-0.13;9.50;3.96;5.71;8.31;-0.95;22.07;20.04;5.09;13.25;7.87;7.06;20.56;-16.23;26.12;-1.69;11.43;4.52;9.52;9.10;-2.22
1983-01-01;9.50;7.18;6.54;5.84;3.54;2.75;4.54;4.20;6.12;-3.46;6.85;1.96;-0.33;8.45;6.58;7.62;8.22;-1.04;21.87;20.78;0.70;11.04;4.89;8.30;21.89;-13.89;26.19;-4.76;10.18;5.94;8.95;8.53;-7.53
1983-02-01;5.60;4.10;5.33;4.05;1.11;-0.45;0.60;0.35;1.96;0.41;5.44;-2.20;-3.09;6.22;1.38;3.03;6.27;-3.35;21.78;24.40;0.61;12.62;4.57;5.93;22.73;-19.32;26.95;-7.98;10.99;1.98;7.31;6.71;-6.05
1983-03-01;8.49;8.00;9.11;9.00;6.68;5.08;6.20;5.50;6.67;-1.40;9.14;3.92;3.11;9.39;6.28;7.20;10.75;2.71;22.59;27.09;5.68;15.17;7.90;5.45;22.13;-12.57;27.82;-2.75;13.51;6.69;10.57;10.09;0.36
1983-04-01;8.56;9.28;11.57;11.44;9.82;7.18;10.06;8.88;8.68;-1.22;11.50;5.88;5.68;11.88;8.73;8.62;12.99;4.99;21.38;28.68;10.13;19.63;15.24;4.07;18.02;-14.00;28.23;8.79;17.27;8.65;12.78;12.20;5.56
1983-05-01;11.00;11.98;13.74;13.93;12.40;9.90;11.81;10.54;11.27;5.53;13.72;9.00;8.52;14.79;10.94;11.65;16.31;8.34;22.15;26.76;15.56;24.64;19.00;0.50;16.85;-5.19;27.76;15.22;18.95;11.31;15.57;15.01;11.82
1983-06-01;14.50;17.52;19.33;19.33;18.61;16.05;18.14;17.21;17.07;8.29;19.22;14.68;15.22;18.84;16.10;16.35;21.15;14.97;25.38;24.53;22.37;27.35;20.18;-3.17;13.35;-0.28;27.96;14.43;18.60;17.28;19.97;19.60;19.54
1983-07-01;18.94;22.40;23.56;24.84;24.68;21.32;23.43;22.93;21.84;8.68;23.69;20.65;20.87;24.15;20.41;21.10;26.19;20.30;26.52;23.44;25.80;28.31;23.52;-2.79;12.34;4.01;27.42;17.69;15.94;22.02;24.74;24.42;22.01
1983-08-01;17.35;19.29;20.44;21.02;20.24;16.91;20.71;20.02;18.96;8.58;20.61;16.21;16.28;21.15;18.45;18.45;23.26;15.88;26.86;22.61;24.40;27.67;26.76;-0.41;13.75;2.25;27.52;15.95;15.50;19.07;22.82;22.42;20.78
1983-09-01;15.43;16.60;18.38;19.28;16.84;14.87;15.66;14.67;15.21;6.48;18.37;13.88;13.71;19.22;14.82;15.63;21.64;13.21;27.50;22.22;20.67;25.80;22.77;0.45;16.87;-0.64;27.39;11.93;15.12;15.31;20.49;20.10;17.22
1983-10-01;12.59;12.17;13.90;14.09;11.15;9.37;10.38;9.90;10.99;3.10;14.14;8.34;8.32;15.61;11.26;11.72;16.60;7.92;27.77;22.39;13.66;21.68;16.63;2.29;17.36;-7.95;27.38;5.65;14.05;11.01;16.46;16.03;8.53
1983-11-01;10.72;8.72;10.88;11.96;5.54;5.39;3.66;3.71;6.47;0.17;10.84;4.94;3.89;12.91;6.90;7.95;13.08;3.34;27.01;20.97;8.15;19.60;11.06;5.18;19.04;-18.08;26.83;-2.18;13.16;6.49;13.31;12.75;2.42
1983-12-01;8.89;5.71;5.98;5.60;3.52;2.65;1.78;2.05;4.15;-2.65;6.28;1.71;-1.18;9.09;4.68;5.56;8.17;-2.05;24.18;20.86;1.00;14.06;5.38;7.56;20.44;-20.98;25.51;-3.98;11.88;4.02;9.42;9.03;-7.91
1984-01-01;8.11;6.52;7.06;6.21;3.30;2.09;2.70;2.33;4.34;-5.61;7.49;0.61;-1.51;7.82;4.44;5.86;7.73;-1.86;20.62;21.59;-3.20;12.85;1.80;6.74;21.19;-11.68;25.18;-5.38;11.17;4.25;8.51;7.92;-11.34
1984-02-01;6.85;4.90;5.57;5.14;2.45;0.51;1.49;1.35;3.44;-0.60;5.80;-1.00;-2.02;6.79;3.20;4.69;7.11;-2.63;21.11;22.69;3.06;14.61;-0.25;6.52;21.81;-11.36;25.37;-12.01;12.15;3.39;7.50;7.03;-3.16
1984-03-01;7.19;6.48;7.42;7.22;5.01;2.42;3.84;3.50;4.90;0.58;7.53;1.00;0.77;8.39;4.69;5.68;8.95;0.50;20.22;24.51;1.63;17.37;4.99;6.12;19.36;-17.45;26.11;-3.40;14.44;4.87;9.31;8.84;-5.72
1984-04-01;10.55;11.26;13.40;11.69;9.40;7.56;8.42;7.97;9.10;2.57;13.44;6.26;5.52;10.79;8.51;9.93;12.69;4.77;21.18;26.67;9.71;20.41;11.39;2.88;18.23;-10.98;26.91;7.22;17.47;9.28;12.27;11.75;7.46
1984-05-01;10.53;10.71;12.29;12.05;10.92;8.10;11.18;10.03;10.12;5.77;12.42;6.81;7.03;12.82;10.16;10.33;14.07;7.15;22.93;27.06;15.81;26.10;16.94;-2.94;15.38;-4.39;27.18;15.96;15.38;10.15;14.13;13.51;11.92
1984-06-01;14.25;16.91;18.45;18.09;16.76;14.22;15.66;14.78;15.59;9.32;18.43;13.08;13.44;17.18;14.62;15.77;19.86;13.45;24.94;23.53;22.59;26.33;21.64;-2.72;13.80;0.84;27.32;15.36;15.61;15.79;18.90;18.37;19.25
1984-07-01;17.03;19.22;21.90;21.87;19.88;17.24;18.31;17.85;17.86;11.28;21.80;16.36;17.00;21.46;16.82;18.25;23.56;16.23;26.27;22.48;23.78;27.59;25.77;-5.67;12.59;5.35;26.58;17.26;14.69;18.02;22.42;22.12;21.23
1984-08-01;17.32;18.99;20.25;19.51;18.66;15.63;18.46;18.48;17.83;10.05;20.32;14.69;15.34;20.01;17.60;18.29;21.83;15.09;27.08;22.59;24.08;26.80;28.26;-2.02;13.66;3.68;27.05;14.83;14.51;17.91;21.79;21.38;21.10
1984-09-01;15.05;15.29;16.70;16.32;14.52;12.01;13.99;13.48;14.17;7.37;16.84;10.97;11.06;17.11;13.88;14.69;18.52;10.91;26.97;22.94;18.14;26.30;23.00;0.93;14.50;-0.10;26.53;12.05;13.79;14.23;18.38;17.93;13.45
1984-10-01;13.10;12.59;13.49;13.35;11.23;9.69;11.15;10.74;11.54;3.09;13.67;8.58;7.96;15.13;11.83;12.09;15.37;7.89;27.10;22.35;15.30;23.42;16.69;2.31;17.01;-4.14;26.80;6.36;14.39;11.46;15.84;15.47;9.19
1984-11-01;10.88;10.19;11.51;11.61;9.27;8.29;6.54;6.97;9.57;-1.29;11.63;6.77;4.95;13.22;9.49;9.92;13.33;4.39;25.33;21.11;7.54;18.14;11.13;5.62;19.38;-6.65;26.06;-4.03;11.86;9.55;14.31;13.67;2.66
1984-12-01;8.90;6.09;6.20;5.71;3.59;2.25;2.23;2.38;4.15;-0.28;6.63;1.21;-0.88;9.52;4.86;5.44;7.93;-1.53;22.83;20.91;4.90;13.80;6.23;8.22;20.42;-4.95;25.75;-10.42;11.19;4.06;9.55;9.16;-3.83
1985-01-01;5.01;1.22;1.47;0.67;-3.11;-3.99;-4.24;-4.10;-1.49;-1.72;1.60;-5.31;-7.47;5.10;-2.20;0.54;2.98;-7.23;19.74;21.88;-2.69;14.84;2.64;9.18;21.47;-14.66;25.92;-11.05;10.99;-1.47;4.41;4.13;-13.18
1985-02-01;6.52;5.29;8.46;8.39;3.67;3.33;0.33;0.13;1.90;-0.09;8.26;2.53;1.06;8.84;0.53;3.55;9.37;-0.69;20.04;23.96;0.07;13.75;5.62;8.21;20.53;-11.97;26.48;-15.32;11.65;2.05;9.79;9.21;-6.66
1985-03-01;7.47;6.23;7.66;7.00;5.09;2.80;4.75;4.03;4.73;-1.17;7.75;1.16;0.56;8.51;4.26;5.59;9.04;0.40;19.63;25.90;6.22;17.17;7.55;3.48;20.79;-13.65;26.32;-4.56;13.95;4.78;9.47;9.07;-0.91
1985-04-01;10.00;10.63;12.44;12.30;10.60;8.17;9.80;9.04;9.56;3.28;12.43;6.91;6.46;11.62;9.10;9.76;13.95;5.25;20.20;27.03;11.68;21.34;13.76;1.22;18.37;-14.56;27.41;4.72;13.89;9.68;13.63;13.05;6.06
1985-05-01;11.77;12.92;14.04;13.70;12.95;10.09;14.16;13.27;13.01;7.05;14.01;8.92;8.99;13.93;12.53;12.36;15.15;9.46;20.74;26.66;18.08;25.89;18.71;-2.69;16.52;-4.17;27.50;12.74;15.44;13.03;15.32;14.78;14.04
1985-06-01;13.89;15.63;17.69;17.79;16.23;13.78;15.45;14.30;14.84;9.63;17.72;13.00;13.23;18.31;14.12;14.65;19.87;12.98;23.97;23.41;20.00;27.58;20.23;-3.64;12.89;1.49;28.16;14.39;15.52;14.91;19.50;19.01;17.37
1985-07-01;16.29;19.00;21.79;22.08;20.75;18.46;19.71;18.85;18.58;9.87;21.60;17.75;18.17;22.50;17.67;18.13;24.86;17.58;25.79;22.80;24.17;27.45;25.79;-3.09;12.89;5.64;26.86;16.20;14.63;18.71;23.45;23.05;21.59
1985-08-01;15.49;16.63;19.48;20.18;18.62;16.35;18.33;16.92;16.33;10.58;19.07;15.74;15.78;21.04;16.21;16.42;22.89;15.40;26.95;22.64;23.43;28.10;27.18;-2.34;13.51;3.61;27.16;18.95;14.93;16.40;21.67;21.40;20.10
1985-09-01;15.83;17.39;20.70;20.94;17.54;16.37;16.09;15.51;16.06;6.79;20.29;15.18;14.46;20.19;15.28;16.48;22.56;14.07;27.04;23.24;20.26;25.46;23.14;-0.68;14.83;-0.73;26.69;9.75;14.35;16.26;21.43;21.20;15.84
1985-10-01;13.13;12.38;15.40;15.53;12.04;10.26;10.10;9.56;10.74;6.31;15.15;9.58;9.57;16.64;10.95;11.63;17.67;9.17;27.91;22.41;14.36;21.25;17.29;1.49;17.00;-8.80;26.55;5.75;13.77;10.65;18.12;17.59;9.29
1985-11-01;8.69;5.83;6.02;6.05;3.23;1.36;2.28;1.77;3.80;-0.31;6.41;0.41;-1.27;10.66;3.46;5.59;8.12;-1.22;26.28;20.67;9.32;19.68;11.96;4.97;18.59;-12.47;26.41;-4.12;12.97;3.81;9.46;9.20;1.24
1985-12-01;9.96;6.48;5.96;5.52;4.77;2.93;4.70;4.32;5.68;-3.91;6.20;2.16;-0.08;10.29;6.55;7.09;8.29;-0.80;23.21;21.52;0.79;14.40;5.85;6.28;21.30;-16.48;26.01;-7.44;10.80;5.46;9.93;9.60;-7.63
1986-01-01;8.15;6.26;6.98;6.13;3.14;1.97;2.39;2.05;3.97;-2.07;7.24;0.34;-2.00;7.46;3.58;5.45;7.57;-2.33;19.82;20.72;-0.63;13.23;2.99;6.65;21.23;-18.31;25.47;-7.32;9.87;3.93;8.07;7.43;-8.86
1986-02-01;2.39;-0.90;3.89;3.93;-0.65;-1.85;-5.04;-5.06;-2.17;0.92;3.72;-3.37;-3.73;6.40;-2.73;-0.76;5.64;-4.79;19.22;22.93;-1.39;15.40;2.20;5.37;21.40;-22.21;26.04;-15.33;11.73;-2.42;6.26;5.79;-9.78
1986-03-01;7.66;7.03;8.87;8.95;6.14;4.40;4.62;4.11;5.22;-0.17;8.84;3.11;2.85;9.37;4.81;6.15;10.52;2.33;19.77;26.20;5.23;17.79;7.22;4.27;21.15;-14.51;26.12;-1.03;12.44;5.14;10.61;10.09;-0.79
1986-04-01;7.22;7.20;8.50;8.46;7.18;4.21;7.54;6.39;6.54;3.19;8.58;3.45;4.09;10.85;6.34;6.65;10.55;3.52;20.57;28.07;10.72;22.07;13.34;0.42;19.30;-15.65;26.91;6.31;15.23;6.56;11.66;11.20;9.04
1986-05-01;11.13;12.88;15.63;16.18;15.60;12.83;15.35;14.02;13.39;5.80;15.37;12.33;12.43;17.17;13.02;12.80;17.92;12.42;21.80;26.69;17.71;22.29;17.55;-3.49;16.37;-3.83;27.81;13.17;15.63;13.45;17.78;17.43;14.34
1986-06-01;14.20;17.17;18.66;18.67;18.14;15.97;17.64;16.99;17.41;8.53;18.51;14.72;14.88;17.55;16.72;17.22;20.55;14.71;23.84;24.25;21.84;27.93;20.64;-5.93;12.88;1.56;27.64;17.96;15.41;17.60;19.53;19.17;16.82
1986-07-01;15.63;17.91;21.76;21.42;20.37;17.50;18.72;17.95;17.83;10.39;21.34;16.61;16.89;21.01;17.33;17.27;24.44;16.49;25.96;23.61;24.18;28.12;23.80;-4.33;12.57;5.10;27.39;17.39;14.55;18.06;22.80;22.40;20.23
1986-08-01;14.48;16.25;19.50;21.06;18.92;16.18;18.01;17.08;16.73;9.98;19.39;15.85;16.11;22.20;15.69;15.88;23.04;15.59;26.87;22.97;22.66;28.13;26.39;-3.22;13.12;3.91;27.36;16.14;15.14;16.90;22.87;22.57;18.58
1986-09-01;13.31;14.39;18.11;19.66;16.09;13.78;13.50;12.55;12.38;7.37;17.87;13.38;13.63;19.69;12.08;12.71;21.49;13.15;26.99;23.22;19.07;27.56;23.53;-1.34;15.83;-3.35;26.66;8.22;15.45;12.60;20.44;20.14;13.53
1986-10-01;13.54;14.29;15.80;16.09;13.04;11.43;11.07;10.94;12.80;2.24;15.93;10.34;10.05;17.19;12.33;13.26;16.91;9.59;27.75;22.84;14.06;22.79;16.21;1.76;17.08;-6.02;26.57;3.69;14.19;12.85;17.86;17.42;8.18
1986-11-01;10.58;9.17;9.41;9.52;7.46;6.16;6.52;6.65;7.88;-0.76;9.74;5.08;3.29;12.48;8.24;8.92;11.73;2.74;25.41;21.49;6.89;16.80;11.08;3.28;17.27;-12.45;26.58;-0.89;13.34;7.75;12.86;12.54;0.50
1986-12-01;9.71;7.23;7.72;7.05;4.00;3.07;3.13;3.27;5.59;-2.26;8.05;1.67;-0.97;8.78;5.79;7.19;8.37;-1.43;22.74;21.19;3.25;13.07;7.03;5.95;19.59;-15.28;26.05;-8.37;11.55;5.44;9.47;8.89;-4.44
1987-01-01;3.58;-0.55;0.92;2.14;-2.52;-3.64;-4.04;-3.57;-2.55;2.44;0.98;-3.89;-4.87;7.17;-1.95;-0.52;4.31;-5.31;20.85;21.02;-0.73;13.36;4.18;6.94;21.85;-13.84;25.62;-18.88;11.39;-2.70;5.28;5.19;-9.41
1987-02-01;6.96;5.08;6.43;6.59;3.53;1.74;1.75;1.68;2.93;0.65;6.22;0.18;0.00;7.88;3.19;4.50;8.07;-0.44;19.99;22.59;-0.83;15.30;5.72;6.97;21.84;-19.72;26.19;-7.19;12.44;2.93;8.37;7.88;-10.70
1987-03-01;7.41;6.37;8.52;8.13;4.93;3.39;2.69;2.38;4.18;-0.47;8.46;2.07;0.73;7.31;3.59;5.43;9.35;0.21;21.30;25.28;5.62;14.63;8.18;4.72;19.31;-15.58;26.73;-6.83;13.92;4.19;9.37;8.79;0.03
1987-04-01;11.06;12.09;13.66;13.14;11.49;9.71;10.96;10.47;11.53;2.48;13.60;8.06;7.48;11.88;11.17;11.82;13.73;6.59;22.15;27.94;10.94;18.87;13.77;1.80;18.38;-10.82;27.25;2.38;15.13;11.57;13.45;12.93;9.61
1987-05-01;11.24;12.35;14.09;13.61;11.73;9.41;10.88;10.26;11.05;6.66;14.14;8.23;8.12;13.37;10.55;11.43;15.12;8.01;23.34;27.71;16.26;24.39;18.94;0.54;15.99;-4.25;27.42;12.19;15.43;11.14;15.10;14.56;13.60
1987-06-01;13.32;15.14;17.10;17.59;16.37;13.95;15.55;14.70;14.60;10.14;16.99;12.95;13.23;17.48;14.17;14.62;19.68;12.77;25.67;24.45;22.31;26.44;21.58;-2.43;14.57;0.72;28.15;17.47;16.01;14.75;19.06;18.66;19.37
1987-07-01;16.25;18.81;20.55;20.89;20.08;17.27;18.90;17.90;17.60;11.32;20.75;16.40;16.84;21.74;17.01;17.57;23.45;16.37;26.91;24.74;25.02;28.55;26.36;-5.75;12.50;3.73;27.53;16.25;15.85;17.76;23.09;22.74;21.93
1987-08-01;16.54;18.68;21.12;22.00;19.42;17.61;17.80;17.26;17.61;11.12;21.00;16.95;16.86;22.16;16.90;17.52;23.90;16.34;27.43;23.51;22.87;27.99;26.77;-4.15;14.22;2.42;27.31;14.77;15.80;17.79;23.05;22.85;18.98
1987-09-01;16.03;17.68;20.57;21.49;18.69;16.78;17.42;16.71;16.61;7.77;20.32;16.17;15.91;21.55;15.56;16.54;22.66;15.39;27.65;24.12;19.26;26.15;22.64;-1.76;15.45;-2.48;27.40;8.84;16.52;16.86;22.32;21.90;15.10
1987-10-01;12.36;12.54;14.74;15.51;13.38;11.28;11.08;10.96;11.69;1.60;14.75;10.24;10.19;17.82;11.46;12.02;17.07;9.40;27.19;23.23;11.52;21.85;18.20;1.69;16.53;-8.81;27.07;2.94;12.94;11.72;18.05;17.39;7.82
1987-11-01;9.88;7.80;9.06;9.10;6.61;5.00;5.90;5.45;6.54;4.08;9.28;4.01;3.35;12.21;6.50;7.49;11.03;2.82;26.59;22.04;7.82;17.66;11.94;5.00;19.37;-13.35;27.32;-4.01;12.62;6.42;12.36;11.82;1.04
1987-12-01;9.05;6.41;7.88;8.15;4.26;4.12;2.79;2.79;4.41;3.55;7.85;3.72;1.29;10.83;4.56;5.67;9.75;0.24;24.29;21.18;3.31;14.79;6.22;6.50;20.00;-21.15;26.31;-7.87;13.10;4.34;10.65;10.24;-3.42
1988-01-01;9.12;8.15;9.38;8.95;6.54;5.21;5.17;5.05;6.82;-5.27;9.47;3.68;1.52;9.77;6.44;7.33;10.01;0.57;20.35;20.81;-3.37;13.13;6.22;6.01;22.11;-19.88;26.22;-8.57;10.70;6.76;10.92;10.23;-7.30
1988-02-01;7.70;6.33;7.59;6.64;4.32;2.47;3.41;3.09;4.68;-2.67;7.78;1.30;-0.75;8.03;4.83;5.84;8.14;-0.91;19.61;24.22;0.52;14.13;3.85;7.32;20.91;-16.20;26.72;-6.73;12.82;4.66;9.19;8.63;-6.97
1988-03-01;8.88;8.10;8.67;8.25;6.66;4.16;5.14;4.96;6.73;-1.51;8.77;2.71;1.78;9.04;6.32;7.65;10.40;1.44;21.62;26.66;5.17;16.48;7.99;5.95;20.16;-20.26;27.03;-1.64;13.63;6.73;10.40;9.95;-1.74
1988-04-01;10.33;11.23;13.08;12.43;11.15;9.11;10.10;9.48;10.09;-0.67;13.11;7.52;7.38;11.66;9.20;9.87;13.26;6.91;22.20;26.53;9.60;21.29;13.43;1.18;18.86;-18.52;27.38;5.09;15.98;10.23;13.23;12.68;6.83
1988-05-01;12.59;14.27;15.65;15.64;15.02;12.53;15.34;14.39;14.00;7.45;15.82;11.32;11.70;15.55;13.47;13.36;16.82;11.65;22.71;26.23;16.06;26.38;17.82;0.31;17.01;-3.94;28.07;13.42;17.23;14.07;17.11;16.60;15.01
1988-06-01;14.91;17.08;18.62;18.29;17.31;14.52;16.66;15.98;15.81;8.67;18.61;13.45;13.87;18.13;14.49;15.37;20.43;13.78;24.31;24.36;21.56;28.59;21.93;-2.91;14.44;0.95;27.66;19.11;16.08;16.03;19.66;19.09;18.35
1988-07-01;15.02;16.76;19.49;20.75;19.69;17.04;18.48;17.09;16.67;10.89;19.21;16.64;17.22;21.94;16.02;16.51;23.75;16.62;26.30;23.08;25.33;29.33;22.35;-3.05;14.33;4.91;27.34;21.29;15.67;16.78;23.05;22.68;22.62
1988-08-01;15.97;18.08;20.56;21.39;19.97;17.54;19.23;18.48;17.93;10.65;20.28;16.78;16.94;22.30;16.93;17.49;23.54;16.45;26.63;22.81;25.29;28.41;26.46;-4.42;14.54;4.07;26.80;16.35;15.69;18.15;23.11;22.80;21.06
1988-09-01;14.89;15.88;17.92;17.74;15.85;13.62;14.73;14.10;14.58;6.77;17.87;12.80;12.77;18.49;14.48;15.15;20.13;12.45;26.99;22.88;18.81;26.76;22.59;-0.45;16.73;-3.13;27.04;11.02;14.91;14.62;19.72;19.40;14.58
1988-10-01;13.29;13.45;15.33;15.44;12.65;11.10;11.36;11.06;11.85;4.40;15.39;10.34;10.34;17.48;11.67;12.48;16.78;9.83;26.69;22.65;10.92;21.67;16.63;1.20;19.08;-13.03;27.32;4.29;14.20;11.89;17.89;17.45;7.05
1988-11-01;9.39;7.31;8.84;9.05;4.92;3.72;4.15;4.02;5.33;3.08;9.01;3.00;2.18;11.26;5.98;6.60;10.95;1.32;25.43;21.28;8.61;16.01;10.21;4.26;18.78;-20.19;26.67;-5.42;13.72;5.33;11.63;11.10;3.56
1988-12-01;10.24;7.45;6.67;6.02;4.62;2.88;4.51;4.84;7.06;-0.17;6.96;1.66;-0.71;8.95;7.67;8.24;8.17;-1.15;23.09;20.79;1.42;13.73;6.67;5.00;21.17;-23.89;25.87;-7.79;11.85;6.91;8.75;8.40;-6.68
1989-01-01;8.73;5.14;5.06;5.85;3.04;2.46;2.51;2.61;3.89;-0.59;5.24;1.88;-1.33;8.28;4.80;5.56;7.98;-2.29;21.20;20.87;1.43;10.98;6.90;7.18;20.94;-20.46;25.81;-2.56;12.73;3.75;8.94;8.43;-6.90
1989-02-01;8.83;7.12;7.43;7.43;4.88;3.95;4.16;3.62;5.37;-3.74;7.66;3.26;1.43;8.99;5.49;6.68;9.17;0.93;20.34;23.13;0.43;12.83;6.67;7.30;21.66;-21.69;26.10;-1.02;11.97;5.37;9.92;9.38;-8.39
1989-03-01;10.05;10.19;11.56;10.93;9.57;8.15;9.26;8.73;9.51;-1.85;11.57;6.55;5.50;11.44;9.02;9.87;12.16;4.75;20.22;25.52;4.05;16.73;8.96;5.42;21.19;-16.63;26.28;1.40;13.46;9.58;12.37;11.99;-4.18
1989-04-01;8.58;8.71;10.33;10.13;9.15;6.50;8.53;7.61;7.89;0.81;10.42;5.30;4.83;11.19;7.37;7.95;12.05;3.88;20.06;27.64;10.04;23.47;14.66;2.17;19.79;-8.61;27.12;7.40;14.15;7.96;12.56;12.00;5.09
1989-05-01;14.48;16.90;18.70;17.63;16.51;14.14;15.84;15.42;15.76;4.69;18.87;12.77;12.28;15.52;14.65;15.32;18.33;12.37;22.31;26.68;16.40;25.07;17.22;-1.16;17.49;-2.62;27.67;13.26;16.70;15.98;17.78;17.33;14.83
1989-06-01;15.38;18.32;20.96;20.42;18.42;15.25;17.08;16.69;16.57;9.18;21.05;14.35;14.42;17.70;15.65;16.76;22.17;13.63;25.15;23.74;22.66;27.05;20.15;-3.31;14.09;1.10;27.62;20.08;17.06;16.80;20.49;19.94;19.46
1989-07-01;18.14;20.72;23.00;23.42;21.63;18.27;19.88;19.49;19.58;9.79;22.92;17.52;17.80;21.89;18.94;19.52;25.25;17.00;26.60;22.97;24.03;27.86;23.84;-2.92;12.57;4.22;27.68;18.87;15.34;19.78;24.03;23.58;21.86
1989-08-01;17.42;19.37;21.46;22.60;20.57;17.31;19.15;18.60;18.38;9.97;21.52;17.04;16.89;22.32;18.18;18.28;24.79;16.14;26.66;22.84;23.30;28.29;26.53;-2.32;12.57;3.34;27.29;16.18;15.31;18.72;23.61;23.18;19.84
1989-09-01;16.14;17.04;18.47;18.36;16.38;13.56;15.49;15.14;15.91;6.92;18.53;12.69;12.89;18.59;16.04;16.64;19.94;12.28;27.30;22.88;20.02;26.20;24.54;-1.34;15.37;-0.96;26.89;11.87;14.50;15.98;19.99;19.67;15.68
1989-10-01;14.20;14.30;15.51;14.96;12.73;10.81;11.60;11.69;13.19;5.08;15.66;9.34;9.12;15.02;13.02;14.05;16.52;8.48;27.16;23.01;13.80;22.61;16.85;1.87;17.99;-8.00;26.79;4.95;13.04;13.25;16.44;16.02;9.02
1989-11-01;10.08;8.25;10.69;11.26;5.64;5.21;3.29;3.42;5.66;1.82;10.76;4.46;2.36;11.92;5.86;7.12;12.71;1.89;24.84;21.28;7.35;18.37;13.13;4.56;18.57;-12.47;26.54;-3.35;13.68;5.67;12.54;11.91;0.27
1989-12-01;8.65;6.77;10.12;9.90;4.49;4.66;3.51;3.47;4.57;-0.35;9.95;3.84;0.70;10.84;4.96;5.65;10.88;0.13;24.03;20.60;-4.25;14.45;7.47;6.42;20.40;-18.45;25.92;-5.84;10.81;4.42;11.64;10.82;-16.52
1990-01-01;9.84;7.34;6.51;6.49;2.60;2.69;2.65;2.80;5.35;-0.58;6.85;1.93;-1.18;8.68;5.87;6.80;8.39;-1.84;20.39;20.76;2.98;13.10;3.25;6.65;21.19;-8.95;25.91;-6.18;11.76;5.15;9.21;8.67;-3.13
1990-02-01;10.70;10.38;11.76;11.32;9.07;7.58;7.76;7.51;8.67;-3.05;11.74;6.24;4.35;10.89;8.28;9.55;12.12;3.11;21.12;23.75;3.77;13.67;6.75;8.28;21.40;-11.77;26.41;-0.19;11.92;8.73;12.62;11.99;-6.94
1990-03-01;9.63;9.14;10.90;10.59;8.50;6.85;8.43;7.87;8.58;-2.33;10.90;5.74;4.71;10.29;8.72;9.27;11.94;4.28;21.82;26.28;5.84;16.23;9.93;5.07;20.98;-16.55;27.28;1.49;13.86;8.57;12.36;11.87;-0.60
1990-04-01;9.80;10.09;11.41;10.98;8.88;6.55;8.52;7.89;8.89;-0.24;11.49;5.40;5.00;11.03;8.69;9.18;12.52;4.94;21.08;27.84;10.69;21.75;14.13;0.00;19.71;-9.22;27.71;7.68;15.18;8.96;13.02;12.47;7.03
1990-05-01;14.53;16.68;18.45;17.54;16.38;13.76;15.84;15.06;15.44;6.87;18.53;12.52;12.70;15.88;14.17;15.01;18.75;12.78;21.57;24.83;15.27;23.94;18.69;-0.22;17.00;-5.21;28.06;10.49;16.79;15.69;18.12;17.54;12.17
1990-06-01;14.08;15.64;18.34;18.63;17.10;14.58;16.44;15.45;15.14;9.77;18.34;13.78;14.03;18.68;14.57;14.57;20.45;13.69;23.68;23.93;21.67;26.63;23.19;-3.06;13.22;1.16;28.01;14.30;16.61;15.28;20.09;19.65;18.51
1990-07-01;17.79;19.87;22.04;22.66;20.57;18.08;18.92;18.40;19.04;11.56;22.10;17.39;17.30;21.32;17.37;19.31;24.01;16.98;25.83;22.73;24.36;28.15;25.91;-2.74;13.12;5.59;27.13;17.19;15.27;19.24;22.81;22.38;21.35
1990-08-01;18.00;20.69;22.72;22.70;21.21;18.12;20.82;19.82;20.23;10.79;22.61;17.25;17.01;21.71;19.25;19.83;24.32;16.59;27.18;22.43;23.67;27.13;28.40;-2.13;13.24;3.25;27.68;15.46;15.23;20.47;23.46;23.03;20.24
1990-09-01;15.71;16.39;19.06;19.64;15.57;13.37;13.86;13.07;14.39;6.61;19.15;12.82;12.75;19.13;13.70;15.06;20.56;12.08;27.79;23.00;19.01;25.33;24.41;-0.56;14.50;3.30;27.20;9.11;15.03;14.57;20.28;19.88;14.45
1990-10-01;13.61;13.71;15.23;15.33;13.33;11.48;11.99;11.57;12.95;4.57;15.35;10.36;10.24;17.67;12.73;13.47;16.46;9.63;27.97;22.76;15.87;23.30;18.39;1.79;16.58;-4.61;26.77;4.97;14.24;13.04;18.02;17.60;8.66
1990-11-01;9.82;8.19;9.56;9.42;6.53;5.10;5.45;5.48;6.95;3.05;9.83;3.55;1.84;11.44;6.74;7.88;10.92;1.36;26.38;21.72;8.70;20.27;14.38;3.01;19.06;-15.27;27.04;-0.14;12.95;6.91;11.95;11.33;2.86
1990-12-01;7.37;4.35;3.81;3.28;1.33;0.02;1.47;1.51;3.49;-1.07;4.15;-1.80;-3.71;7.21;4.09;4.92;5.56;-3.68;22.93;21.28;4.99;15.84;8.51;4.98;22.59;-12.50;25.94;-3.85;11.36;3.35;7.05;6.84;-4.04
1991-01-01;6.86;4.73;5.58;5.06;2.76;2.11;2.26;1.80;3.96;-0.38;5.68;0.58;-1.53;8.12;3.53;4.95;7.00;-1.85;20.99;22.29;0.42;12.76;5.02;7.61;23.62;-14.51;25.91;-6.79;11.66;3.87;8.53;8.24;-10.05
1991-02-01;5.12;2.40;5.08;5.50;1.92;0.86;-0.49;-1.06;0.91;0.90;4.84;0.17;-1.84;7.48;0.59;1.97;7.04;-2.55;20.45;23.97;2.60;14.22;5.45;6.88;22.98;-11.42;26.58;-7.45;13.00;0.87;7.52;7.01;-4.94
1991-03-01;9.32;9.74;11.19;11.12;9.68;7.58;8.13;8.07;9.26;1.05;11.03;6.12;5.86;11.10;9.03;9.55;11.86;5.30;20.06;26.80;6.13;18.20;9.05;4.71;21.32;-10.88;27.05;-2.50;16.52;9.30;12.59;12.11;-0.27
1991-04-01;9.09;9.40;10.77;10.03;8.89;6.46;8.67;8.10;8.95;1.13;10.89;5.14;5.00;10.22;8.62;9.15;11.66;5.19;20.41;26.77;11.64;22.13;14.80;2.83;18.30;-14.30;27.26;6.41;17.14;9.02;12.21;11.72;8.10
1991-05-01;11.32;12.91;14.50;13.37;12.18;9.24;11.41;11.24;11.17;7.13;14.52;7.96;7.94;12.30;10.13;11.22;14.73;8.02;20.79;26.29;19.31;24.14;18.42;-1.06;16.39;-5.34;27.05;13.22;16.81;11.37;14.60;14.09;15.38
1991-06-01;13.06;14.60;16.87;17.67;17.02;14.04;15.69;14.29;13.89;9.76;16.74;13.20;13.47;17.39;13.07;13.88;19.72;13.20;23.45;23.74;22.70;26.89;23.22;-3.58;15.90;0.81;28.19;18.69;16.14;13.98;18.90;18.52;19.76
1991-07-01;15.90;18.57;20.97;21.65;21.47;18.28;21.53;20.18;18.62;13.18;20.69;17.91;18.11;21.51;18.08;18.09;24.02;17.62;25.78;22.68;24.56;27.08;25.85;-3.58;12.93;4.41;27.81;17.83;14.97;18.79;22.58;22.31;21.68
1991-08-01;17.01;20.38;23.42;23.03;22.30;19.20;21.63;20.40;19.30;11.05;23.21;18.68;18.81;22.42;18.09;19.18;24.68;17.97;26.47;22.26;24.40;27.22;25.33;-2.72;13.51;4.38;27.81;15.81;15.43;19.55;23.46;23.16;20.95
1991-09-01;16.40;18.25;20.14;20.18;18.39;15.97;17.43;16.54;16.76;7.60;20.19;15.01;14.91;20.54;15.71;17.14;22.00;14.46;27.69;23.29;19.47;25.08;23.59;-0.51;15.18;-1.31;27.49;10.61;14.54;16.82;21.98;21.42;13.49
1991-10-01;12.07;11.26;12.04;12.12;10.19;8.22;9.37;9.21;10.45;4.28;12.25;7.10;7.31;14.88;10.68;11.08;14.11;6.97;27.24;22.60;13.84;23.64;17.82;1.03;17.87;-8.02;26.93;6.34;13.19;10.44;15.39;14.92;9.57
1991-11-01;10.00;8.06;9.21;9.03;6.35;4.58;5.31;4.70;6.19;-1.13;9.38;3.61;2.31;11.04;6.03;7.62;10.35;1.64;26.59;21.04;7.99;18.08;12.09;3.93;18.20;-15.69;25.85;0.33;11.39;6.15;11.66;11.13;2.23
1991-12-01;6.97;4.47;5.32;5.84;1.36;1.01;0.61;0.99;3.18;0.42;5.47;0.59;-2.53;7.95;3.79;4.28;8.19;-3.53;23.95;19.84;3.59;12.21;7.72;4.55;19.84;-15.99;25.46;-4.58;11.26;3.01;8.77;8.25;-7.14
1992-01-01;6.48;3.64;3.02;3.22;0.56;-0.43;1.02;1.07;2.64;1.80;3.31;-0.49;-3.04;8.09;2.87;3.80;5.27;-3.68;22.34;19.42;0.77;11.91;5.69;8.73;20.57;-15.38;25.82;-5.77;10.44;2.45;8.07;7.88;-10.61
1992-02-01;7.50;5.65;6.36;6.42;3.59;2.76;3.47;3.29;4.57;-0.70;6.34;1.92;0.28;8.03;5.09;5.71;7.76;-0.32;20.82;23.42;1.00;11.75;5.59;5.60;21.00;-18.63;26.46;-5.27;11.02;4.46;9.08;8.60;-8.87
1992-03-01;8.78;8.48;9.47;9.01;7.58;5.61;6.69;6.40;7.85;-0.43;9.42;4.57;4.01;9.74;7.57;8.40;10.71;3.11;20.57;25.72;3.20;15.78;9.30;4.07;20.94;-13.28;27.09;0.57;14.71;7.84;11.47;10.92;-4.78
1992-04-01;9.37;9.78;11.54;11.37;10.64;8.05;9.51;8.95;9.16;1.68;11.41;7.01;6.54;11.64;9.04;9.32;12.95;6.49;20.29;27.29;8.98;19.73;14.50;2.91;18.32;-8.42;27.73;4.72;14.10;9.23;13.21;12.70;5.75
1992-05-01;13.40;15.80;17.86;16.72;16.04;13.81;16.00;15.17;15.08;5.83;17.90;12.26;12.42;16.39;14.90;14.77;17.88;12.85;22.45;25.69;15.24;23.79;16.98;-1.29;16.05;-3.66;27.66;11.75;14.10;15.21;17.60;17.24;13.87
1992-06-01;14.93;17.08;17.40;16.25;16.61;13.74;17.37;16.87;16.26;7.97;17.67;12.38;13.01;17.03;15.99;15.88;18.05;12.91;24.55;23.82;20.77;27.57;20.45;-4.08;13.54;1.07;27.94;16.06;16.40;16.38;18.66;18.19;18.25
1992-07-01;16.50;18.93;20.97;20.86;20.43;17.87;20.07;19.71;18.92;9.91;20.86;16.97;17.23;20.48;17.97;17.92;22.92;17.09;25.71;23.01;23.38;27.52;25.08;-4.38;13.52;4.26;26.86;18.24;15.36;19.17;22.27;21.88;18.87
1992-08-01;16.49;19.19;21.28;22.26;22.01;19.03;21.77;20.76;19.29;9.85;21.16;18.48;19.06;22.62;18.00;18.31;24.14;18.65;26.60;22.40;22.25;27.94;26.62;-1.60;13.53;2.81;27.24;18.00;14.98;19.55;23.81;23.42;19.03
1992-09-01;14.33;15.21;16.65;17.71;15.75;13.65;15.16;14.44;14.63;6.71;16.74;12.87;13.13;19.57;14.58;15.06;19.73;13.01;27.08;22.63;19.42;25.19;23.20;-0.08;14.43;0.99;27.06;12.68;14.65;14.73;19.88;19.56;14.93
1992-10-01;10.95;10.29;11.66;11.84;9.63;7.30;8.44;7.74;8.60;4.00;11.83;6.62;6.45;15.00;8.42;9.84;13.93;6.02;26.65;22.59;11.86;23.76;16.85;1.51;17.07;-11.21;26.97;1.76;13.31;8.62;15.38;14.82;6.74
1992-11-01;11.60;10.91;11.91;10.84;8.32;7.47;7.63;7.23;8.64;-0.30;12.11;6.41;4.76;12.99;8.50;9.88;12.58;4.38;25.92;21.92;7.58;18.58;12.16;5.48;18.09;-9.48;26.03;-3.20;12.02;8.60;13.21;12.78;1.12
1992-12-01;8.10;6.30;7.34;7.56;4.64;3.51;2.74;3.11;4.07;-1.34;7.54;2.72;-0.29;9.83;4.06;5.48;9.10;-1.06;23.15;19.54;2.67;12.94;8.02;8.24;20.11;-15.44;25.60;-5.03;11.83;4.05;10.36;9.86;-4.01
1993-01-01;9.69;8.36;7.24;6.27;4.39;3.63;4.80;4.51;6.49;-3.87;7.54;2.50;0.50;8.35;6.13;7.75;7.72;0.19;21.26;20.88;2.20;11.82;5.53;6.76;22.28;-20.60;25.82;-5.08;11.74;6.43;9.14;8.61;-8.88
1993-02-01;7.11;4.49;5.92;5.91;1.64;0.80;0.22;-0.15;2.39;0.11;5.90;0.36;-1.28;7.74;2.92;4.33;7.43;-1.93;20.22;23.01;-2.01;12.45;6.45;7.52;22.16;-18.97;25.98;-5.43;12.86;2.20;8.26;7.86;-14.29
1993-03-01;8.60;8.15;9.75;8.96;6.65;4.70;5.51;5.45;6.83;0.81;9.56;3.37;2.61;8.76;6.43;7.78;9.81;2.24;20.34;26.06;2.46;15.47;7.95;5.82;20.04;-19.25;26.35;-2.92;13.79;6.82;10.13;9.63;-3.84
1993-04-01;10.49;10.87;11.95;11.41;11.04;8.68;11.88;11.30;11.34;3.39;11.93;7.04;7.06;11.65;11.19;10.89;12.62;7.55;21.51;27.73;10.62;21.21;12.75;2.47;18.89;-15.00;27.14;5.06;16.04;11.34;13.24;12.70;6.20
1993-05-01;12.23;13.97;16.11;16.01;15.24;12.54;15.34;14.48;14.26;5.30;15.95;11.38;12.07;16.12;14.24;13.83;17.17;11.92;22.63;26.39;17.74;23.85;17.73;0.41;16.12;-5.20;27.40;14.27;15.97;14.32;17.31;16.79;13.58
1993-06-01;14.84;17.55;19.20;19.26;18.69;15.88;17.71;17.23;16.95;9.35;19.12;14.73;15.15;18.93;16.39;16.37;21.17;14.72;24.65;23.96;21.94;27.31;21.38;-3.26;13.16;1.22;27.91;13.94;16.88;17.14;20.61;20.26;18.09
1993-07-01;15.36;17.32;19.36;19.88;18.85;16.14;18.11;17.64;17.06;9.90;19.23;15.09;15.46;20.54;16.70;16.59;22.27;15.27;26.34;23.11;25.62;28.03;22.44;-1.57;14.01;6.80;26.90;17.29;15.30;17.32;21.37;21.15;21.91
1993-08-01;15.82;18.39;20.87;21.28;20.06;16.95;18.14;17.92;16.86;9.34;20.65;16.71;17.05;22.65;16.08;16.67;23.57;16.57;27.01;22.82;23.86;28.47;24.58;-0.72;14.08;3.92;27.44;15.12;15.37;17.21;22.96;22.79;20.76
1993-09-01;14.01;14.63;16.24;17.17;14.88;12.39;13.83;13.36;13.81;8.98;16.15;11.50;11.81;18.88;13.85;13.94;19.05;11.32;26.93;22.87;19.48;26.83;22.23;0.96;15.01;-1.73;27.13;6.75;14.20;13.93;19.23;18.85;14.34
1993-10-01;11.11;10.29;12.35;12.45;10.53;8.56;8.69;8.56;9.48;4.42;12.36;7.53;7.35;15.68;9.49;10.12;14.24;6.97;26.86;22.66;12.87;25.42;16.69;3.37;17.14;-11.84;26.69;4.12;14.14;9.42;15.94;15.46;6.69
1993-11-01;8.04;5.01;6.71;7.72;3.51;2.90;1.49;1.52;3.15;3.58;6.85;2.49;1.36;11.24;3.18;4.55;9.98;0.23;24.48;21.73;8.36;19.28;13.11;6.00;18.53;-5.31;26.44;-8.92;13.36;3.05;11.00;10.54;1.41
1993-12-01;9.64;8.11;9.33;8.52;5.92;4.43;5.28;4.95;6.61;-3.95;9.43;2.86;1.05;9.66;6.36;7.67;9.21;0.63;22.65;20.22;2.46;15.96;7.55;6.32;20.72;-14.48;26.25;-4.15;11.95;6.53;10.05;9.47;-6.24
1994-01-01;8.87;7.15;7.21;6.37;3.99;2.96;3.76;3.60;5.81;-4.31;7.52;0.89;-0.29;8.57;5.96;7.00;7.70;-0.31;20.08;21.39;-4.16;14.50;3.91;8.61;22.81;-19.56;26.14;-4.05;11.27;5.72;8.82;8.53;-16.57
1994-02-01;8.08;7.35;8.35;7.36;5.54;3.31;2.69;2.53;4.43;-0.25;8.51;1.54;0.89;8.34;3.50;5.72;8.75;0.50;20.16;23.89;-2.26;14.41;4.28;6.59;22.10;-17.04;26.33;-12.35;13.89;4.58;9.29;8.65;-11.58
1994-03-01;9.76;9.74;11.28;11.39;10.23;8.26;9.44;8.66;9.10;-2.56;11.12;7.31;6.77;11.36;8.35;9.30;12.94;6.38;20.18;26.46;3.71;16.32;7.50;5.89;19.46;-12.28;26.30;-3.73;15.63;9.21;12.69;12.24;-2.23
1994-04-01;9.20;9.57;10.91;9.91;8.84;6.40;8.91;8.23;9.06;1.02;10.97;4.87;4.37;10.48;8.74;9.24;11.88;4.24;20.90;26.29;12.36;22.82;14.99;3.39;18.84;-7.86;27.08;6.66;15.28;9.06;12.12;11.61;6.03
1994-05-01;12.16;13.82;16.02;16.15;14.90;12.57;14.06;13.24;13.62;7.17;15.92;11.45;11.64;15.86;12.52;13.11;17.45;11.82;21.45;26.30;15.87;24.95;19.17;-1.95;16.25;-5.05;27.28;9.89;16.60;13.71;16.97;16.49;12.51
1994-06-01;14.37;17.22;19.19;18.89;18.37;15.52;17.99;17.35;16.75;8.18;19.11;14.49;15.22;18.60;15.76;16.01;21.30;15.06;23.75;23.60;23.13;26.80;22.02;-1.95;14.04;0.92;27.50;14.60;15.71;16.99;20.19;19.74;19.75
1994-07-01;16.67;20.44;22.62;23.28;23.02;19.88;22.47;22.52;21.58;11.93;22.49;19.38;19.53;22.96;20.42;19.57;25.72;19.50;25.44;22.41;26.02;28.55;27.67;-3.98;12.99;3.74;27.77;17.53;15.28;21.60;24.37;24.06;21.97
1994-08-01;16.69;19.33;21.94;23.12;21.83;18.55;19.60;18.96;18.85;10.74;21.87;18.24;18.36;24.16;17.94;17.99;24.87;17.74;26.27;22.78;22.79;28.31;28.66;-0.71;13.41;2.27;27.20;15.50;15.03;18.87;24.54;24.21;18.60
1994-09-01;14.12;14.68;16.49;16.76;15.46;12.90;14.70;13.94;14.07;6.91;16.54;12.01;12.24;19.49;13.98;14.31;19.14;11.92;26.19;23.20;19.41;27.65;24.44;-0.15;15.18;-1.57;27.29;13.70;14.50;14.13;19.12;18.76;14.85
1994-10-01;13.04;13.08;14.57;14.46;12.00;10.39;9.81;9.65;10.90;3.24;14.70;9.23;9.26;15.96;10.39;11.67;15.78;8.68;26.74;22.57;13.34;25.79;19.33;1.70;16.93;-11.73;26.80;4.71;14.74;10.98;16.53;16.04;9.48
1994-11-01;12.30;11.37;12.04;11.61;9.70;8.39;8.98;8.89;10.90;0.76;12.17;7.42;6.22;13.89;11.00;11.48;13.55;5.90;26.11;21.03;10.27;17.68;12.26;6.30;19.21;-17.59;25.77;-2.73;13.63;10.72;14.45;13.95;4.14
1994-12-01;10.59;8.72;8.89;7.85;5.70;4.52;5.32;5.25;6.39;-2.48;9.25;2.93;1.76;10.46;6.32;7.80;9.42;1.06;24.44;19.88;4.68;13.17;7.73;7.46;20.63;-10.82;26.38;-8.94;12.74;6.38;10.63;10.15;-4.18
1995-01-01;9.20;6.47;6.80;5.75;3.82;2.43;2.17;2.69;5.03;-3.83;6.98;0.45;-2.57;7.50;5.19;6.39;7.64;-3.23;21.64;21.34;2.79;12.70;4.77;8.61;20.96;-20.15;25.90;-6.75;12.31;4.95;8.01;7.62;-5.94
1995-02-01;9.85;9.39;9.58;9.04;7.23;5.80;6.64;6.22;7.93;-4.21;9.71;4.47;2.73;9.60;7.65;8.94;10.70;2.43;21.50;24.57;-1.43;14.71;5.57;7.38;21.46;-16.96;25.79;-1.37;12.55;7.92;10.80;10.27;-9.84
1995-03-01;8.30;7.88;9.36;8.53;6.28;4.69;5.01;4.68;6.33;-3.11;9.47;3.18;1.67;8.83;6.20;7.22;10.40;1.42;19.61;26.67;5.93;17.82;8.33;4.04;20.02;-17.66;26.79;0.42;14.29;6.35;10.31;9.77;-0.15
1995-04-01;9.76;10.42;12.13;11.58;10.40;7.99;9.98;9.19;9.26;0.75;12.06;6.66;6.53;11.41;9.26;9.57;13.91;6.00;20.24;28.16;10.10;19.79;14.32;4.49;17.32;-8.42;27.15;8.65;17.00;9.31;13.03;12.50;4.06
1995-05-01;13.03;14.30;16.77;15.86;14.16;12.28;14.00;13.36;13.47;6.40;16.53;10.65;10.62;14.62;13.20;13.67;16.91;11.14;22.50;25.89;16.04;23.76;18.53;1.47;16.62;-3.74;27.70;14.35;17.82;13.56;15.78;15.36;13.44
1995-06-01;14.60;16.87;19.45;18.34;16.62;14.07;15.74;15.41;15.70;9.69;19.18;12.92;13.25;17.08;14.80;15.57;20.70;13.11;24.92;24.69;21.48;29.35;20.35;-2.96;13.63;1.38;27.82;19.47;16.92;15.85;19.15;18.67;20.84
1995-07-01;17.62;21.29;23.17;23.01;22.20;19.60;21.63;21.56;20.89;10.64;23.03;18.41;18.66;22.23;20.20;19.99;24.70;18.62;27.12;22.99;25.47;28.83;25.96;-6.27;12.08;4.61;27.48;17.40;15.47;21.10;24.03;23.69;22.41
1995-08-01;18.17;20.97;22.15;21.67;20.08;17.40;19.05;19.35;20.34;10.91;22.09;16.10;15.86;21.73;20.15;20.37;23.82;15.70;27.09;23.29;24.77;28.36;29.39;-4.03;15.09;3.80;26.93;16.56;15.77;20.45;23.44;22.92;20.49
1995-09-01;14.77;14.91;16.13;16.19;14.04;11.54;13.04;12.94;14.03;7.99;16.25;10.38;10.57;17.05;14.45;14.62;18.60;10.26;27.59;23.24;19.44;27.45;23.21;-0.19;14.78;0.39;27.52;12.61;15.19;14.01;18.18;17.80;13.38
1995-10-01;14.82;15.36;17.35;17.05;14.80;13.26;13.42;13.27;13.99;2.80;17.22;11.81;11.59;16.96;13.59;14.78;17.94;11.01;27.89;23.14;16.02;23.10;18.73;3.92;16.88;-9.48;27.12;6.24;13.37;14.07;18.26;17.79;11.13
1995-11-01;10.38;8.33;9.33;9.57;6.62;5.15;4.62;5.27;7.01;1.34;9.49;3.59;2.69;12.04;7.76;8.31;12.27;2.30;27.08;22.48;6.48;17.22;11.49;5.53;19.26;-17.49;26.74;-3.09;12.94;6.89;12.27;11.80;-0.70
1995-12-01;7.63;5.21;7.50;7.48;3.35;2.58;0.69;0.86;2.77;-0.96;7.40;1.77;0.03;10.11;1.46;4.08;9.04;-0.79;23.72;20.55;-0.50;13.88;6.72;7.40;19.13;-17.72;26.00;-10.29;11.07;2.82;10.05;9.43;-8.50
1996-01-01;8.73;6.93;8.98;9.29;5.01;4.71;-0.63;0.06;3.28;0.54;8.94;3.47;1.51;10.15;2.40;5.45;10.15;-0.61;21.99;21.47;-1.12;13.00;5.35;6.54;21.63;-12.57;25.49;-11.24;10.35;3.36;11.12;10.35;-10.99
1996-02-01;6.58;4.45;5.90;5.72;2.66;0.79;0.65;0.85;2.31;-2.53;6.02;-1.01;-2.20;7.33;2.24;3.62;7.30;-2.36;20.64;23.28;-0.07;15.15;4.25;6.82;20.61;-18.24;25.65;-11.09;13.09;2.23;7.52;6.99;-8.31
1996-03-01;7.98;7.59;9.32;8.83;5.87;4.37;3.65;3.50;5.61;1.97;9.27;2.87;2.39;8.86;4.27;6.38;10.05;1.92;20.28;26.41;2.70;16.95;8.49;5.65;20.08;-9.54;26.43;-4.52;14.12;5.69;9.92;9.46;-2.17
1996-04-01;9.63;10.54;12.62;12.20;10.67;8.30;10.30;9.55;10.03;4.09;12.55;6.93;7.13;11.83;9.71;10.15;13.60;7.54;21.36;26.06;10.29;19.95;11.78;1.94;17.76;-11.68;27.22;5.79;15.91;10.16;13.49;12.96;5.26
1996-05-01;10.30;12.05;15.20;15.28;13.82;11.18;12.65;11.85;11.40;7.60;15.09;10.21;10.76;14.86;10.55;11.03;16.86;10.89;22.82;26.90;15.21;25.98;17.46;1.30;16.64;-6.26;27.51;15.80;17.82;11.69;16.37;15.80;12.43
1996-06-01;15.01;17.92;20.66;20.18;18.66;15.99;17.76;17.24;17.25;10.02;20.33;14.71;15.28;18.98;15.81;17.04;22.02;15.19;24.62;24.09;21.55;26.94;22.09;-1.72;14.47;0.63;27.42;16.55;16.10;17.66;20.85;20.35;19.04
1996-07-01;16.17;19.01;21.63;21.47;19.33;16.90;17.91;17.76;18.12;11.16;21.30;15.84;16.01;20.52;17.00;18.24;23.70;15.81;26.37;23.34;22.70;28.19;25.53;-1.09;12.97;4.62;27.74;18.62;15.93;18.45;22.00;21.60;20.53
1996-08-01;16.25;18.48;19.92;20.02;18.77;15.87;18.36;17.85;17.92;10.35;19.86;14.90;15.10;21.29;17.25;18.26;22.16;14.85;27.22;22.73;22.97;28.22;25.72;-0.70;13.94;3.16;27.15;17.10;15.50;18.12;22.04;21.66;20.23
1996-09-01;14.53;15.25;16.43;16.09;13.47;11.05;12.15;12.11;13.50;10.51;16.55;9.81;10.04;16.91;13.30;14.41;18.20;9.66;27.12;22.84;19.89;27.97;22.02;2.31;16.20;-1.26;27.21;9.63;15.72;13.56;17.75;17.33;16.23
1996-10-01;13.52;12.95;13.87;13.54;11.37;9.47;10.57;10.34;11.44;4.46;13.95;8.24;8.03;14.65;11.64;12.65;15.12;8.00;28.00;22.26;13.37;23.00;17.12;3.20;17.07;-6.65;27.03;5.48;14.40;11.40;15.60;15.19;8.42
1996-11-01;9.77;8.13;9.23;8.95;6.43;4.54;5.63;5.31;6.44;-3.20;9.51;3.36;2.67;11.87;6.47;7.53;11.06;2.47;26.44;21.77;5.61;19.64;12.07;5.13;17.68;-6.98;26.94;3.54;12.19;6.41;12.08;11.49;-0.79
1996-12-01;6.54;3.13;6.31;6.79;3.41;2.61;-0.31;-0.32;1.79;-1.46;6.30;1.96;-0.18;9.66;1.44;3.25;8.98;-0.68;23.48;19.66;4.47;15.35;7.84;6.84;19.73;-18.93;26.15;-8.15;11.74;1.75;10.22;9.66;-1.19
1997-01-01;5.10;2.34;5.41;6.14;0.65;0.81;-2.86;-2.99;0.05;-0.14;5.12;0.73;-1.51;9.72;-0.14;1.84;8.10;-1.81;21.57;20.54;-0.56;14.55;4.96;7.50;20.38;-20.84;26.16;-8.43;10.41;-0.03;9.74;9.25;-10.27
1997-02-01;9.41;8.20;9.86;9.62;6.17;5.50;5.61;5.15;6.77;-2.78;9.68;4.27;2.18;9.72;7.29;8.11;10.23;1.87;22.52;22.97;3.52;13.42;5.83;5.96;22.11;-18.97;26.31;-5.31;13.08;6.71;10.37;9.90;-7.07
1997-03-01;9.96;10.21;11.50;11.26;9.30;7.73;8.44;8.05;9.07;-0.92;11.40;6.72;5.58;10.88;9.06;9.69;13.31;4.48;21.66;25.04;5.24;15.84;9.61;6.45;21.10;-14.70;26.64;-1.93;13.95;9.12;12.68;12.23;-4.40
1997-04-01;10.36;11.19;13.66;13.08;10.69;8.20;8.69;8.33;9.30;3.11;13.50;7.01;6.48;11.27;8.69;9.82;14.63;6.52;20.88;25.22;9.96;19.59;14.45;2.16;19.24;-14.88;26.92;4.15;14.04;9.42;13.68;13.18;4.95
1997-05-01;13.03;14.87;17.49;17.24;15.87;13.09;14.44;13.77;13.80;5.98;17.42;12.13;11.90;16.17;13.11;13.79;17.51;11.65;23.29;26.55;14.55;25.28;18.61;-0.62;16.63;-4.38;27.89;11.13;14.66;13.86;16.91;16.50;10.81
1997-06-01;14.17;16.05;18.31;18.82;17.79;14.78;16.81;16.62;16.26;8.78;18.31;13.96;14.53;19.43;15.93;15.89;20.14;13.99;25.27;24.72;20.98;28.03;22.04;-1.65;13.92;1.18;27.75;17.83;17.10;16.35;19.77;19.32;20.17
1997-07-01;16.17;18.96;20.43;20.76;19.42;16.92;18.09;18.10;18.09;11.94;20.45;15.79;15.80;20.71;17.44;17.64;22.80;15.33;26.40;23.32;24.37;29.09;25.65;-4.29;13.10;4.38;27.71;18.66;15.88;18.30;21.76;21.40;20.61
1997-08-01;18.26;21.58;23.19;23.17;22.64;20.11;20.87;21.62;21.91;11.07;23.23;18.47;18.02;22.30;20.79;20.33;24.42;17.51;26.69;22.90;22.56;28.00;26.47;-1.89;13.67;3.21;27.62;17.14;15.49;22.20;23.94;23.47;18.86
1997-09-01;15.91;17.96;19.20;19.09;17.13;15.02;15.67;15.49;15.77;8.14;19.25;14.11;14.27;20.47;14.93;15.69;20.89;14.03;27.32;23.29;19.29;25.89;22.62;-1.35;15.33;-0.89;27.28;8.32;15.62;15.95;21.47;21.01;14.63
1997-10-01;13.80;13.57;15.43;15.64;11.66;9.91;9.50;9.35;10.95;5.54;15.46;9.11;8.77;16.71;10.47;11.88;17.65;8.30;27.56;23.07;13.23;23.68;17.39;2.26;17.60;-7.24;26.85;3.57;13.80;11.00;17.64;17.25;7.46
1997-11-01;11.35;10.04;10.87;10.34;8.00;7.19;5.32;5.86;8.19;2.77;11.05;5.60;3.82;12.54;7.75;9.13;12.56;3.17;27.13;22.50;6.55;19.49;13.55;5.24;20.33;-11.42;26.54;-1.20;13.13;8.22;13.46;12.82;0.68
1997-12-01;9.20;7.05;7.69;7.31;5.03;3.76;3.61;3.58;5.69;2.12;7.93;2.05;0.02;9.82;5.77;6.69;8.79;-0.64;24.02;22.29;2.65;14.92;7.84;5.90;22.17;-13.31;26.25;-8.41;11.66;5.63;9.58;9.11;-6.22
1998-01-01;7.80;6.06;7.61;7.29;4.31;2.93;3.42;3.41;4.61;-0.65;7.78;1.36;-0.45;9.01;4.91;5.70;8.60;-1.10;22.38;22.90;3.83;13.94;2.47;7.37;22.75;-21.49;26.81;-5.53;10.47;4.52;9.67;9.10;-8.01
1998-02-01;8.67;6.44;8.10;8.43;4.73;4.21;4.29;3.86;5.02;-1.99;7.98;3.47;1.67;9.78;6.29;6.87;9.53;1.21;22.97;24.40;4.09;15.20;6.12;8.59;23.49;-23.03;27.59;-8.35;11.66;4.94;10.01;9.68;-4.35
1998-03-01;9.71;9.24;10.83;10.20;7.66;5.90;6.92;6.62;8.20;-2.49;10.87;4.24;3.97;9.63;8.12;8.93;11.89;3.17;22.79;26.85;6.09;16.07;9.21;7.01;21.88;-15.60;27.78;-2.44;15.25;8.22;11.40;10.94;-0.91
1998-04-01;9.23;9.50;11.25;10.88;9.82;7.48;9.81;8.85;9.26;3.55;11.26;6.00;5.64;11.32;9.22;9.46;12.50;5.31;22.25;28.04;11.45;22.91;16.00;4.96;19.43;-13.69;28.12;3.41;18.74;9.24;12.86;12.21;8.08
1998-05-01;13.38;15.75;17.06;16.43;15.84;13.09;15.71;14.98;15.33;7.09;17.09;11.71;12.08;15.84;15.16;15.00;17.66;12.70;22.56;27.42;17.31;25.62;20.03;2.37;16.61;-6.23;28.38;13.33;19.75;15.45;17.39;16.90;17.58
1998-06-01;14.56;16.57;18.81;19.41;18.37;15.90;18.14;17.19;16.93;10.39;18.51;14.82;15.36;19.52;15.86;16.26;21.40;15.13;24.47;25.41;20.64;27.62;21.35;1.67;14.48;0.80;28.37;19.13;19.48;17.27;20.49;20.14;18.89
1998-07-01;15.33;17.32;20.34;21.57;20.76;17.69;18.52;17.65;17.28;10.95;20.02;17.10;17.49;21.67;16.64;17.09;23.86;17.02;25.57;23.51;24.61;29.43;25.06;-0.12;13.30;7.01;27.75;18.25;17.18;17.57;23.11;22.84;20.87
1998-08-01;16.37;19.27;22.17;21.98;20.09;17.68;19.15;18.80;18.69;11.33;21.72;16.65;16.71;22.44;17.31;18.15;23.90;16.30;27.35;23.39;24.26;29.77;26.70;-0.52;14.96;5.19;27.01;15.02;16.00;19.02;23.08;22.86;20.34
1998-09-01;15.63;16.55;18.38;18.36;16.01;13.84;14.59;14.28;15.61;8.38;18.39;12.60;12.60;18.41;15.52;16.18;19.92;11.83;27.53;22.90;20.99;28.16;23.95;0.78;17.32;-0.99;27.56;10.49;15.99;15.64;19.39;19.01;15.74
1998-10-01;13.24;12.93;13.49;13.27;11.65;9.55;10.62;9.93;11.25;2.25;13.68;8.22;7.80;14.98;10.75;12.39;15.38;7.60;27.88;22.55;13.91;24.47;19.55;3.46;17.60;-6.29;27.67;5.37;14.34;11.24;15.65;15.19;9.57
1998-11-01;9.58;6.43;7.30;6.89;3.81;2.36;2.63;2.24;4.49;1.01;7.65;1.17;-0.96;10.32;4.66;6.59;9.52;-1.80;27.19;22.02;8.15;20.11;12.56;5.44;17.80;-8.57;27.50;-9.13;13.80;4.39;9.66;9.42;3.43
1998-12-01;9.64;6.69;6.08;5.63;3.13;2.56;2.78;2.83;5.26;0.28;6.37;0.67;-1.70;8.60;5.50;6.89;7.77;-2.65;23.47;20.69;5.08;15.29;7.62;6.16;21.31;-16.16;26.40;-6.85;12.10;5.10;8.57;8.16;-1.99
1999-01-01;9.32;7.66;7.43;7.02;4.30;3.06;4.12;4.10;6.01;-1.44;7.66;1.53;-0.51;8.49;6.03;7.50;8.44;-0.89;19.64;20.77;0.26;13.98;5.00;7.89;22.45;-13.71;26.02;-5.10;10.98;5.89;9.24;8.63;-10.13
1999-02-01;8.23;6.51;6.75;6.16;3.25;1.59;1.50;2.09;4.49;-2.79;6.92;-0.36;-1.97;7.11;4.50;6.08;8.02;-2.87;19.30;23.39;2.02;14.83;5.20;6.42;22.17;-16.05;26.33;-7.20;12.70;4.40;7.76;7.39;-6.03
1999-03-01;8.97;9.36;10.66;9.85;8.33;6.52;7.05;6.78;8.10;-3.25;10.70;4.83;3.79;10.14;7.72;8.62;11.46;3.15;19.09;26.11;4.70;18.08;9.40;5.77;21.92;-10.35;26.82;-1.95;14.70;8.18;11.40;10.92;-1.59
1999-04-01;10.43;10.96;12.50;12.24;10.35;8.42;10.31;9.68;10.50;1.57;12.49;6.75;6.01;11.67;10.07;10.81;13.68;5.33;20.20;26.33;10.79;21.27;14.13;4.27;17.71;-12.52;27.77;8.90;17.44;10.52;13.36;12.77;6.67
1999-05-01;13.35;15.38;17.82;17.16;16.87;14.61;15.84;14.92;15.48;7.26;17.72;13.21;13.41;16.94;14.59;15.08;17.51;13.40;22.43;24.14;16.34;25.44;19.08;1.06;16.68;-3.53;27.26;8.61;17.82;15.58;17.86;17.48;16.69
1999-06-01;14.33;16.57;18.97;18.98;17.24;14.68;16.69;16.12;16.13;9.26;18.84;13.49;14.00;19.35;15.36;15.97;20.88;13.72;25.12;23.51;22.38;27.71;22.23;-1.58;14.40;1.18;27.25;21.04;18.14;16.24;20.55;20.14;21.32
1999-07-01;17.19;20.66;21.83;21.92;21.08;18.32;20.27;20.41;20.18;11.16;21.70;17.34;17.43;21.85;19.26;19.58;23.91;17.23;26.37;23.06;26.28;29.15;25.44;-1.37;13.94;4.52;27.24;21.40;15.57;20.31;23.29;22.99;22.65
1999-08-01;17.17;19.06;21.67;21.79;20.55;17.85;19.06;18.77;18.95;11.46;21.61;16.90;17.21;23.10;17.92;18.51;24.38;16.70;26.49;22.87;23.62;29.59;27.92;-1.64;14.38;3.17;26.96;15.78;16.42;19.08;23.74;23.28;19.72
1999-09-01;16.13;17.87;19.56;19.85;18.74;15.97;18.35;17.68;17.58;8.30;19.63;14.62;15.11;20.63;17.32;17.31;21.19;14.50;26.91;23.22;20.08;27.86;26.05;-0.28;15.89;1.11;27.03;11.51;14.96;17.60;22.07;21.52;17.56
1999-10-01;13.09;13.00;14.41;14.61;12.11;10.47;10.21;9.96;11.17;5.59;14.63;9.66;9.08;17.42;11.16;11.98;16.36;8.51;26.97;22.91;12.92;24.28;18.92;2.98;17.76;-8.53;26.66;7.08;12.61;11.27;17.55;16.98;7.76
1999-11-01;10.76;7.59;7.49;7.22;4.76;2.84;3.98;3.93;6.06;1.55;7.74;1.72;0.35;11.47;6.86;8.13;9.43;-0.49;25.84;21.33;9.61;19.85;13.16;6.74;17.45;-6.31;26.62;-5.53;11.38;5.91;10.77;10.44;5.15
1999-12-01;9.38;7.37;7.21;6.15;4.13;2.81;3.47;3.34;5.40;-2.42;7.64;1.28;-1.04;8.92;5.38;6.98;7.75;-1.48;24.04;20.43;3.64;15.23;7.45;6.14;19.88;-12.80;26.30;-2.18;10.14;5.36;8.83;8.32;-3.26
2000-01-01;7.76;4.90;4.85;4.31;2.43;0.78;2.15;2.36;3.89;-0.20;5.19;-0.58;-2.49;7.55;4.49;5.28;6.57;-3.36;20.78;21.59;-1.32;12.58;6.38;6.57;20.42;-11.36;25.62;-7.10;11.49;3.81;7.87;7.48;-10.29
2000-02-01;9.42;8.31;8.94;8.75;5.92;5.06;5.39;5.16;6.67;-1.68;8.89;3.59;1.68;9.11;6.49;7.70;10.16;1.52;20.89;23.26;1.24;13.68;4.61;7.16;22.32;-13.94;26.10;-3.50;13.14;6.65;10.16;9.73;-7.17
2000-03-01;8.43;7.95;9.22;9.36;7.52;5.31;6.88;6.39;7.45;-0.24;9.30;4.25;3.89;10.06;7.58;8.02;11.74;3.51;21.74;25.31;7.37;15.69;8.38;5.28;21.17;-16.08;26.77;-1.74;15.64;7.39;11.60;11.07;2.12
2000-04-01;9.24;10.09;12.28;11.93;11.13;8.71;11.27;10.13;9.81;1.04;12.24;7.15;7.36;12.08;9.90;9.67;13.03;6.87;21.81;26.34;9.95;22.42;13.70;3.74;18.98;-14.74;27.24;10.35;16.64;9.82;13.48;12.91;5.19
2000-05-01;12.66;15.03;16.96;17.21;16.32;13.84;16.03;15.00;14.91;6.88;16.93;12.67;12.54;16.86;14.38;14.22;18.17;13.13;21.60;25.29;16.62;24.66;19.20;1.01;15.59;-5.33;27.99;10.74;16.47;15.00;18.34;17.94;13.31
2000-06-01;15.04;17.56;19.93;19.80;19.44;16.80;19.08;18.23;17.20;9.75;19.78;15.39;16.10;19.80;16.36;17.10;20.84;16.20;24.44;23.02;21.43;27.27;21.96;-2.46;13.20;0.57;27.30;15.90;16.00;17.39;21.43;21.09;17.47
2000-07-01;15.74;17.85;20.06;20.30;18.63;15.87;16.93;16.31;16.66;11.85;19.99;14.80;15.10;20.83;15.76;16.91;22.28;14.56;25.89;22.83;22.61;29.32;26.75;-2.68;13.21;4.25;27.23;19.00;15.81;16.80;21.44;21.08;19.77
2000-08-01;16.71;19.50;21.53;21.69;20.96;18.49;19.83;19.41;18.98;10.85;21.53;17.37;17.36;23.19;18.07;18.59;23.81;17.00;27.29;22.47;22.47;28.25;27.84;-0.72;13.75;3.17;26.86;16.44;14.95;19.22;23.61;23.26;19.46
2000-09-01;15.78;17.36;18.63;19.01;17.06;14.92;15.63;15.82;16.33;8.75;18.61;13.72;13.79;19.45;16.36;16.40;20.86;13.33;27.57;23.12;18.80;26.57;24.78;-1.40;16.51;0.02;26.99;9.73;15.47;16.45;20.36;19.93;14.01
2000-10-01;12.54;12.30;14.14;13.74;12.20;10.05;11.55;11.13;11.80;4.22;14.29;8.86;8.66;15.92;11.83;12.20;15.88;8.38;27.16;22.38;13.13;22.63;18.02;1.97;17.27;-1.28;27.31;6.88;14.56;11.76;16.48;16.04;8.90
2000-11-01;9.97;9.30;10.34;9.88;8.59;6.65;7.67;7.49;7.97;0.18;10.64;4.85;3.43;12.22;8.14;8.70;11.47;2.34;25.94;21.67;6.88;19.11;12.50;4.43;19.23;-6.13;26.68;-0.84;14.06;7.97;12.72;12.04;2.53
2000-12-01;9.75;8.92;10.04;9.30;6.93;6.17;5.56;5.83;6.91;-2.49;10.23;4.18;1.88;11.08;6.02;7.82;10.34;0.20;23.48;19.91;-0.83;15.00;7.50;5.46;21.79;-13.41;26.48;-3.03;10.73;7.04;11.88;11.15;-9.18
2001-01-01;7.56;6.71;8.48;7.71;5.49;3.95;3.12;3.25;4.70;-0.40;8.54;2.22;0.81;9.47;3.71;5.57;8.54;-0.37;21.42;21.59;-1.54;13.92;2.89;7.17;22.68;-12.17;26.05;-4.89;11.75;4.81;10.45;9.79;-9.06
2001-02-01;7.92;6.58;7.62;7.12;5.36;3.46;4.30;4.09;5.37;-0.76;7.76;2.12;1.49;8.80;5.37;6.37;8.78;0.65;21.12;24.44;1.00;14.55;5.06;6.10;22.69;-12.21;26.19;-7.78;13.13;5.32;9.55;9.15;-8.10
2001-03-01;9.26;9.72;12.36;12.43;10.44;8.48;7.76;7.42;8.34;-1.43;12.24;7.20;6.53;11.93;6.76;8.68;13.11;5.38;21.27;25.85;3.48;19.97;8.80;4.73;21.10;-18.37;26.86;-3.00;14.14;8.50;13.08;12.48;-3.28
2001-04-01;9.77;9.90;11.35;11.05;9.39;6.95;8.44;7.87;8.84;3.04;11.39;5.77;5.46;11.17;8.66;9.39;13.33;4.68;21.03;25.80;11.01;21.86;14.73;2.93;19.12;-13.93;27.08;10.11;16.88;8.85;13.08;12.60;6.20
2001-05-01;12.64;14.79;16.59;16.16;16.33;13.53;16.49;15.46;15.06;7.26;16.62;12.30;12.41;16.32;14.25;14.08;18.59;13.42;22.38;26.36;16.92;25.27;19.09;1.04;15.44;-4.52;27.89;11.02;15.82;15.22;17.52;17.07;15.47
2001-06-01;14.82;17.39;19.89;19.47;17.73;15.43;16.37;15.79;16.74;9.37;19.64;14.46;14.63;19.08;15.45;16.58;22.35;14.31;24.78;23.87;22.76;26.74;22.46;-1.82;14.79;1.51;27.73;15.95;16.32;16.76;20.59;20.20;20.10
2001-07-01;16.56;18.97;21.06;21.15;20.88;17.81;20.48;19.95;19.19;10.98;20.96;16.80;17.49;21.63;18.59;18.64;24.21;16.77;26.69;23.10;23.07;28.38;27.94;-3.77;13.91;5.00;27.53;22.37;15.32;19.20;22.78;22.38;20.09
2001-08-01;16.98;19.66;22.39;22.17;20.91;18.54;20.85;20.03;19.63;11.16;22.28;17.29;17.77;23.03;18.77;19.28;24.76;17.33;27.39;22.73;25.25;29.30;26.37;-2.46;13.98;4.74;27.38;16.28;16.02;19.65;23.55;23.24;22.05
2001-09-01;14.88;14.83;16.46;17.02;13.83;11.72;12.77;12.24;13.55;9.33;16.50;10.35;10.37;17.58;13.66;14.50;19.33;10.01;27.71;23.26;19.38;27.62;22.71;0.59;16.82;1.04;26.98;11.70;15.19;13.55;18.30;17.93;16.18
2001-10-01;14.74;15.39;17.01;17.17;15.00;13.31;14.15;13.70;14.57;6.04;16.94;12.16;12.06;18.36;14.54;15.09;18.28;11.59;28.07;22.57;13.77;23.60;18.00;3.96;17.60;-7.35;27.30;4.89;13.20;14.55;18.94;18.46;10.08
2001-11-01;10.31;7.42;7.49;7.44;4.50;2.47;3.86;4.08;6.25;1.85;7.68;1.99;1.16;12.08;7.25;8.15;9.74;1.00;27.03;21.94;10.29;19.09;11.97;4.78;18.50;-14.59;26.69;-0.99;11.38;6.05;11.36;11.26;4.93
2001-12-01;7.08;3.74;3.56;2.95;0.92;-0.69;1.12;1.08;2.97;2.19;3.85;-1.60;-2.55;7.65;3.24;4.25;5.80;-2.78;25.67;20.35;6.20;14.68;6.65;7.31;21.19;-11.92;26.27;-11.88;11.83;2.79;7.57;7.40;0.00
2002-01-01;8.91;7.85;7.55;6.44;2.95;3.22;2.33;1.92;5.17;0.29;7.68;1.78;-2.22;7.92;5.15;6.77;8.10;-3.54;22.21;21.77;2.69;12.19;5.79;7.45;22.11;-16.08;25.85;-5.55;11.73;5.07;8.84;8.29;-4.03
2002-02-01;9.69;8.70;9.26;8.50;7.20;5.47;6.84;6.56;7.80;-5.41;9.35;3.92;2.76;9.27;7.95;8.60;10.17;2.36;21.43;23.19;3.66;15.92;6.74;7.99;21.40;-17.21;26.34;-0.85;12.86;7.77;10.68;10.15;-5.16
2002-03-01;9.75;9.16;11.29;11.02;8.94;7.18;7.39;7.00;8.48;-0.99;11.18;5.76;5.38;11.06;8.06;9.13;12.60;4.62;20.15;26.34;5.99;18.53;11.24;3.97;20.93;-18.75;26.98;2.16;15.42;8.47;12.76;12.32;-1.46
2002-04-01;10.14;10.59;12.81;12.48;11.17;8.68;9.95;9.50;10.38;3.86;12.67;7.58;7.52;12.06;10.06;10.53;14.54;7.62;19.90;27.89;12.37;20.83;15.14;3.48;19.25;-8.12;27.43;6.62;16.38;10.46;14.39;13.83;7.01
2002-05-01;12.21;13.44;15.32;14.74;13.52;11.65;14.09;13.40;13.34;7.27;15.35;10.06;10.14;15.09;13.26;13.34;16.15;10.05;21.37;26.24;15.29;24.81;17.93;-2.05;15.80;-5.30;27.90;12.34;17.88;13.35;16.44;16.08;11.59
2002-06-01;13.91;16.56;19.52;19.73;20.09;17.47;19.52;18.70;17.31;11.03;19.15;16.34;16.95;20.35;16.36;16.22;21.50;17.13;24.46;24.22;22.05;27.20;21.56;-3.76;13.96;2.40;27.70;16.86;16.79;17.54;21.03;20.74;17.61
2002-07-01;15.63;17.94;20.26;20.12;19.56;16.72;18.83;18.63;17.99;10.96;20.09;16.12;16.51;21.16;17.31;17.35;22.67;16.06;26.22;23.82;25.85;30.36;27.09;-2.27;13.27;5.99;27.48;22.28;15.52;18.15;22.10;21.81;21.82
2002-08-01;16.32;17.87;19.82;20.06;18.96;16.19;18.91;18.78;18.25;10.21;19.65;15.43;15.55;20.88;18.39;17.93;22.06;15.28;27.17;22.99;24.99;29.07;27.63;-1.81;14.58;5.30;27.53;16.84;15.75;18.28;21.98;21.70;21.15
2002-09-01;15.71;16.04;17.50;17.55;15.06;12.63;14.04;14.15;14.68;9.57;17.64;11.55;12.15;18.37;14.78;15.34;19.40;11.62;27.55;23.37;20.82;28.56;22.59;0.88;16.44;-2.31;27.26;11.39;15.52;14.68;19.37;19.02;17.72
2002-10-01;13.16;13.26;15.17;14.88;12.20;10.46;10.67;10.47;11.62;5.02;15.30;9.23;9.26;15.97;11.06;12.35;16.66;8.69;27.56;23.05;13.26;24.08;17.92;1.36;18.20;-5.92;27.54;2.26;15.25;11.64;17.00;16.46;7.14
2002-11-01;11.69;10.18;11.22;10.40;9.35;7.25;7.95;8.11;8.88;3.99;11.51;6.22;4.68;13.44;9.03;9.57;12.72;3.41;26.43;21.66;7.11;19.57;10.13;4.31;19.67;-9.43;26.95;-1.97;11.86;8.81;13.87;13.37;1.00
2002-12-01;9.38;8.67;9.82;8.61;6.38;5.26;4.32;4.63;6.55;4.49;9.98;3.41;2.14;10.34;5.30;7.12;9.69;0.96;24.37;20.73;1.27;15.27;5.86;8.03;20.49;-11.56;26.58;-13.75;11.31;6.67;10.84;10.25;-4.20
2003-01-01;7.25;4.13;5.09;4.75;1.94;0.33;1.16;0.62;2.78;0.63;5.24;-0.83;-2.37;8.23;3.46;4.37;6.74;-3.05;21.01;21.76;-3.01;15.13;4.13;7.00;22.12;-21.17;26.21;-7.98;11.10;2.62;7.71;7.45;-12.64
2003-02-01;7.33;5.08;5.82;5.58;2.54;1.48;0.13;0.35;3.36;1.57;6.00;-0.46;-2.68;6.40;3.34;5.00;7.14;-3.18;19.12;24.74;-2.43;13.92;5.52;7.71;22.58;-14.95;26.47;-9.64;13.57;3.29;7.63;7.13;-11.03
2003-03-01;10.06;10.65;12.11;11.31;9.00;7.61;8.31;8.16;9.37;3.28;12.15;6.03;5.56;9.92;8.38;9.69;11.86;4.68;20.59;26.06;3.92;15.51;7.95;5.78;20.28;-19.90;27.34;-4.06;14.99;9.46;11.56;10.97;-3.58
2003-04-01;10.91;12.16;14.28;13.34;12.10;9.57;10.51;10.33;11.05;6.28;14.30;7.69;7.63;12.12;10.44;11.29;14.15;7.38;20.36;27.48;8.79;21.58;14.31;4.35;18.45;-11.12;27.29;4.01;16.63;11.01;13.76;13.23;4.47
2003-05-01;12.37;14.35;16.27;16.57;16.75;13.34;15.66;14.81;14.12;6.79;16.24;12.29;12.78;17.31;13.58;13.54;18.20;12.42;22.67;28.28;14.52;26.31;18.28;2.22;16.80;-3.82;28.34;15.04;18.55;14.17;18.27;17.86;13.15
2003-06-01;15.91;19.92;22.83;24.23;24.68;21.06;22.43;21.64;19.89;11.41;22.48;19.95;19.95;23.03;18.36;18.75;25.53;19.67;24.06;25.28;20.12;28.31;22.65;-2.55;14.79;1.28;28.11;12.60;16.28;20.20;23.93;23.53;18.78
2003-07-01;17.35;20.10;22.13;24.36;22.92;19.77;20.97;20.59;20.17;12.40;21.91;18.89;18.97;23.69;19.00;19.29;26.41;18.02;26.22;23.33;24.79;28.67;22.74;-0.53;13.22;5.55;27.48;20.11;15.50;20.36;24.67;24.19;21.23
2003-08-01;18.77;22.82;25.48;26.75;25.26;22.56;24.09;23.51;22.44;12.98;25.32;21.00;20.61;25.82;20.09;21.42;28.54;20.13;27.20;23.18;24.63;28.84;25.44;-0.84;14.00;5.22;27.34;16.51;15.53;22.83;26.69;26.22;21.07
2003-09-01;16.02;17.33;19.18;19.36;16.68;14.14;16.31;15.35;15.95;8.52;19.23;13.19;13.49;19.57;15.33;16.11;20.70;12.77;27.42;23.55;20.09;26.86;23.56;0.93;16.19;-1.61;27.26;11.08;15.68;16.10;20.34;19.99;17.00
2003-10-01;11.91;10.90;12.90;13.27;10.31;8.35;8.02;7.92;9.11;5.67;13.09;7.22;6.78;15.40;8.59;10.18;15.24;5.63;27.53;23.04;12.49;24.26;16.91;2.13;16.10;-6.67;27.12;5.12;14.64;9.24;15.61;15.07;7.68
2003-11-01;11.22;10.11;10.72;10.87;8.07;6.95;7.19;7.27;8.27;2.42;10.86;5.70;3.97;13.26;8.37;9.54;12.57;3.38;25.80;21.85;9.35;19.55;14.02;3.69;18.05;-9.55;26.46;0.87;13.19;8.22;13.48;12.89;3.05
2003-12-01;8.72;6.46;7.65;7.11;4.18;2.69;2.77;2.88;4.72;-0.93;7.95;1.70;-0.46;9.54;4.83;5.89;9.08;-1.64;24.23;21.09;2.52;14.53;7.48;6.25;21.21;-21.32;26.10;-2.69;10.04;4.65;10.13;9.61;-4.76
2004-01-01;9.02;6.89;7.40;6.73;3.70;2.70;2.25;1.73;4.70;-1.74;7.60;0.86;-0.95;7.93;4.54;6.53;8.33;-1.66;21.55;21.97;-4.49;13.73;4.91;8.43;22.66;-19.56;26.26;-7.07;10.55;4.63;8.50;8.04;-14.34
2004-02-01;7.47;5.78;6.40;6.00;3.58;2.37;3.83;3.43;5.04;0.10;6.52;1.51;-0.19;8.29;5.62;6.20;7.86;-0.28;20.77;23.62;0.14;15.09;7.19;9.93;22.58;-19.63;26.50;-7.91;12.03;4.96;8.46;8.11;-7.46
2004-03-01;8.00;7.20;8.11;8.16;6.43;4.55;5.57;5.10;6.62;3.86;8.17;3.25;2.87;9.15;6.59;7.17;10.08;1.92;20.72;26.72;5.32;18.21;9.21;6.76;21.13;-8.96;26.97;0.75;13.93;6.62;10.25;9.82;0.50
2004-04-01;9.99;10.54;11.72;11.14;10.58;7.59;10.89;10.07;10.41;5.28;11.83;6.38;6.69;11.31;10.34;10.30;12.96;6.93;21.04;26.73;11.10;20.91;15.44;3.75;19.18;-5.54;27.70;4.19;15.35;10.46;13.42;12.85;5.93
2004-05-01;12.52;14.28;15.84;15.17;14.06;11.30;13.46;12.73;13.00;7.16;15.90;10.16;10.25;13.91;12.36;12.88;16.48;10.17;21.56;24.19;18.29;24.94;19.23;0.45;15.89;-3.21;28.33;11.21;15.75;13.16;16.23;15.63;13.75
2004-06-01;15.60;18.49;21.05;20.97;19.54;16.39;17.76;16.76;17.48;10.50;20.86;15.37;15.37;18.98;16.29;17.00;22.81;14.81;24.37;23.51;21.51;26.85;23.06;-0.57;14.47;1.09;28.19;14.85;15.74;17.77;21.29;20.79;17.59
2004-07-01;15.56;18.55;20.60;22.29;20.73;17.04;19.33;18.49;18.22;11.80;20.37;16.74;16.88;21.74;17.40;17.43;23.96;16.14;25.91;22.95;23.58;28.87;28.24;-2.79;13.38;6.39;27.08;18.67;15.52;18.56;22.49;22.16;20.97
2004-08-01;17.24;19.33;21.19;22.15;20.50;17.61;19.97;19.18;19.28;12.54;21.17;16.78;17.13;22.36;19.03;18.90;24.81;16.21;26.81;22.58;23.15;28.25;27.03;-1.02;14.44;3.90;27.75;18.07;16.13;19.50;23.29;22.88;19.09
2004-09-01;15.82;17.72;18.99;19.62;17.17;14.81;16.13;15.63;16.76;9.17;19.11;13.77;13.77;20.30;16.31;16.89;21.40;13.22;27.38;22.83;20.43;26.60;24.63;0.08;15.82;0.26;27.09;11.82;15.57;16.89;20.78;20.52;15.74
2004-10-01;13.00;13.21;15.75;16.13;14.18;11.95;12.02;11.60;12.35;4.33;15.63;10.83;10.38;17.88;12.20;12.53;17.63;9.79;27.73;22.50;13.11;24.22;17.20;3.27;17.67;-5.82;26.87;5.55;15.31;12.37;18.01;17.49;8.72
2004-11-01;10.88;8.78;8.05;7.58;6.19;4.02;5.15;5.27;7.49;2.08;8.48;3.01;2.56;12.42;7.31;9.05;10.24;2.89;26.45;21.39;8.57;20.06;14.51;6.08;19.50;-14.57;26.60;-2.51;13.45;7.45;11.35;11.21;2.09
2004-12-01;8.35;5.26;6.11;6.61;2.85;2.25;1.19;1.03;3.22;-0.19;6.25;1.59;-0.40;10.75;4.05;5.16;8.87;-0.20;23.44;20.93;2.74;14.85;8.70;7.40;20.16;-9.55;26.28;-3.44;11.30;3.12;9.99;9.77;-7.08
2005-01-01;9.34;6.98;6.32;5.08;2.48;1.70;2.66;2.75;5.24;-0.49;6.68;-0.05;-2.36;7.28;5.84;7.00;7.21;-2.86;21.35;22.11;-1.52;14.07;4.86;7.09;21.82;-9.85;25.98;-3.49;11.76;5.08;7.80;7.44;-10.91
2005-02-01;6.33;4.23;4.44;3.64;1.17;-0.98;0.78;0.50;2.97;1.50;4.61;-2.63;-3.71;6.03;3.19;4.39;5.82;-4.32;19.31;24.45;0.39;14.52;5.06;8.83;21.95;-9.52;27.40;-9.94;13.45;2.80;6.53;6.15;-6.54
2005-03-01;8.99;8.32;9.48;8.38;7.11;5.23;6.48;6.23;7.18;3.38;9.54;3.64;2.90;9.25;7.11;8.02;9.37;2.68;20.77;26.86;2.49;17.74;8.13;5.41;19.97;-17.98;27.39;-6.81;15.27;7.16;10.11;9.70;-3.11
2005-04-01;10.22;10.80;12.57;12.23;10.79;8.83;10.88;10.29;10.77;4.15;12.60;7.13;6.73;11.56;10.23;10.69;13.41;7.08;21.82;26.37;11.64;21.20;14.41;2.55;20.10;-10.97;27.61;6.48;17.21;10.86;13.25;12.75;7.50
2005-05-01;12.34;13.82;16.90;16.41;15.50;13.03;14.74;13.78;13.88;5.79;16.84;12.02;12.28;16.62;12.98;13.30;17.83;12.50;24.68;26.63;14.48;24.29;17.78;-0.90;16.24;-3.38;27.81;14.62;16.78;14.07;17.61;17.30;11.53
2005-06-01;15.94;19.14;21.99;21.84;20.65;17.54;19.23;18.36;18.58;10.42;21.75;17.08;17.06;20.54;17.28;17.52;23.50;16.67;26.11;24.31;22.84;27.25;22.62;-3.65;15.06;1.82;28.16;15.82;18.25;18.81;22.32;21.92;21.04
2005-07-01;17.06;19.86;22.15;23.03;21.36;18.19;19.57;19.11;19.26;11.98;21.92;17.57;17.23;22.11;17.89;18.34;24.71;16.57;27.08;23.40;24.94;28.96;25.08;-1.23;13.90;5.32;27.53;18.87;16.65;19.53;23.13;22.77;22.04
2005-08-01;16.82;18.97;21.14;20.77;19.33;15.99;17.37;16.82;17.85;10.60;20.97;15.47;15.00;21.13;17.00;17.54;22.84;14.67;27.50;22.90;25.56;29.15;27.22;-0.94;14.07;4.56;27.57;17.16;15.90;18.01;22.42;22.16;21.08
2005-09-01;15.87;17.35;17.91;18.26;17.64;14.01;16.71;16.11;16.88;6.12;18.17;13.60;13.66;19.17;16.28;16.74;20.02;13.51;27.83;23.10;22.29;27.43;24.12;2.34;15.91;-2.05;27.63;12.79;15.80;16.95;20.08;19.72;17.06
2005-10-01;14.73;15.78;16.72;16.44;14.63;12.92;12.61;13.14;14.91;2.94;16.87;11.15;10.71;16.40;14.47;15.11;17.28;10.08;28.20;22.40;14.23;23.08;18.66;3.41;18.66;-7.48;27.08;5.84;14.33;14.94;17.42;16.84;9.89
2005-11-01;9.95;7.70;8.09;7.98;5.81;4.12;5.26;4.99;5.95;1.68;8.37;3.14;2.56;11.80;7.30;7.52;10.47;2.55;27.19;20.80;9.14;17.93;12.05;5.99;19.52;-6.70;26.80;0.94;12.55;5.89;12.16;11.78;3.04
2005-12-01;7.57;4.40;3.86;2.86;1.50;-0.04;1.56;1.53;3.45;2.07;4.27;-1.35;-3.36;7.73;4.25;4.55;5.01;-4.01;25.26;20.40;0.76;15.60;4.84;6.54;22.10;-6.64;26.59;-4.95;11.73;3.30;6.87;6.61;-5.62
2006-01-01;6.82;4.25;5.08;4.96;1.19;1.00;-1.12;-0.60;2.54;1.81;5.22;-0.17;-2.67;7.29;2.42;3.98;7.01;-3.57;20.51;21.15;3.48;13.45;3.95;8.20;22.71;-5.08;26.01;-11.51;11.25;2.51;8.27;7.65;-4.71
2006-02-01;6.26;4.05;4.78;4.77;2.23;0.87;1.18;1.13;3.06;2.97;4.80;-0.23;-0.66;7.83;3.23;4.07;6.93;-1.93;19.84;22.44;1.09;15.39;5.99;8.15;23.13;-12.82;26.39;-14.99;13.33;2.96;8.09;7.90;-6.91
2006-03-01;7.92;7.62;10.47;10.44;6.92;5.37;4.42;4.39;5.62;0.81;10.34;4.02;2.79;9.49;5.00;6.32;10.84;1.87;20.51;25.58;4.89;18.17;8.95;6.61;22.05;-16.44;27.34;-4.96;15.01;5.74;10.65;10.13;-0.72
2006-04-01;9.81;10.76;12.50;12.82;10.98;8.62;9.99;9.30;9.92;2.14;12.39;7.69;7.44;12.75;9.26;10.02;14.68;7.91;21.58;27.04;12.04;21.57;13.12;3.13;18.85;-2.56;27.50;5.45;16.38;10.10;14.45;13.92;7.68
2006-05-01;12.31;14.02;16.26;16.92;15.00;12.70;14.69;13.82;14.26;6.52;16.16;11.45;11.79;16.20;13.62;13.82;18.21;11.65;22.11;25.91;16.39;24.25;18.30;2.42;15.60;-1.42;27.50;12.21;15.86;14.42;17.82;17.41;14.25
2006-06-01;15.65;19.22;20.91;21.31;20.18;17.23;18.70;18.08;18.16;9.48;21.04;16.06;16.32;20.01;16.47;17.57;22.14;16.18;25.00;24.21;21.68;27.75;22.08;-1.02;13.38;1.79;27.46;18.08;16.04;18.54;21.17;20.81;19.28
2006-07-01;18.67;22.52;24.48;25.53;24.56;21.14;23.88;24.17;22.94;11.02;24.56;20.31;20.16;24.14;21.78;21.19;27.49;19.95;26.60;23.51;25.90;28.45;24.89;-1.24;13.73;5.26;27.46;17.35;15.54;23.33;26.21;25.67;22.63
2006-08-01;16.65;17.71;19.50;20.70;17.84;14.90;16.28;16.13;16.79;11.41;19.59;14.00;13.98;20.58;16.66;17.26;23.12;13.28;27.54;23.32;24.26;29.26;26.94;-0.41;14.64;4.00;27.38;17.16;15.42;16.97;22.10;21.73;19.07
2006-09-01;16.97;18.31;20.52;20.63;19.14;16.54;18.00;17.86;18.41;10.20;20.54;15.31;15.50;19.95;18.26;18.32;21.04;15.22;27.95;23.60;18.92;27.61;23.06;0.40;17.01;-1.08;27.23;13.05;15.64;18.55;20.83;20.49;14.73
2006-10-01;15.26;15.37;17.40;17.44;15.46;13.54;13.63;13.54;14.38;4.57;17.29;12.10;12.07;17.75;14.27;14.91;18.48;11.44;28.08;23.20;13.27;24.00;18.88;4.43;17.98;-8.14;27.47;6.50;15.01;14.40;18.89;18.31;7.92
2006-11-01;11.74;10.39;11.76;11.86;9.32;7.48;8.37;8.23;8.69;0.87;11.80;6.54;5.31;13.61;9.47;9.47;13.86;5.00;27.32;22.35;10.27;17.66;13.36;5.25;19.27;-6.61;26.46;0.13;11.88;8.69;14.71;14.18;4.47
2006-12-01;9.79;6.08;5.48;4.95;3.92;2.88;4.51;4.32;5.20;1.82;5.84;2.23;0.05;10.87;6.15;6.57;7.65;0.85;23.41;20.73;6.01;14.42;8.25;6.83;20.20;-9.07;26.25;0.74;10.86;5.04;10.83;10.50;-1.22
2007-01-01;9.90;8.30;8.14;6.85;5.74;3.99;5.85;5.75;7.49;-2.15;8.36;2.51;1.22;9.89;7.79;8.02;9.18;1.00;21.83;21.73;2.78;13.21;6.34;7.91;22.23;-12.02;25.99;-2.44;12.09;7.35;10.19;9.72;-7.30
2007-02-01;9.87;9.21;9.81;8.55;7.17;5.68;6.22;5.97;7.61;-1.29;9.97;4.01;2.73;9.87;6.91;8.22;9.95;2.30;21.55;23.52;-2.84;15.08;7.40;6.37;22.25;-12.38;26.27;-12.25;12.90;7.66;10.88;10.35;-10.98
2007-03-01;9.16;8.15;9.63;9.15;7.78;5.43;6.79;6.44;7.36;2.08;9.70;4.26;3.97;9.94;7.99;7.90;10.90;3.69;21.32;26.76;3.99;17.74;9.78;5.57;21.55;-9.55;26.85;3.83;14.49;7.37;11.57;11.15;-2.61
2007-04-01;11.99;14.05;15.53;14.83;14.83;12.41;14.21;13.42;14.08;5.31;15.54;11.05;10.69;14.16;13.03;12.67;15.20;12.30;20.78;26.95;9.24;20.64;13.27;2.33;18.91;-12.68;27.19;5.35;15.58;14.36;15.74;15.32;5.67
2007-05-01;12.79;14.56;16.32;15.88;16.16;13.44;16.38;15.33;14.76;6.14;16.28;11.94;12.03;16.39;14.02;13.72;17.97;12.00;22.04;26.06;17.97;25.93;18.77;-1.07;17.50;-3.77;27.63;15.64;16.10;14.98;17.95;17.56;13.77
2007-06-01;14.94;17.05;19.12;19.43;18.83;15.99;18.84;18.03;17.47;10.73;19.09;14.84;15.36;18.99;16.78;16.28;21.73;15.11;23.30;24.19;22.00;28.08;22.64;-1.68;13.56;1.78;27.56;16.97;16.58;17.60;20.76;20.27;19.69
2007-07-01;15.56;17.46;19.87;20.49;19.60;16.82;18.65;17.73;17.70;12.76;19.80;15.97;16.33;21.44;17.14;17.09;23.37;15.97;25.51;23.46;23.98;29.32;23.90;-2.32;12.71;4.94;27.36;18.70;15.81;17.88;21.97;21.64;20.12
2007-08-01;16.02;17.70;20.24;20.65;18.77;16.09;18.32;17.33;17.29;10.85;20.01;15.27;15.57;21.33;17.07;16.98;22.59;15.34;26.40;22.80;23.59;29.06;28.53;-0.32;15.16;3.05;27.17;19.69;15.85;17.35;21.54;21.23;19.66
2007-09-01;14.66;15.08;17.11;17.54;15.10;12.36;13.78;13.28;14.50;7.97;16.94;11.51;11.48;18.68;14.45;14.67;20.17;10.93;27.24;23.09;20.78;26.77;24.59;1.66;15.90;-0.18;27.27;11.59;14.87;14.52;19.67;19.32;16.35
2007-10-01;12.66;12.03;13.40;13.59;11.15;9.00;10.24;9.72;10.78;5.87;13.53;8.04;8.26;16.06;10.66;11.33;15.65;7.98;27.40;22.91;17.11;24.81;18.24;2.43;18.58;-4.61;26.88;6.51;13.26;10.86;16.30;16.08;11.15
2007-11-01;10.21;7.92;7.53;7.43;5.70;3.54;4.54;4.75;6.64;3.02;7.98;2.27;1.54;11.64;7.48;8.44;10.13;1.49;26.35;21.27;7.34;19.83;12.38;3.39;19.25;-7.58;26.70;-2.41;12.05;6.50;10.91;10.80;1.24
2007-12-01;8.03;5.24;6.22;6.00;2.30;2.06;2.06;1.75;3.93;1.37;6.42;1.06;-1.46;8.90;4.39;5.05;7.85;-2.77;22.99;20.90;2.19;15.03;7.82;6.65;20.76;-10.48;26.06;-2.09;12.34;3.83;9.20;8.90;-6.43
2008-01-01;9.11;7.53;7.96;7.61;5.28;4.53;4.52;4.33;6.22;-0.96;8.16;3.19;1.94;9.31;7.02;7.25;9.48;1.40;22.04;21.72;1.49;12.39;4.72;8.32;22.08;-9.76;25.96;-6.36;11.63;6.12;10.24;9.67;-6.25
2008-02-01;8.45;7.62;9.48;9.23;5.75;5.11;4.61;4.37;6.04;-1.08;9.38;3.72;2.49;8.64;5.72;6.77;10.33;2.63;22.02;23.57;1.58;13.91;4.60;8.35;20.69;-11.75;26.32;-2.30;13.56;5.96;10.20;9.55;-7.46
2008-03-01;8.89;8.30;9.60;8.86;6.74;4.43;5.97;5.46;7.01;0.13;9.64;3.13;2.58;9.23;6.87;7.73;11.12;2.26;22.01;23.93;5.23;20.47;9.93;7.12;20.41;-17.10;26.02;1.39;15.02;7.01;10.92;10.45;-4.46
2008-04-01;9.59;9.88;11.81;11.59;10.33;8.17;9.17;8.35;9.37;3.22;11.75;6.72;6.33;11.87;9.18;9.52;13.83;6.43;21.68;26.69;11.91;22.37;14.17;2.10;17.30;-12.27;26.92;9.13;16.92;9.43;13.45;12.88;8.25
2008-05-01;13.85;15.63;16.70;16.36;16.52;13.82;16.77;15.91;16.00;8.67;16.80;12.15;12.30;16.02;15.87;15.86;17.51;13.16;23.18;26.00;15.18;25.17;18.01;-0.28;15.62;-3.20;27.49;11.05;17.19;16.13;17.53;17.06;12.49
2008-06-01;14.89;16.92;19.06;19.11;18.53;15.88;18.46;17.34;16.98;10.56;18.96;14.65;15.29;18.98;15.76;16.15;21.52;15.39;25.09;23.62;23.46;29.14;21.08;-1.72;15.35;1.13;27.30;15.14;16.27;17.34;21.01;20.58;19.44
2008-07-01;16.08;18.11;20.66;21.10;20.22;17.16;19.48;19.15;18.84;12.73;20.40;16.56;16.89;21.68;18.02;18.01;24.18;16.76;26.81;23.42;25.59;29.27;26.62;-2.05;12.90;5.30;26.92;18.91;15.43;19.16;22.66;22.25;21.18
2008-08-01;16.04;17.86;20.21;21.65;19.37;16.64;18.61;17.75;18.40;11.57;19.99;16.09;16.39;22.41;17.48;17.66;24.03;16.23;26.81;22.97;22.70;29.94;27.05;-2.49;12.25;3.85;26.98;17.44;16.16;18.67;22.97;22.60;19.26
2008-09-01;14.39;14.42;16.60;17.56;14.53;12.03;13.42;12.77;14.06;9.61;16.44;11.42;11.79;19.08;13.97;14.13;20.02;11.51;27.65;23.05;20.40;28.50;23.62;1.81;15.88;1.46;27.20;10.63;15.27;14.16;19.81;19.42;16.16
2008-10-01;12.10;11.44;13.17;13.75;11.36;9.49;10.54;9.95;10.70;2.48;13.28;8.59;8.82;16.32;10.50;11.01;15.98;8.60;27.32;22.63;12.74;23.38;18.64;4.03;18.00;-7.99;27.00;8.49;13.59;10.75;16.57;16.22;7.97
2008-11-01;10.27;8.90;9.33;8.47;7.19;5.16;5.93;5.96;7.56;2.77;9.63;3.75;2.50;12.00;7.66;8.92;10.46;2.92;25.16;21.39;7.31;20.21;12.20;5.04;19.02;-10.98;26.92;1.74;11.98;7.48;11.90;11.51;2.47
2008-12-01;6.97;4.54;5.72;5.43;2.94;1.31;1.99;1.70;3.07;0.42;5.76;-0.26;-1.26;8.55;3.24;4.53;7.39;-1.86;22.76;20.79;2.89;16.36;8.56;7.70;20.44;-10.69;26.31;-2.12;11.92;2.96;8.67;8.15;-6.44
2009-01-01;6.58;3.65;4.92;4.68;0.55;0.12;-0.84;-1.00;1.00;1.76;4.87;-1.35;-2.49;8.01;1.21;2.74;6.43;-3.19;20.04;20.96;-2.56;15.13;5.77;8.11;22.24;-14.87;25.84;-6.32;12.05;0.97;7.51;7.25;-13.18
2009-02-01;6.71;5.28;6.73;6.05;3.71;2.01;1.98;2.15;3.80;0.19;6.85;0.50;-0.68;7.65;3.92;4.98;7.99;-1.52;18.52;24.04;1.17;15.85;6.99;7.18;21.78;-13.70;26.50;-5.88;13.05;3.79;8.56;8.10;-6.75
2009-03-01;8.78;8.36;9.80;9.25;7.37;5.15;5.79;5.59;7.06;-0.55;9.73;4.16;3.38;9.68;6.92;7.79;11.63;2.64;19.00;25.96;4.46;17.31;9.23;6.12;21.30;-13.35;26.62;-1.39;14.95;7.09;11.24;10.68;-0.90
2009-04-01;9.98;10.79;12.22;11.59;12.67;9.55;13.03;12.21;11.94;4.80;12.27;8.19;8.50;12.36;11.65;11.07;13.12;9.26;20.06;27.52;11.63;21.76;14.82;3.12;18.68;-16.56;27.62;4.75;17.69;12.02;14.17;13.60;7.66
2009-05-01;12.43;14.46;16.98;17.36;17.66;14.48;16.26;15.21;14.43;7.92;16.75;13.24;14.18;18.38;13.85;13.58;18.52;13.82;21.97;25.93;16.84;24.71;19.45;-0.24;16.68;-2.81;28.05;13.54;17.70;14.65;18.48;18.04;12.85
2009-06-01;15.54;18.12;20.22;20.60;19.15;16.11;17.58;16.80;16.91;10.02;19.84;14.99;15.40;19.81;16.01;16.75;23.18;14.96;24.60;24.24;19.85;29.34;22.12;-1.25;14.57;1.30;27.87;17.11;17.69;17.14;21.62;21.10;17.71
2009-07-01;16.28;18.39;21.15;22.74;21.71;18.14;19.61;19.22;19.22;12.33;20.91;17.37;17.75;22.35;18.13;18.21;24.69;16.93;26.70;23.07;23.02;30.08;25.53;-1.50;13.48;5.74;27.84;18.78;16.71;19.52;23.46;23.07;19.52
2009-08-01;16.39;19.34;22.42;23.31;22.42;18.91;20.45;20.13;20.21;11.29;22.05;18.59;18.83;23.64;18.81;18.63;25.78;18.18;27.48;23.47;24.46;29.01;25.87;-1.07;15.07;5.33;27.39;15.53;16.66;20.60;24.66;24.20;20.54
2009-09-01;15.00;16.98;19.13;19.15;17.23;14.07;16.17;15.58;16.06;8.45;19.06;13.58;14.23;20.45;15.94;15.95;21.54;13.50;27.61;23.22;18.93;27.69;22.19;0.99;16.88;0.37;27.71;13.52;15.84;16.13;21.34;20.90;14.70
2009-10-01;13.86;13.25;14.97;15.05;11.88;9.87;10.24;10.05;11.64;4.74;15.01;8.85;8.49;16.43;11.88;12.90;17.20;8.17;27.90;23.07;12.63;25.46;18.04;1.69;17.02;-5.56;27.40;5.62;15.68;11.62;17.10;16.69;6.85
2009-11-01;11.59;11.14;11.94;11.51;9.91;8.09;8.70;8.63;9.99;2.35;12.12;6.55;5.16;13.28;10.04;10.60;12.93;5.12;26.37;22.47;10.19;19.18;12.64;2.07;20.89;-3.71;26.83;2.00;12.13;9.93;13.94;13.30;4.19
2009-12-01;7.80;5.60;7.10;6.15;4.45;2.72;2.77;2.44;3.79;0.24;7.20;1.17;-0.20;9.46;3.43;4.84;7.93;-0.11;24.10;21.43;1.90;16.49;7.78;6.46;21.31;-7.45;26.16;-8.05;11.75;3.81;9.32;8.77;-5.54
2010-01-01;5.48;2.39;3.81;3.82;0.33;-1.06;-0.88;-0.79;0.67;1.81;3.74;-2.06;-3.62;7.38;0.67;2.24;6.03;-4.35;22.37;21.78;-0.76;16.00;5.60;7.19;22.75;-9.75;26.54;-15.91;10.36;0.52;6.52;6.09;-6.27
2010-02-01;6.54;4.90;5.85;5.46;3.64;1.57;2.74;2.74;3.66;-0.18;5.75;-0.22;-0.94;8.11;3.03;4.70;7.01;-1.65;21.74;24.44;-0.22;17.99;5.87;6.14;23.04;-12.51;27.31;-8.99;11.34;3.66;8.03;7.50;-4.01
2010-03-01;7.70;7.41;9.14;8.36;6.73;4.81;5.77;5.69;7.08;3.01;9.08;2.92;3.01;9.38;6.80;7.49;9.34;2.11;21.98;27.04;7.96;20.03;8.65;5.68;21.72;-16.74;27.39;-2.08;15.15;7.05;10.11;9.67;3.13
2010-04-01;10.06;11.56;13.70;13.66;12.24;9.66;11.09;10.17;10.68;2.99;13.59;8.39;8.06;12.36;9.72;10.35;15.08;8.50;21.88;27.65;13.53;22.44;11.86;4.00;19.55;-9.63;27.84;7.86;16.00;10.89;14.10;13.45;9.03
2010-05-01;11.96;13.22;15.11;14.81;13.58;10.42;12.42;11.82;12.45;7.95;15.02;9.36;9.62;14.96;11.08;12.09;16.76;10.16;22.88;26.40;18.10;25.76;18.29;1.39;16.55;-1.59;28.38;16.59;18.36;12.68;16.25;15.71;15.66
2010-06-01;15.17;18.33;19.45;19.53;18.55;15.53;18.33;17.71;17.73;11.47;19.38;14.20;15.07;18.55;16.61;16.66;21.92;15.08;25.22;24.49;23.98;29.08;22.89;-2.54;13.87;1.71;27.99;18.72;18.37;17.98;20.27;19.86;18.39
2010-07-01;16.69;20.32;22.69;23.90;22.97;18.95;21.49;21.24;20.60;12.84;22.15;18.38;18.65;23.38;19.71;19.46;26.13;18.42;26.82;23.06;26.90;29.18;27.28;-2.02;13.73;5.58;27.53;25.62;16.13;20.96;24.66;24.32;22.81
2010-08-01;16.25;18.00;20.83;22.24;20.46;16.69;18.10;17.63;17.90;11.92;20.42;16.48;15.95;21.32;17.11;17.52;24.25;15.43;27.44;23.22;24.59;30.62;28.78;-0.69;13.56;4.00;27.50;21.48;16.30;18.17;22.87;22.48;20.25
2010-09-01;14.86;15.72;18.03;18.66;15.87;12.73;13.88;13.50;14.94;10.21;17.79;12.26;12.21;18.70;14.48;15.45;20.24;11.87;27.49;23.38;21.25;28.35;24.67;0.99;15.61;0.88;27.19;11.47;15.76;14.99;19.28;18.91;16.07
2010-10-01;13.20;12.40;13.64;13.68;11.62;9.26;9.40;9.37;11.05;5.92;13.81;7.89;7.78;15.31;11.09;11.98;15.10;7.71;27.67;23.09;14.37;26.10;18.29;3.49;17.59;-4.61;27.50;3.48;13.89;10.99;15.70;15.24;8.49
2010-11-01;9.27;7.73;9.52;8.94;7.50;5.35;6.56;6.12;6.66;0.46;9.88;4.06;2.70;11.38;6.49;7.32;10.45;2.84;26.88;22.11;8.24;21.25;12.34;5.55;19.15;-13.72;26.87;2.14;12.42;6.63;11.81;11.20;2.32
2010-12-01;5.58;2.46;4.29;4.09;2.07;0.34;-0.40;-1.21;0.26;0.31;4.48;-0.94;-2.75;8.29;0.06;2.10;6.52;-2.84;25.09;20.49;0.10;16.56;8.47;5.11;20.86;-14.42;26.46;-7.89;10.23;0.32;7.96;7.45;-5.58
2011-01-01;7.66;5.54;5.89;5.16;3.32;1.66;2.49;2.60;4.45;1.34;6.04;0.61;-0.28;8.32;4.45;5.47;6.92;-0.39;23.30;21.35;-2.27;14.13;3.66;7.34;22.85;-17.52;25.65;-8.43;11.97;4.37;8.26;7.89;-9.02
2011-02-01;9.23;7.86;8.08;7.51;4.64;3.52;3.65;3.55;6.08;1.15;8.16;2.83;1.95;8.48;6.03;7.80;9.35;1.65;20.88;22.59;0.69;16.22;6.36;8.46;23.23;-15.01;26.33;-11.81;14.21;6.05;9.25;8.79;-7.84
2011-03-01;8.78;9.13;10.86;10.33;8.39;6.50;7.66;7.39;8.49;-0.19;10.85;5.18;5.28;9.61;7.43;8.52;11.34;4.87;19.66;25.78;5.22;17.05;7.11;6.49;21.30;-14.15;26.59;-3.00;15.36;8.55;11.47;10.87;-2.00
2011-04-01;12.43;14.14;16.45;15.44;14.22;11.66;13.58;12.94;13.74;4.43;16.37;10.35;10.19;13.58;13.38;13.27;16.07;10.97;20.59;26.15;11.57;20.94;13.84;1.71;18.63;-7.65;26.99;5.91;17.69;13.77;15.34;14.72;6.36
2011-05-01;13.05;15.25;19.20;18.52;18.06;14.36;16.56;15.39;15.43;6.74;18.83;12.95;13.40;16.55;14.36;14.32;19.10;13.28;21.45;25.70;17.80;24.76;18.13;0.21;15.24;-3.03;27.63;14.29;19.32;15.76;18.85;18.26;13.81
2011-06-01;14.29;17.06;19.63;19.12;19.03;15.59;18.24;17.28;17.34;9.09;19.36;14.32;14.69;18.98;16.22;16.19;20.71;14.67;24.50;23.76;22.65;27.27;22.57;-1.66;14.19;2.44;27.61;18.71;17.67;17.58;20.00;19.60;19.25
2011-07-01;15.34;17.67;20.06;20.42;18.67;15.82;17.41;16.60;16.93;12.37;19.80;14.80;15.01;20.52;15.97;16.52;22.92;14.55;26.22;23.27;26.41;29.21;26.88;-1.98;12.97;5.50;27.58;22.70;15.73;17.12;21.70;21.38;22.72
2011-08-01;15.66;18.15;21.84;23.24;21.28;18.55;19.72;18.51;18.39;11.29;21.39;17.84;17.81;22.64;17.20;17.46;24.34;17.33;27.07;23.02;23.90;28.84;27.15;-1.64;14.62;4.70;27.33;18.40;16.60;18.66;23.21;22.86;20.40
2011-09-01;16.03;17.26;19.95;21.70;18.56;16.18;17.24;16.46;17.23;9.14;19.80;15.35;15.18;21.03;16.36;16.80;22.72;14.73;27.52;22.94;21.01;27.65;24.41;0.28;15.87;2.82;27.55;11.82;15.49;17.34;21.81;21.46;16.93
2011-10-01;14.01;13.73;15.30;15.89;12.67;11.10;10.79;10.61;12.74;4.83;15.29;9.98;9.26;16.69;12.77;13.60;17.90;8.50;28.08;23.14;14.00;23.79;18.39;3.01;17.09;-4.65;26.79;6.15;13.62;12.75;17.68;17.09;9.72
2011-11-01;12.71;11.73;12.82;12.48;8.54;8.51;6.11;6.54;8.89;3.86;12.94;7.13;5.63;13.85;8.51;10.45;14.08;4.64;25.81;21.53;10.02;17.35;13.65;5.58;20.02;-8.93;26.59;-0.18;13.27;8.96;14.76;14.07;5.27
2011-12-01;9.99;8.61;9.67;8.36;6.38;5.27;5.46;5.41;7.11;-3.70;10.09;3.47;1.01;10.42;6.86;8.21;10.09;0.80;24.02;20.75;5.81;14.66;5.99;8.59;18.78;-9.26;26.24;-0.58;12.74;7.03;10.94;10.34;-2.74
2012-01-01;8.85;7.00;7.21;6.69;4.33;3.06;3.71;3.70;5.99;-0.81;7.54;1.83;0.13;8.61;5.74;6.95;8.73;-0.52;21.47;21.46;2.17;12.54;3.49;8.56;21.67;-5.76;26.23;-7.81;11.72;5.98;9.41;8.92;-7.43
2012-02-01;6.91;2.91;2.29;1.59;-0.73;-3.28;-1.31;-1.36;1.54;2.46;2.50;-4.50;-5.26;5.76;1.52;3.47;4.95;-5.74;19.58;23.72;4.14;13.82;4.46;5.11;21.45;-7.63;26.38;-12.43;12.28;1.41;5.22;5.28;-5.05
2012-03-01;10.09;10.19;11.52;11.06;9.70;7.84;8.85;8.55;9.42;3.05;11.38;6.76;6.25;11.16;8.34;9.09;12.35;5.73;20.52;26.65;9.30;16.08;8.04;6.47;20.33;-7.39;26.90;-3.66;14.35;9.53;12.58;12.17;2.92
2012-04-01;9.09;9.40;10.84;11.50;10.59;7.50;9.99;8.87;8.74;4.51;10.88;6.37;6.80;12.13;8.28;8.78;13.26;6.70;19.76;27.62;12.36;22.75;13.66;2.33;18.99;-11.31;27.25;7.42;15.56;8.87;13.63;13.06;6.85
2012-05-01;12.64;14.65;17.17;17.35;15.88;13.43;15.90;14.90;14.79;6.52;16.89;12.00;12.37;15.24;13.64;13.60;18.40;12.48;22.26;26.35;18.28;25.94;18.70;-0.66;15.69;-4.04;27.59;14.68;17.31;14.96;17.22;16.74;15.60
2012-06-01;14.38;16.66;19.56;21.28;19.56;16.91;18.11;16.41;16.43;11.04;19.13;16.01;16.66;20.78;15.33;15.86;22.62;16.38;24.59;24.84;21.67;28.86;20.80;-3.37;13.82;1.53;28.08;16.64;16.78;16.54;21.65;21.28;19.66
2012-07-01;15.49;17.72;20.33;22.24;20.09;16.85;19.20;17.80;18.04;12.46;20.09;16.32;17.03;22.41;17.00;17.34;23.45;16.59;26.46;23.72;25.85;30.20;25.83;-2.96;13.34;4.92;27.29;20.31;15.49;18.12;22.74;22.49;22.28
2012-08-01;16.95;19.75;22.68;24.98;21.43;18.96;21.21;19.60;20.25;12.33;22.30;18.24;18.55;24.26;18.50;18.78;25.36;17.68;27.09;23.00;24.54;30.09;28.58;-0.65;13.83;3.95;27.31;17.09;16.02;20.27;24.44;23.99;21.40
2012-09-01;14.47;15.82;19.07;19.48;16.62;14.02;15.48;14.44;15.10;7.37;18.85;13.17;13.13;19.74;14.66;15.00;20.48;12.59;27.45;23.19;20.21;27.45;25.39;1.71;16.07;1.19;27.31;12.44;15.74;15.15;20.48;20.11;15.26
2012-10-01;13.01;13.11;14.72;15.55;13.11;11.64;10.47;10.44;12.03;4.12;14.69;10.29;9.47;16.48;11.35;12.52;17.00;9.00;28.09;22.67;14.65;25.39;18.37;2.66;17.08;-3.96;27.04;6.07;15.24;12.08;17.43;16.92;10.55
2012-11-01;9.73;8.59;9.83;10.34;8.03;6.44;6.76;6.31;7.15;0.96;10.02;5.45;4.57;13.58;7.50;8.04;11.90;4.11;26.74;21.77;6.09;20.94;11.52;5.04;19.07;-9.01;26.79;1.12;12.71;7.10;13.47;13.05;0.54
2012-12-01;9.51;7.89;8.51;7.67;5.27;4.25;4.06;4.22;6.04;1.10;8.86;2.36;-0.14;9.25;5.79;7.30;8.96;-1.07;23.63;21.39;4.99;15.79;5.93;5.41;20.75;-10.37;26.32;-9.71;12.69;6.00;9.61;9.08;-3.61
2013-01-01;8.34;5.67;6.60;5.32;2.82;1.80;2.26;1.26;3.43;2.46;6.83;0.77;-1.21;8.12;2.56;5.19;7.68;-2.07;21.89;22.16;1.45;14.30;3.91;9.20;22.56;-10.85;26.51;-9.47;12.14;3.42;7.83;7.47;-8.36
2013-02-01;6.61;4.71;5.68;5.02;1.36;0.09;0.57;0.02;2.40;3.58;5.82;-1.53;-2.95;6.17;2.28;3.88;6.95;-3.46;21.29;23.73;0.34;16.02;4.89;7.56;21.75;-13.66;26.08;-4.49;14.95;2.39;6.98;6.55;-6.30
2013-03-01;6.86;6.75;9.29;9.50;6.30;4.76;3.48;3.10;4.47;1.17;9.14;3.58;2.66;9.79;3.40;4.94;10.66;1.91;21.10;26.77;4.05;19.81;11.00;6.97;21.63;-17.94;27.21;-7.49;14.37;4.64;10.72;10.11;-0.25
2013-04-01;8.92;9.74;12.16;11.74;10.86;8.49;10.16;9.45;9.70;1.86;12.08;7.28;7.53;12.67;8.64;9.28;12.66;7.22;20.59;27.90;10.74;21.11;14.01;6.07;18.66;-11.55;27.79;5.31;18.13;9.87;13.37;12.93;6.20
2013-05-01;10.94;11.91;13.14;13.03;12.11;9.44;12.36;11.20;11.57;6.04;13.26;8.33;8.24;13.99;10.90;11.40;15.38;8.64;22.99;26.49;16.34;26.85;19.11;-0.17;16.26;-3.00;28.01;16.40;17.58;11.66;15.42;14.91;15.28
2013-06-01;13.75;16.05;17.49;17.62;17.75;14.98;17.56;16.42;16.19;10.22;17.40;13.95;14.33;18.29;15.16;15.36;20.21;14.46;24.58;23.37;22.17;28.14;22.42;-0.27;14.58;2.15;28.49;19.17;17.12;16.35;19.74;19.41;18.20
2013-07-01;17.30;21.53;24.33;24.18;22.69;19.94;21.89;21.19;21.16;11.11;24.05;18.76;18.57;22.74;19.19;19.55;25.67;18.63;26.52;22.73;26.29;27.87;26.60;0.33;14.13;5.84;27.48;18.41;16.26;21.56;24.22;23.80;22.13
2013-08-01;16.90;19.20;21.12;22.38;20.42;17.34;19.62;18.97;18.98;10.21;20.80;16.92;17.05;23.24;18.40;18.58;24.16;16.96;26.82;23.04;22.62;29.14;28.64;-1.51;14.82;5.08;27.29;17.69;16.13;19.16;23.85;23.53;19.97
2013-09-01;15.73;17.19;18.74;19.35;17.09;14.74;15.64;15.06;15.90;7.15;18.63;14.03;13.49;19.53;14.99;16.10;21.02;13.16;27.29;22.94;18.76;27.31;24.31;0.96;17.97;2.30;27.12;9.88;15.68;16.14;20.51;20.08;14.96
2013-10-01;14.57;14.87;15.96;16.77;14.58;12.37;12.54;12.48;13.46;3.93;16.06;11.21;10.90;18.14;13.10;13.93;18.53;10.37;27.82;23.00;14.39;23.00;19.10;3.16;18.78;-6.77;26.91;6.18;15.23;13.52;18.34;17.89;9.99
2013-11-01;10.59;8.70;9.04;8.35;6.08;4.11;5.76;5.29;7.00;2.11;9.35;2.76;1.82;11.97;7.33;8.36;10.79;1.80;26.12;22.61;6.64;20.91;11.99;4.14;18.76;-11.51;26.78;3.42;13.06;6.95;11.77;11.50;1.31
2013-12-01;9.44;6.71;6.38;6.24;4.20;3.38;4.09;4.07;5.48;-0.97;6.68;2.45;0.15;10.01;6.27;7.16;8.38;-1.71;23.26;20.86;2.29;14.70;7.01;5.25;21.16;-11.47;26.34;-2.26;12.08;5.36;10.61;10.16;-8.14
2014-01-01;9.05;8.09;9.14;8.41;6.54;4.98;5.03;5.05;6.58;1.02;9.34;3.34;1.45;9.66;6.47;7.48;9.67;0.90;20.47;21.42;-3.14;14.93;4.64;6.13;21.95;-7.40;25.70;-10.10;10.53;6.59;10.65;9.99;-10.14
2014-02-01;8.63;8.30;9.06;8.06;6.95;5.19;5.93;5.74;6.99;0.26;9.26;3.36;2.30;9.63;6.96;7.71;9.75;1.99;19.57;23.54;-2.05;15.90;4.72;7.13;21.70;-3.70;26.37;-2.33;14.73;6.98;10.75;10.10;-8.84
2014-03-01;8.93;9.29;10.42;10.08;8.80;7.02;8.48;7.94;8.72;1.75;10.49;5.83;5.05;10.19;8.72;9.09;12.20;4.52;19.72;26.20;1.80;19.03;9.10;4.28;21.54;-11.46;27.05;2.02;16.09;8.74;12.06;11.55;-6.73
2014-04-01;10.93;11.93;13.93;13.74;12.45;9.94;12.54;11.82;11.73;5.21;13.86;8.76;8.55;12.73;11.73;11.39;16.04;9.08;20.51;28.64;10.16;22.36;13.99;3.96;19.51;-12.06;27.42;6.24;16.98;11.80;15.13;14.54;6.20
2014-05-01;12.39;13.67;15.07;14.85;14.72;11.37;14.36;13.29;13.43;8.17;15.03;10.13;10.57;14.86;13.31;13.15;17.25;10.36;21.87;27.25;16.84;26.03;19.62;1.24;17.56;-3.75;27.84;15.60;16.41;13.44;16.95;16.47;14.29
2014-06-01;15.64;18.69;20.78;20.81;20.96;17.04;19.89;18.53;17.09;11.58;20.56;15.90;15.81;20.12;16.13;16.51;23.01;15.51;24.61;25.86;21.86;28.26;22.76;-0.54;15.02;1.53;28.39;15.69;16.60;17.29;21.79;21.26;19.73
2014-07-01;17.33;20.06;21.27;20.74;19.59;17.31;20.11;19.42;19.48;11.76;21.20;15.70;15.83;20.62;18.85;18.84;23.64;15.66;26.24;23.96;24.12;28.86;26.16;-1.41;13.64;5.93;27.80;20.41;15.63;19.58;22.59;22.13;21.06
2014-08-01;16.02;17.32;19.54;20.24;18.73;15.74;17.44;16.55;16.90;11.45;19.33;15.18;15.37;21.41;16.42;16.80;23.07;14.99;26.76;23.85;22.47;29.71;27.34;0.26;13.70;4.24;27.00;18.51;15.83;17.00;22.62;22.23;19.86
2014-09-01;16.89;18.38;20.05;20.42;17.34;14.86;16.33;16.03;16.85;9.50;20.01;14.18;14.13;20.55;16.46;16.96;22.42;13.81;27.33;24.05;19.89;28.31;22.50;1.18;16.01;-0.33;27.64;11.63;15.84;16.92;21.43;21.07;15.62
2014-10-01;14.75;14.60;16.66;17.35;14.72;12.97;13.69;12.95;13.69;3.79;16.67;12.20;11.51;18.44;13.82;14.16;19.20;11.04;27.72;23.67;14.76;24.19;18.18;2.82;18.28;-4.23;27.45;3.17;14.32;13.71;19.20;18.62;10.93
2014-11-01;11.56;10.91;12.75;12.65;9.76;8.96;7.73;7.83;9.41;4.99;12.93;7.59;5.95;14.81;9.08;10.16;14.35;5.48;26.13;22.27;6.51;19.74;13.18;4.44;19.87;-9.45;26.77;-2.27;13.07;9.44;15.38;14.67;2.11
2014-12-01;9.33;6.68;6.71;6.31;4.61;2.85;4.20;3.85;5.14;-1.77;7.15;2.03;1.56;10.40;5.37;6.79;8.70;1.29;23.52;22.21;4.20;16.65;6.14;6.38;21.23;-13.15;26.53;-4.65;11.92;5.06;10.41;10.12;-2.98
2015-01-01;8.64;6.24;6.28;5.65;3.99;2.88;3.39;2.65;4.26;-0.90;6.56;1.64;-0.26;9.16;4.36;5.90;7.81;-0.31;20.71;22.12;-2.14;13.80;5.21;7.60;22.42;-10.41;26.10;-5.07;11.49;4.22;9.55;9.11;-11.45
2015-02-01;6.76;5.00;5.80;5.04;3.12;1.44;1.86;2.03;3.73;-0.67;5.91;0.08;-1.19;7.96;3.88;4.76;7.20;-1.56;19.45;23.74;-6.14;14.70;5.29;7.21;22.39;-17.43;26.10;-2.89;12.81;3.65;8.08;7.77;-15.39
2015-03-01;8.63;8.49;9.97;10.08;8.31;6.45;7.01;6.41;7.36;0.47;9.87;5.46;5.00;10.27;6.77;7.90;11.73;5.03;19.88;26.36;1.64;18.75;9.81;6.94;21.19;-9.27;26.90;0.91;14.15;7.44;11.90;11.45;-3.99
2015-04-01;11.24;12.58;14.28;13.73;12.22;10.45;10.92;10.40;11.41;2.51;14.12;8.92;9.06;12.72;9.81;11.48;14.67;8.99;20.46;26.60;11.06;20.54;14.39;3.50;18.39;-7.20;27.37;5.56;16.46;11.59;14.05;13.50;6.32
2015-05-01;12.31;13.86;16.43;16.66;16.17;13.42;14.78;13.76;13.50;4.80;16.12;12.56;12.70;16.62;12.82;13.32;18.50;12.60;22.78;26.25;18.85;25.49;20.94;1.41;16.40;-4.13;27.68;13.85;16.18;13.75;17.84;17.38;16.57
2015-06-01;14.83;17.97;21.15;21.55;20.87;18.00;18.69;18.15;17.81;9.19;20.69;17.12;16.71;20.56;16.16;16.82;23.90;16.78;24.34;24.66;21.56;27.10;22.02;-1.53;14.55;2.21;27.99;17.30;16.40;18.12;22.48;22.03;17.62
2015-07-01;16.33;19.17;22.90;23.97;24.68;21.07;23.29;22.00;20.49;11.15;22.15;20.62;20.79;24.39;18.44;18.63;26.28;20.76;26.38;24.39;24.94;29.24;26.29;-1.65;12.54;5.82;27.88;17.88;15.88;20.82;25.56;25.21;21.20
2015-08-01;15.92;19.23;21.50;22.21;21.82;19.37;21.80;21.04;20.25;10.76;21.30;17.76;18.00;22.88;18.58;18.53;23.67;17.54;27.33;24.17;24.75;31.39;26.89;-0.89;14.13;5.34;27.47;16.92;16.32;20.51;23.29;23.06;20.85
2015-09-01;14.11;15.01;17.11;17.40;15.43;12.75;14.66;13.83;14.09;9.28;17.03;11.71;12.11;19.96;13.56;14.12;20.24;11.40;27.55;24.16;22.06;30.15;22.72;-0.12;15.68;1.04;27.57;13.41;15.93;14.18;20.24;19.93;18.14
2015-10-01;13.10;12.23;13.25;14.19;10.47;8.86;10.06;9.71;10.88;5.32;13.22;7.87;7.98;16.26;10.77;11.94;15.71;7.59;27.61;24.29;13.39;25.76;18.11;2.67;19.65;-3.71;27.50;3.79;15.41;10.88;16.17;15.77;7.74
2015-11-01;12.80;12.34;12.28;11.50;8.35;8.12;8.67;8.42;10.57;1.78;12.65;6.75;5.09;13.14;10.73;11.70;13.38;4.77;27.05;22.19;10.85;20.43;13.79;4.83;20.45;-6.22;26.92;-0.00;14.92;10.58;13.60;13.03;4.63
2015-12-01;12.44;10.29;9.57;9.65;7.50;6.10;7.40;7.61;9.08;-0.99;9.81;5.69;2.67;10.82;9.97;10.74;11.11;2.31;24.75;22.19;9.22;15.41;8.93;5.83;20.98;-8.27;26.94;-0.31;12.75;8.93;12.58;11.87;1.76
2016-01-01;9.36;7.56;8.82;8.53;5.88;4.48;4.08;3.70;5.26;-0.31;9.04;3.25;1.36;9.62;5.63;6.57;9.65;1.18;24.29;21.79;0.58;13.30;5.39;7.80;22.22;-5.67;27.00;-11.02;11.17;5.19;10.58;9.94;-6.51
2016-02-01;8.20;7.29;8.58;8.24;6.16;4.30;5.30;4.77;5.74;-2.06;8.78;3.17;2.46;9.94;5.36;6.61;9.93;2.35;22.27;24.58;2.41;17.35;6.62;7.13;23.01;-7.47;26.85;-1.29;13.15;5.70;10.61;10.07;-5.77
2016-03-01;7.99;7.63;9.37;9.09;6.78;4.78;5.79;5.13;6.44;2.43;9.46;3.58;3.02;10.18;6.15;6.88;10.83;2.90;20.41;27.31;8.14;19.91;9.92;7.26;22.11;-8.56;27.70;-0.64;14.22;6.43;11.14;10.69;-0.85
2016-04-01;9.42;9.55;11.77;12.34;10.75;8.15;9.48;8.53;9.18;4.47;11.78;7.04;7.11;13.57;8.84;9.21;13.95;7.47;20.80;29.64;10.99;24.64;15.36;2.33;20.27;-7.97;28.21;7.54;17.42;9.26;14.28;13.84;4.16
2016-05-01;12.93;14.40;15.84;15.48;14.12;11.91;14.36;13.56;13.96;6.73;15.78;10.25;10.71;14.98;14.02;13.99;16.83;10.72;21.10;27.22;16.21;26.31;20.10;1.82;17.44;-0.48;28.36;14.33;18.26;14.00;16.70;16.32;14.45
2016-06-01;15.06;17.23;18.87;19.52;18.51;15.99;18.07;17.03;16.77;11.17;18.80;14.84;15.00;18.66;16.01;16.41;22.39;14.77;23.47;24.07;22.12;30.50;22.80;1.66;15.00;3.03;28.31;17.44;16.17;16.86;20.79;20.28;19.11
2016-07-01;16.77;19.43;21.70;22.70;21.17;18.49;20.66;19.54;19.49;12.44;21.34;17.79;17.70;22.45;18.51;18.84;25.31;17.72;25.71;23.65;25.70;29.75;25.52;-0.98;14.28;6.92;28.02;20.54;16.23;19.68;23.72;23.25;21.35
2016-08-01;17.16;20.51;22.19;23.06;21.16;18.36;20.06;19.57;20.20;11.77;22.06;17.52;17.38;22.36;18.72;19.21;24.46;17.25;26.99;23.66;25.76;29.77;27.35;-1.02;14.50;4.31;27.99;18.75;16.40;20.43;23.78;23.35;21.66
2016-09-01;16.25;18.48;20.25;20.73;19.04;16.08;18.41;17.70;18.03;8.76;20.06;15.12;14.92;20.54;17.92;17.94;22.95;14.57;27.43;23.37;21.60;28.29;24.60;2.62;16.28;2.61;27.85;11.11;15.85;18.13;22.32;21.79;16.89
2016-10-01;12.18;11.57;13.33;14.65;10.56;8.62;9.98;9.49;10.64;7.93;13.28;8.34;7.94;16.88;10.82;11.21;16.69;7.26;27.67;24.15;14.38;25.31;18.79;5.18;17.90;1.32;27.57;4.09;14.33;10.65;16.91;16.50;9.47
2016-11-01;10.03;8.74;10.01;10.13;7.58;5.99;5.85;5.60;7.25;3.76;10.20;5.15;3.72;13.04;6.71;8.13;12.45;3.38;26.76;23.47;9.09;20.21;11.33;6.13;19.99;-2.75;26.93;-3.14;12.33;7.15;13.28;12.74;3.92
2016-12-01;9.34;6.06;7.02;7.06;1.47;2.17;1.79;1.44;3.51;3.37;7.20;2.62;0.00;11.23;4.69;5.65;9.55;0.84;24.42;21.48;2.91;14.31;8.29;6.72;22.18;-8.49;27.09;-5.21;12.69;3.40;11.18;10.62;-4.29
2017-01-01;6.99;3.53;3.71;3.38;0.15;-0.26;-1.33;-1.22;1.61;1.24;4.02;-1.43;-4.38;8.07;1.97;3.73;6.46;-4.15;21.90;21.74;2.55;13.09;5.19;7.46;23.58;-13.58;26.67;-8.50;12.19;1.51;7.52;7.37;-4.64
2017-02-01;8.52;7.68;9.11;9.20;7.24;5.43;5.22;5.47;6.63;2.61;9.13;4.44;3.65;10.44;6.37;7.28;10.51;3.08;19.69;23.48;4.01;14.55;6.35;8.57;23.69;-9.32;26.41;-5.24;13.90;6.57;11.59;10.95;-4.38
2017-03-01;10.24;10.48;11.67;11.16;10.10;8.22;9.24;8.83;9.87;1.09;11.73;7.12;6.54;11.48;9.52;10.42;13.00;6.94;20.37;26.83;3.70;18.61;8.27;6.81;21.97;-14.24;26.86;1.99;14.32;9.88;13.17;12.60;-4.39
2017-04-01;10.25;10.93;12.76;12.71;10.85;8.12;9.75;8.90;9.63;3.45;12.75;7.18;7.63;12.94;9.23;10.13;14.87;7.57;21.65;28.46;12.88;21.87;14.52;4.62;18.73;-10.51;27.42;5.02;16.33;9.77;14.49;13.95;7.80
2017-05-01;13.70;15.98;17.85;17.49;16.07;13.56;15.98;15.66;15.47;8.86;17.89;12.15;12.42;16.59;15.20;15.05;18.57;12.27;22.34;26.70;16.02;26.40;20.11;1.88;16.60;-6.00;27.86;10.35;18.33;15.64;17.67;17.24;13.20
2017-06-01;15.89;19.50;21.60;22.62;21.77;18.32;20.82;20.21;19.60;9.99;21.62;17.44;17.73;21.63;19.00;18.90;23.77;17.41;24.74;24.71;22.30;29.20;22.52;-2.11;14.70;1.84;27.97;14.08;18.10;19.95;22.82;22.32;18.68
2017-07-01;16.59;19.99;21.84;22.27;22.30;18.97;20.90;20.19;19.96;11.91;21.59;18.06;18.10;23.25;18.73;19.08;24.33;17.55;26.24;24.28;24.80;30.89;27.73;-0.09;13.77;5.50;27.81;17.39;15.59;20.21;23.80;23.50;20.31
2017-08-01;16.13;19.47;21.60;22.95;22.24;18.47;20.06;19.70;18.86;10.97;21.51;18.44;18.33;24.56;17.82;18.14;24.52;17.68;27.19;23.99;23.18;30.42;26.67;-0.18;14.29;4.44;27.38;18.08;16.68;18.95;23.83;23.65;19.33
2017-09-01;14.40;15.27;17.01;16.96;14.99;12.63;14.36;13.74;14.69;9.85;17.11;11.54;11.20;18.31;14.41;14.93;19.32;10.86;27.57;23.97;20.77;27.96;23.00;0.82;16.92;3.38;27.45;12.43;15.72;14.61;18.99;18.55;17.30
2017-10-01;13.80;14.42;15.76;15.72;13.01;11.28;12.15;11.80;13.27;6.98;15.94;10.30;9.69;16.97;13.83;13.99;17.80;9.12;28.28;23.72;17.22;24.08;17.12;3.16;18.77;-1.25;27.59;4.57;14.56;13.28;17.54;17.11;12.87
2017-11-01;10.42;8.34;8.36;8.20;6.29;4.11;6.19;5.69;7.28;-0.38;8.83;3.02;1.80;11.83;7.50;8.79;11.02;2.35;27.45;22.85;7.92;19.00;11.88;5.72;19.32;-5.97;27.09;-0.29;12.58;7.26;11.78;11.41;1.30
2017-12-01;9.16;6.77;6.63;5.80;4.27;2.66;3.75;3.84;5.31;-1.01;6.94;1.06;-1.49;8.72;5.28;7.04;7.34;-2.02;23.47;21.45;1.44;16.72;6.11;6.41;22.06;-6.80;26.86;-0.45;11.61;5.23;8.78;8.25;-8.77
2018-01-01;9.41;8.87;9.33;8.98;7.56;5.73;6.35;6.11;7.27;-1.25;9.60;4.28;3.07;10.43;6.37;7.91;10.42;2.29;20.36;21.51;-1.31;14.52;4.11;8.41;22.64;-7.69;26.17;-5.00;10.60;7.33;11.64;11.06;-9.99
2018-02-01;5.86;3.69;4.67;4.49;1.52;-0.21;0.21;-0.19;1.49;0.79;4.86;-1.37;-1.70;7.07;1.68;3.33;6.49;-2.28;18.46;22.85;4.15;17.91;5.09;8.72;22.53;-8.10;26.37;-10.13;13.71;1.32;7.18;6.75;-4.68
2018-03-01;7.61;7.90;9.55;9.10;7.33;5.59;5.09;4.78;6.47;2.02;9.57;4.02;3.38;9.76;5.54;7.00;10.57;2.35;20.20;25.62;4.09;21.29;11.15;5.83;22.05;-14.99;26.97;-6.06;16.23;6.63;11.16;10.53;-0.71
2018-04-01;10.88;12.67;14.23;14.09;14.09;11.52;14.09;12.97;12.84;4.94;14.27;9.97;10.29;14.16;12.21;12.35;14.96;10.50;19.57;27.36;8.86;23.25;16.96;2.63;20.86;-10.56;27.32;7.20;16.31;12.90;15.29;14.78;3.76
2018-05-01;12.82;15.22;16.28;15.66;16.23;13.24;17.09;16.28;15.53;6.04;16.42;11.90;12.54;15.87;15.20;14.30;17.60;12.62;20.33;25.72;18.47;27.70;19.84;1.29;16.39;-0.22;27.57;15.42;17.84;15.67;17.76;17.26;15.32
2018-06-01;16.06;19.14;20.61;20.41;20.29;17.15;20.24;19.24;18.51;8.90;20.65;15.81;16.62;19.86;17.03;17.67;22.81;16.25;23.00;24.13;21.75;29.53;22.78;-1.84;14.11;1.76;27.92;16.65;16.97;18.78;21.73;21.32;18.50
2018-07-01;18.07;21.13;23.10;23.30;23.19;20.03;22.71;22.68;22.26;10.67;22.99;18.78;19.59;23.01;20.93;20.73;26.90;19.39;25.46;23.54;25.33;30.23;28.52;-2.01;13.89;5.75;27.79;19.87;16.39;22.57;24.98;24.46;23.59
2018-08-01;16.73;19.87;22.87;23.23;22.90;19.63;22.23;21.06;20.10;10.42;22.73;18.37;18.37;23.57;18.72;18.53;26.44;18.26;26.20;23.14;25.73;30.11;28.29;-0.47;13.81;4.82;27.75;18.90;15.47;20.47;25.36;24.82;22.30
2018-09-01;15.44;17.19;19.98;20.88;18.95;16.11;17.37;16.48;16.13;7.20;19.82;15.31;15.23;20.89;15.16;15.86;22.57;15.02;26.82;24.08;21.45;28.64;23.39;-0.28;15.40;0.37;27.50;14.07;15.94;16.37;22.55;22.13;17.15
2018-10-01;12.61;12.97;14.36;14.84;13.08;11.16;12.34;12.00;12.81;4.00;14.52;9.95;10.04;17.73;12.53;12.93;16.76;9.59;27.11;23.58;14.18;25.09;18.94;2.42;17.76;-3.22;27.00;6.59;15.31;12.96;18.13;17.75;6.99
2018-11-01;10.41;8.76;9.95;10.49;8.23;7.07;6.68;6.79;7.50;3.43;10.12;5.87;4.55;13.72;7.63;8.23;12.46;4.80;24.23;22.90;6.82;20.59;13.81;5.70;19.71;-6.11;26.95;-1.29;13.22;7.50;14.58;13.85;-0.65
2018-12-01;10.42;8.57;9.27;8.78;5.70;4.72;5.07;4.69;6.56;2.47;9.53;3.58;2.21;10.80;6.58;8.00;10.48;1.93;23.60;22.49;3.85;15.78;7.86;7.88;21.63;-8.10;26.86;-6.42;12.01;6.51;10.99;10.60;-5.35
2019-01-01;7.81;5.45;5.52;4.43;2.73;0.95;1.83;1.55;3.77;-0.58;5.90;-0.46;-1.45;7.85;3.76;5.60;7.12;-2.21;21.60;21.16;0.17;13.14;5.07;7.34;23.77;-12.77;27.03;-7.59;12.24;3.69;7.63;7.29;-10.52
2019-02-01;9.45;7.95;9.13;8.63;5.71;5.20;5.60;5.56;6.43;-0.24;9.27;4.00;1.96;9.63;6.58;7.56;9.88;1.50;21.13;24.39;1.31;14.90;6.89;7.20;22.90;-12.88;27.21;-1.97;14.87;6.44;10.21;9.74;-8.72
2019-03-01;9.78;9.74;11.28;10.46;9.22;6.98;8.58;8.02;8.95;1.30;11.32;5.64;5.35;10.79;8.85;9.37;12.77;4.96;20.26;27.40;4.57;17.22;10.25;7.07;22.07;-14.83;27.62;0.05;16.45;8.93;12.58;12.02;-2.71
2019-04-01;10.61;10.96;12.69;12.04;11.06;8.51;10.43;9.72;10.67;6.36;12.74;6.88;6.81;11.92;10.45;10.76;13.64;7.31;19.91;28.33;12.29;20.85;13.76;3.53;19.89;-5.98;27.90;7.43;17.51;10.86;13.77;13.18;5.21
2019-05-01;12.29;13.32;14.79;14.41;13.50;10.71;12.51;11.98;12.73;7.71;14.82;9.17;9.29;13.54;12.06;12.91;16.59;9.39;21.00;27.24;16.51;27.55;20.08;1.74;17.11;-3.95;27.92;16.00;19.23;12.84;16.08;15.44;11.94
2019-06-01;14.73;18.04;20.14;20.50;20.80;18.16;20.78;20.34;18.67;10.22;19.85;16.68;17.67;21.36;17.56;17.40;21.70;17.53;23.03;25.56;22.08;29.65;22.22;-1.31;14.84;2.26;27.77;19.13;17.63;18.91;21.57;21.27;18.14
2019-07-01;17.44;21.47;23.92;24.40;24.14;20.56;22.12;21.79;20.87;13.25;23.71;19.61;19.68;23.79;19.05;19.98;26.24;19.22;25.05;24.38;26.42;30.51;24.66;-0.58;14.40;6.35;27.96;16.20;15.79;21.24;25.23;24.74;23.05
2019-08-01;16.65;19.50;21.99;22.69;21.43;19.12;20.68;20.52;19.61;10.84;21.71;18.00;18.10;23.95;18.91;18.85;25.34;17.62;26.20;23.67;23.99;30.45;28.55;-0.60;14.04;4.37;28.02;15.78;16.59;19.98;24.60;24.33;20.08
2019-09-01;15.56;17.22;19.66;19.89;17.98;15.44;16.17;15.68;16.14;9.35;19.54;14.33;14.33;20.97;15.56;16.02;21.39;13.78;27.68;23.88;20.66;28.06;25.11;1.28;15.94;0.60;27.70;11.59;16.16;16.35;21.71;21.32;15.30
2019-10-01;13.30;14.01;15.96;16.30;14.39;12.61;12.84;12.39;12.78;5.25;16.03;11.23;11.07;18.11;12.48;12.88;17.82;10.43;27.60;23.65;15.24;25.50;19.65;3.39;18.14;-6.65;27.07;8.10;15.63;12.83;18.57;18.12;9.44
2019-11-01;10.00;8.48;9.72;9.11;7.40;5.77;6.42;5.90;7.58;1.71;10.06;3.90;3.28;12.56;7.25;8.10;11.02;3.32;25.23;23.36;6.19;21.88;12.90;5.70;19.88;-9.12;27.15;1.10;14.53;7.54;12.70;12.14;-0.94
2019-12-01;9.46;7.95;9.38;9.39;6.46;5.60;4.86;5.06;6.35;-1.22;9.60;4.24;2.43;11.52;6.33;7.23;10.87;1.66;23.39;21.82;2.86;15.99;8.32;7.80;21.32;-13.66;26.45;0.48;12.80;6.36;12.27;11.74;-4.22
2020-01-01;9.15;8.00;8.43;7.62;4.51;4.23;4.49;4.22;6.12;-0.51;8.70;3.01;0.87;9.83;6.32;7.27;9.12;1.27;22.19;23.01;3.22;13.38;6.73;8.32;23.23;-15.93;26.80;-0.16;12.34;6.06;10.96;10.36;-5.95
2020-02-01;9.67;9.54;10.28;10.03;7.88;6.66;7.45;6.80;8.23;-0.53;10.33;5.20;4.02;10.62;7.76;8.73;11.64;3.81;23.72;23.84;3.61;14.99;7.67;9.03;22.62;-17.58;26.99;-0.60;14.60;8.24;11.87;11.30;-6.38
2020-03-01;8.92;9.17;10.31;10.14;8.34;6.41;7.35;6.97;7.91;-0.26;10.40;5.34;5.05;10.32;7.31;8.24;11.55;4.82;21.89;26.37;7.83;17.94;10.50;7.48;20.60;-18.59;27.63;3.26;17.34;7.95;11.90;11.32;0.36
2020-04-01;11.96;14.04;15.29;14.54;13.87;11.85;13.52;13.02;13.56;3.44;15.22;9.93;10.09;13.42;11.87;13.21;14.44;10.80;20.80;27.25;9.72;21.50;12.83;5.14;19.14;-10.63;27.77;4.36;18.76;13.64;14.73;14.12;5.21
2020-05-01;14.22;16.41;18.40;18.27;16.26;14.04;14.91;14.20;14.97;6.25;18.13;12.98;13.35;17.21;13.78;14.73;19.69;12.89;21.85;27.65;15.31;26.24;19.63;2.98;15.98;-2.33;28.26;11.28;17.70;15.07;18.67;18.20;13.97
2020-06-01;15.08;17.11;18.38;19.11;18.82;15.53;18.20;17.26;17.62;9.64;18.35;14.65;14.57;18.95;16.99;16.92;21.28;14.33;24.60;24.92;22.55;28.20;23.59;-0.75;14.25;2.90;27.77;18.41;17.92;17.51;20.70;20.22;20.11
2020-07-01;16.01;19.59;22.21;23.93;22.81;19.21;21.43;20.21;19.45;10.17;21.92;18.63;18.47;22.94;17.58;18.40;25.14;18.08;26.57;23.91;26.30;29.33;24.82;-3.06;13.88;7.13;27.20;18.34;17.77;19.74;24.07;23.71;24.04
2020-08-01;17.18;20.13;22.28;23.88;22.31;19.50;22.10;21.75;21.10;10.63;22.01;18.58;18.15;23.77;20.31;20.20;24.98;17.61;27.46;23.81;24.68;29.84;29.36;-1.38;13.73;5.41;27.79;16.95;16.27;21.24;24.50;24.15;20.04
2020-09-01;15.57;17.56;19.49;19.87;18.41;15.45;17.46;17.28;17.33;6.89;19.52;14.40;14.04;20.28;16.38;17.04;20.99;13.77;27.55;23.43;20.07;29.45;24.79;1.20;16.59;1.51;27.08;13.26;15.48;17.70;21.17;20.79;14.54
2020-10-01;12.58;12.55;13.59;13.13;11.57;9.68;11.24;11.07;11.98;5.04;13.75;8.06;7.84;14.91;11.88;12.28;15.10;7.53;28.32;23.32;14.50;26.20;17.45;3.79;18.10;-3.41;27.64;8.61;14.56;11.93;15.72;15.26;8.69
2020-11-01;11.97;10.20;11.00;11.45;7.96;7.61;7.20;7.14;8.96;1.51;11.19;6.44;5.45;13.62;9.40;10.21;12.93;5.16;27.48;22.52;10.16;19.76;13.66;7.32;19.86;-5.54;26.74;1.68;13.97;8.91;14.32;13.84;4.44
2020-12-01;9.31;7.70;8.23;7.34;5.56;4.21;4.73;4.89;6.32;0.81;8.62;2.40;0.84;9.68;6.16;7.28;8.38;0.97;23.95;21.15;3.41;16.91;6.97;7.45;20.80;-9.83;26.71;-4.56;12.85;6.27;10.08;9.43;-1.94
2021-01-01;7.57;5.31;5.86;5.14;3.46;1.72;2.37;2.21;4.17;-1.19;6.08;0.01;-1.04;8.08;3.66;5.26;6.94;-1.53;21.20;21.88;1.06;15.56;4.82;8.32;21.96;-9.63;26.00;-6.52;13.09;4.09;8.19;7.86;-6.84
2021-02-01;8.12;7.44;10.43;10.68;7.45;6.49;4.95;5.30;6.06;1.85;10.31;5.03;4.28;10.51;5.30;6.72;11.07;3.54;20.16;22.68;0.13;15.78;7.59;9.22;21.58;-8.92;26.58;-11.57;14.21;6.18;11.36;10.85;-8.04
2021-03-01;9.16;8.53;10.40;9.98;7.66;5.71;6.57;6.25;7.48;1.80;10.37;4.67;4.34;10.25;7.20;8.18;11.33;4.11;20.01;26.10;6.36;18.22;12.37;6.87;20.91;-12.01;26.88;-2.18;16.88;7.48;11.48;11.01;-0.20
2021-04-01;9.45;10.27;12.83;11.67;9.85;7.30;8.42;7.83;8.29;2.90;12.72;5.97;6.34;11.86;7.09;8.22;13.03;6.80;20.62;26.75;11.70;22.07;14.80;4.80;18.29;-8.10;27.41;6.99;17.20;8.57;12.96;12.43;8.50
2021-05-01;11.64;13.03;14.61;14.81;13.32;10.78;12.08;11.36;12.19;4.95;14.56;9.72;9.76;14.74;11.68;12.27;17.41;9.51;20.98;26.15;16.47;27.86;19.98;1.65;16.17;-5.28;27.72;13.76;17.33;12.25;16.19;15.60;14.52
2021-06-01;15.05;18.32;20.13;21.11;20.34;17.40;20.25;19.75;18.62;8.13;20.03;16.18;16.90;21.02;17.67;17.09;23.84;16.78;24.36;24.86;22.81;28.00;23.05;0.34;14.05;0.92;27.78;19.68;15.88;18.81;22.65;22.16;21.29
2021-07-01;17.15;18.97;20.58;21.77;19.92;17.23;19.06;18.45;18.88;11.30;20.51;16.72;17.02;22.98;17.85;18.52;24.87;16.56;25.79;23.85;24.70;30.55;26.16;-0.74;13.53;4.99;27.96;21.56;16.07;19.00;23.32;22.87;20.20
2021-08-01;16.28;18.01;20.32;22.22;19.37;16.55;18.01;17.55;17.76;12.33;20.13;16.32;16.24;22.96;17.09;17.29;24.44;15.76;27.18;23.57;24.96;31.10;27.49;-0.18;14.67;4.79;27.15;18.96;15.90;17.95;23.11;22.76;22.98
2021-09-01;16.48;18.13;19.83;20.37;18.30;15.78;16.73;16.46;17.45;7.91;19.78;14.85;14.84;21.25;16.91;17.31;21.99;14.34;27.92;23.89;21.53;28.11;22.51;2.54;16.14;2.13;27.44;9.40;15.64;17.51;22.04;21.62;16.89
2021-10-01;13.94;12.79;13.86;14.23;11.46;9.90;10.54;10.51;11.58;4.68;13.97;8.64;8.62;16.73;11.84;12.75;16.86;7.94;27.89;23.69;16.78;24.71;18.06;3.94;17.55;-5.27;27.77;5.66;15.24;11.58;17.16;16.88;11.52
2021-11-01;10.27;7.06;8.10;8.18;5.66;4.09;4.85;4.58;6.26;1.74;8.35;3.35;2.75;13.06;7.52;8.24;10.65;2.82;26.63;22.17;7.86;21.56;13.22;5.95;18.63;-12.22;27.35;1.76;12.43;6.10;12.43;12.22;2.37
2021-12-01;9.75;7.61;8.05;8.10;4.23;3.67;4.61;4.53;6.56;0.90;8.24;2.95;-0.52;10.13;6.54;7.77;9.13;-0.84;24.29;21.84;5.89;15.22;7.14;8.62;20.88;-8.71;26.81;-7.73;12.67;6.41;10.09;9.58;-3.23
2022-01-01;8.40;5.69;4.80;4.17;2.05;1.45;2.83;2.51;4.32;0.63;5.20;1.04;-1.11;8.54;4.92;6.19;7.25;-1.81;23.81;22.60;-1.39;12.39;3.99;7.40;22.94;-12.69;26.68;-5.96;11.96;4.21;8.20;8.02;-13.59
2022-02-01;9.43;8.00;9.09;9.07;6.45;4.94;5.95;5.73;7.10;-2.69;9.09;3.69;3.05;9.74;7.28;8.13;10.71;1.62;21.96;23.67;1.79;14.30;4.48;7.61;22.20;-14.25;26.69;-1.70;13.29;7.03;10.83;10.34;-7.81
2022-03-01;10.03;10.16;11.30;10.79;8.59;7.10;7.54;7.47;8.80;1.79;11.42;5.36;5.74;9.97;8.37;9.71;11.33;5.51;19.01;25.94;6.66;15.44;10.57;5.74;21.21;-9.67;27.35;-1.94;15.90;8.88;11.97;11.38;-1.32
2022-04-01;10.67;11.72;12.59;12.16;11.21;8.79;10.08;9.39;10.53;4.68;12.69;7.65;7.36;11.98;10.15;10.86;14.00;7.70;20.14;27.14;11.03;23.10;15.27;3.30;19.50;-11.74;27.55;5.20;17.61;10.63;13.80;13.23;6.34
2022-05-01;13.43;16.60;19.31;19.12;18.62;15.34;16.80;15.73;15.69;7.07;19.16;14.15;14.41;18.16;14.51;14.94;20.02;14.76;22.18;25.01;17.37;25.26;19.03;2.55;16.88;-3.83;28.37;10.23;19.24;16.05;19.32;18.80;15.79
2022-06-01;15.46;19.24;21.35;22.86;22.02;18.57;20.43;19.15;18.55;9.24;21.14;18.20;18.52;23.15;17.17;17.78;24.67;18.25;24.94;24.41;22.09;28.87;23.19;-0.12;13.49;3.67;27.41;18.15;16.70;18.83;23.74;23.47;18.52
2022-07-01;18.04;22.40;24.06;25.51;23.52;20.02;21.84;21.18;21.26;10.39;23.84;20.00;20.74;24.91;19.20;20.56;27.40;20.04;26.59;23.32;26.52;29.53;27.63;-2.38;13.78;7.50;28.07;19.92;16.68;21.56;26.16;25.82;21.80
2022-08-01;18.45;22.54;24.78;26.11;23.76;20.44;22.51;22.19;21.72;9.82;24.51;19.86;19.73;24.66;20.80;20.50;27.16;19.37;27.33;23.43;25.84;29.91;27.64;0.37;14.50;5.46;27.40;21.14;16.20;22.03;25.61;25.31;20.90
2022-09-01;15.73;17.16;19.37;20.51;16.95;14.62;15.45;14.74;15.82;8.90;19.18;13.87;13.71;21.13;15.54;16.02;21.99;13.02;27.39;23.46;20.54;28.67;24.61;1.65;15.54;1.91;27.42;9.59;15.36;16.00;21.53;21.13;15.35
2022-10-01;15.03;16.24;18.81;18.96;16.63;15.16;14.71;14.50;14.96;4.36;18.55;13.78;13.24;19.08;14.24;15.03;19.90;12.69;27.79;22.80;13.52;24.41;17.31;3.99;17.67;-3.32;27.12;6.61;14.98;15.16;19.50;19.03;9.85
2022-11-01;12.25;11.04;11.67;11.66;9.32;7.97;8.62;8.41;9.24;4.52;12.07;6.56;5.35;14.37;9.24;10.36;13.64;5.23;27.14;21.67;9.89;20.10;14.19;7.65;18.01;-3.04;26.99;-1.08;14.40;9.21;14.51;13.93;4.43
2022-12-01;7.91;6.00;8.27;8.79;5.46;4.00;3.73;3.66;4.70;-5.12;8.00;3.13;1.73;12.12;4.39;5.42;10.22;2.23;24.74;21.32;3.03;17.39;6.92;7.28;19.28;-11.06;26.43;-4.51;12.26;4.66;11.49;11.03;-1.64
2023-01-01;8.47;6.89;7.06;5.88;4.91;3.05;4.87;4.60;5.87;-3.83;7.35;1.49;-0.12;9.22;5.96;6.89;7.58;-0.84;22.61;20.78;5.17;15.63;5.07;9.10;21.81;-5.68;26.07;-5.39;12.51;5.75;9.15;8.77;-4.49
2023-02-01;8.18;6.50;6.62;6.72;4.70;3.49;4.78;4.57;5.76;1.75;6.70;2.58;2.22;8.97;6.08;6.75;9.04;1.40;19.81;23.22;3.69;14.10;6.79;7.63;22.61;-8.68;26.35;-4.70;14.28;5.67;9.38;8.85;-7.01
2023-03-01;9.79;9.66;11.59;11.32;9.10;7.61;8.25;7.54;8.74;-2.35;11.42;6.10;5.61;11.27;7.85;9.32;12.86;5.69;21.14;25.15;6.08;19.40;12.66;4.11;22.27;-15.55;26.32;0.39;16.33;8.75;12.29;11.76;-0.39
2023-04-01;10.70;11.15;13.40;12.95;10.66;8.66;9.68;8.98;9.69;4.59;13.32;7.40;6.90;12.37;8.96;10.20;15.57;7.02;21.60;27.28;13.16;22.48;16.21;2.82;18.66;-6.90;27.60;8.97;17.18;9.80;14.42;13.86;8.15
2023-05-01;13.33;15.48;17.30;16.08;15.60;12.82;15.37;14.62;14.37;6.72;17.47;11.42;11.59;16.03;13.33;14.03;18.42;12.43;23.79;26.13;16.36;25.39;18.96;2.16;15.15;-3.34;28.47;12.12;16.35;14.60;18.14;17.57;13.88
2023-06-01;16.77;20.85;21.95;21.39;21.08;18.34;21.37;20.91;20.27;9.37;22.27;16.65;17.03;21.07;19.20;19.06;24.20;17.45;25.73;25.38;20.42;28.60;23.33;-1.10;14.13;2.84;28.19;16.21;19.97;20.60;23.12;22.43;18.89
2023-07-01;16.73;19.10;21.61;23.51;22.96;19.03;21.07;19.97;19.71;11.01;21.41;18.74;19.17;24.44;18.34;18.51;26.28;18.56;27.75;23.60;25.91;30.56;28.79;-2.10;14.41;8.36;27.92;17.99;17.57;19.90;25.18;24.85;22.31
2023-08-01;16.71;19.67;22.74;24.37;23.36;19.36;20.32;19.07;19.24;11.68;22.48;18.72;18.67;23.11;18.06;18.42;25.71;18.23;27.71;24.88;23.54;29.85;29.78;-1.40;14.80;6.42;27.79;18.98;16.55;19.43;23.69;23.44;19.32
2023-09-01;17.44;20.09;21.95;22.35;20.32;18.47;19.45;18.70;19.40;8.13;21.96;16.76;16.49;21.50;18.65;19.13;22.06;16.28;28.32;24.27;20.56;29.47;27.05;0.09;17.18;-0.67;27.99;14.22;16.94;19.73;22.58;22.12;17.25
2023-10-01;14.57;15.20;17.21;18.32;15.37;13.49;13.76;13.30;14.03;4.80;17.27;12.56;11.86;19.38;13.87;14.32;19.54;11.49;28.54;24.66;15.33;25.67;18.64;3.36;18.33;-5.51;27.99;5.02;15.95;14.19;19.72;19.12;12.37
2023-11-01;11.37;10.34;11.15;10.53;8.31;6.81;7.68;7.18;8.83;2.42;11.35;5.15;4.15;13.44;8.47;9.68;13.11;3.80;27.41;23.53;7.44;21.82;14.02;4.40;19.87;-9.93;27.51;0.13;14.75;8.79;13.09;12.52;1.72
2023-12-01;10.81;8.56;8.24;7.66;6.02;4.88;5.98;5.60;7.48;-2.20;8.68;3.35;2.10;10.63;7.57;8.44;10.56;2.31;24.78;22.51;5.84;17.79;8.90;7.09;22.06;-7.96;26.89;-5.14;11.48;7.40;10.75;10.31;-1.00
2024-01-01;7.77;6.10;7.12;6.84;4.52;3.45;3.09;2.62;4.10;-0.70;7.22;2.13;1.69;10.15;4.12;5.08;9.32;1.69;23.92;22.76;2.26;15.30;6.35;8.35;23.29;-13.80;26.50;-10.94;12.97;4.22;9.97;9.61;-5.48
2024-02-01;10.44;9.84;9.48;8.79;7.86;6.22;8.17;7.67;8.91;-2.60;9.66;4.94;4.59;10.66;8.77;9.52;11.79;4.89;23.61;24.89;3.09;15.98;7.49;8.93;23.10;-9.76;27.37;-5.19;14.65;8.80;11.65;11.11;-3.17
2024-03-01;9.73;9.52;10.93;11.17;9.80;7.73;9.16;8.67;9.29;1.04;10.97;5.63;5.95;11.33;9.02;9.02;13.26;6.26;20.53;27.46;7.64;18.95;9.37;5.70;21.88;-15.14;27.87;0.44;17.95;9.28;12.81;12.21;1.94
2024-04-01;11.03;11.64;13.17;12.60;11.53;9.21;11.15;10.47;11.31;2.34;13.16;7.46;7.70;13.50;10.95;11.08;14.70;7.57;21.95;29.56;11.38;23.46;16.77;3.19;19.15;-10.03;28.26;10.21;19.05;11.31;14.43;14.01;7.41
2024-05-01;13.65;14.54;14.94;15.17;14.66;11.85;15.30;14.41;14.68;6.51;15.07;10.44;11.18;16.08;14.60;14.17;16.91;11.46;23.37;27.14;17.72;26.16;19.87;0.69;16.48;-2.60;28.44;11.96;21.65;14.65;17.26;16.68;16.22
2024-06-01;14.84;17.21;19.03;19.71;19.11;15.97;18.63;17.32;16.91;8.43;18.95;15.04;15.62;19.78;15.84;15.64;21.88;15.79;24.49;24.86;23.55;30.82;23.43;-3.42;13.76;3.17;28.09;19.57;19.06;17.07;20.62;20.18;20.29
2024-07-01;16.29;19.04;21.39;22.89;21.68;19.14;20.45;19.53;19.84;10.71;21.11;18.21;18.59;23.90;18.67;18.49;25.39;18.73;26.64;23.79;25.83;31.24;28.88;-0.89;13.49;7.52;28.58;21.54;16.68;19.88;24.18;23.82;22.65
2024-08-01;17.19;19.41;21.44;23.12;22.74;19.57;21.48;20.82;20.47;9.59;21.18;18.87;19.22;25.04;19.49;19.10;26.42;19.45;27.48;24.43;23.75;30.67;29.78;0.15;15.95;8.66;27.75;18.41;16.40;20.41;25.46;25.14;20.31
2024-09-01;14.95;15.18;16.42;16.96;15.88;13.11;16.02;15.61;15.62;6.32;16.57;11.79;12.11;19.47;15.81;15.21;19.98;12.02;27.35;24.31;19.71;28.97;26.82;0.18;17.01;1.97;28.03;16.34;16.59;15.51;20.22;19.80;17.24
2024-10-01;13.65;13.79;15.37;15.75;14.62;13.08;12.61;12.46;13.20;2.72;15.45;11.45;11.33;17.53;12.67;13.24;17.53;10.74;27.88;23.94;14.88;24.39;20.33;4.42;17.81;-1.94;27.92;7.15;13.84;13.24;18.44;17.91;10.65
2024-11-01;11.65;9.71;11.08;11.14;8.14;7.87;6.39;6.22;8.00;0.91;11.36;6.30;5.31;13.96;7.85;8.98;13.36;4.85;26.81;22.86;10.36;19.44;13.12;6.19;20.81;-7.34;27.11;1.00;13.79;7.89;14.44;13.84;5.18
2024-12-01;9.83;7.39;7.14;6.49;3.47;3.41;3.47;3.24;5.91;-1.55;7.47;1.57;-0.05;10.01;6.31;7.40;9.33;-0.75;24.79;22.35;2.62;15.67;6.85;7.70;22.17;-10.80;27.20;-2.67;12.01;5.77;9.93;9.50;-4.59
