;Paris;Brest;Nantes;Bordeaux;Marseille;Toulouse;Lyon;Clermont-Ferrand;Strasbourg;Nancy;Paris — La Villette;Reykjavik;Bordeaux — Lac;Le Puy-en-Velay;Grenoble;Ajaccio;Lille;Caen;Perpignan;Annecy;Dakar;Bangalore;New York;Le Caire;Tokyo;Ushuaia;Sydney;Longyearbyen;Singapore;Moscou;Mexico;Aubagne;Montréal
1940-01-01;44.02;90.52;88.66;62.62;21.39;53.94;39.06;68.51;38.75;35.65;44.02;109.12;66.96;44.64;24.49;52.70;35.34;70.06;50.22;23.87;0.00;0.93;64.79;3.41;4.34;91.76;53.01;49.91;69.75;28.83;55.18;;
1940-02-01;50.17;66.70;50.75;41.18;21.46;28.42;53.36;50.75;53.94;50.75;51.33;68.44;40.02;43.21;91.64;84.10;37.99;63.51;26.68;107.01;0.00;2.03;126.15;2.03;35.67;77.14;39.73;46.69;30.74;35.96;1.74;;
1940-03-01;55.18;77.19;61.69;35.03;8.37;28.52;52.70;52.39;65.10;61.69;57.04;61.69;29.45;47.74;64.17;25.73;57.04;44.95;17.67;90.21;0.00;0.62;106.33;4.03;33.17;54.87;59.52;19.84;35.96;70.99;14.26;;
1940-04-01;77.70;72.60;52.80;95.10;16.50;83.40;84.30;98.10;87.90;97.50;69.00;88.50;72.60;75.60;122.40;27.00;74.40;75.30;24.60;140.70;0.00;114.90;151.80;2.40;74.70;69.00;54.60;24.60;159.00;31.80;47.40;;
1940-05-01;42.16;22.63;28.52;64.48;15.19;130.82;63.86;69.75;84.32;68.51;37.51;119.35;42.47;78.43;146.01;43.71;35.34;19.22;26.35;124.00;0.62;203.36;148.18;0.00;45.26;65.10;144.46;44.33;255.44;40.30;142.29;;
1940-06-01;25.50;15.30;16.50;69.60;11.10;84.30;58.80;91.80;43.80;49.50;23.70;128.10;56.40;122.10;77.40;50.10;19.50;4.80;24.90;81.90;1.50;145.50;64.80;0.00;116.70;65.70;44.40;34.80;133.20;67.80;143.10;;
1940-07-01;64.17;59.83;74.40;89.90;0.93;68.20;75.95;95.79;110.36;109.43;69.75;88.35;101.06;49.91;112.84;8.06;72.23;77.81;14.26;173.60;90.83;191.89;90.52;0.00;33.79;31.62;24.18;11.47;117.49;124.93;197.78;;
1940-08-01;2.79;3.72;1.86;6.20;0.31;16.12;20.15;23.56;27.90;22.63;2.48;121.52;3.72;13.33;20.15;12.40;11.16;5.58;1.55;51.77;253.58;250.79;97.96;0.62;155.93;55.80;19.84;48.05;114.08;63.86;137.95;;
1940-09-01;39.60;46.20;47.10;79.20;30.90;68.40;142.50;177.30;90.00;86.40;38.10;80.70;75.00;139.80;92.70;37.50;54.60;45.00;28.80;138.60;100.50;104.40;74.70;0.30;195.30;41.70;72.60;35.10;162.30;86.10;46.50;;
1940-10-01;61.07;132.99;85.25;57.35;67.27;28.83;75.33;61.07;56.11;43.71;64.17;104.16;48.67;74.40;70.68;67.58;62.00;82.46;212.04;70.06;9.61;98.89;49.29;4.34;84.32;45.26;47.74;59.83;113.15;26.66;38.13;;
1940-11-01;102.30;174.90;123.00;73.80;41.40;50.40;97.80;73.50;92.40;115.50;107.10;95.10;78.90;56.70;110.40;146.40;129.00;105.60;7.50;129.30;0.00;31.80;127.20;20.10;54.90;63.30;78.30;36.60;209.40;42.30;29.10;;
1940-12-01;62.31;65.72;44.64;66.34;29.14;85.56;62.93;80.91;86.80;89.59;64.79;139.50;64.79;68.51;174.84;122.76;48.98;72.85;39.68;192.51;0.62;4.34;78.43;0.00;23.56;75.02;36.58;60.45;257.61;40.61;26.04;;
1941-01-01;72.85;117.80;101.06;86.80;105.71;91.45;98.27;77.19;109.43;115.32;70.99;107.57;83.70;98.58;147.87;196.23;45.26;63.55;134.54;166.16;0.31;0.00;59.52;0.00;70.68;78.74;62.31;32.86;152.52;34.10;20.15;;
1941-02-01;70.00;99.40;90.16;82.88;22.40;91.56;71.40;65.24;64.12;85.40;75.88;41.44;79.80;66.36;126.84;169.96;55.72;68.88;25.76;132.44;0.00;0.00;43.12;1.68;20.44;59.08;63.00;29.96;102.20;28.00;9.80;;
1941-03-01;70.37;86.49;95.48;104.78;36.27;62.62;91.76;82.15;93.00;84.32;64.17;63.24;119.97;100.13;100.75;49.91;66.03;68.82;19.53;102.30;0.00;29.14;72.85;6.82;116.56;57.97;31.00;42.78;151.28;27.59;1.24;;
1941-04-01;72.00;55.80;53.10;50.40;64.50;75.30;88.80;78.00;81.00;76.50;71.70;74.10;51.90;95.40;108.60;117.90;38.40;61.80;48.60;76.20;0.60;51.60;47.70;0.90;71.40;65.10;321.60;22.80;205.80;33.00;26.70;;
1941-05-01;67.58;42.47;81.22;134.23;35.65;124.62;110.05;123.69;85.25;58.28;66.03;52.39;110.36;125.55;147.56;64.48;52.39;70.06;103.23;149.73;1.55;103.23;56.73;0.00;155.31;38.75;107.26;27.28;237.77;88.66;62.93;;
1941-06-01;69.60;76.20;64.50;65.10;0.90;41.40;96.00;85.80;81.90;66.00;65.40;92.40;57.90;73.80;121.50;17.70;36.60;45.90;17.40;128.40;0.30;103.50;156.00;0.00;184.80;44.10;26.70;41.10;126.00;38.10;205.50;;
1941-07-01;28.83;17.36;16.43;23.56;0.31;10.54;29.45;17.05;31.93;26.35;34.41;110.67;31.62;17.98;22.94;16.43;48.05;22.94;0.62;56.11;1.55;81.53;175.15;0.00;311.24;60.14;13.02;63.24;133.30;42.47;117.80;;
1941-08-01;38.13;95.17;50.53;65.72;17.05;66.34;87.42;118.42;88.66;71.92;35.34;59.52;58.28;71.30;103.23;7.13;48.67;61.38;70.68;129.58;22.63;180.11;75.02;0.00;83.70;39.99;73.47;27.90;151.59;58.59;58.90;;
1941-09-01;24.00;20.40;15.60;29.70;25.50;20.10;26.10;23.40;45.00;30.00;27.90;161.70;19.80;34.50;45.00;12.90;33.90;37.80;12.60;46.80;99.00;228.00;8.10;0.30;203.70;39.30;54.90;32.70;115.80;69.00;164.40;;
1941-10-01;30.07;33.17;15.81;16.74;19.84;31.00;35.65;52.39;91.76;72.85;30.38;133.30;18.60;37.82;68.51;62.93;87.11;48.05;32.55;72.85;17.05;165.85;36.27;0.31;125.24;62.62;60.76;47.43;155.00;53.01;85.87;;
1941-11-01;57.30;98.10;57.00;75.90;164.40;73.20;108.30;79.20;41.10;55.80;59.40;83.10;69.90;126.90;119.10;112.80;62.10;69.30;67.50;57.60;0.00;60.00;63.60;5.40;99.60;136.20;73.50;76.50;307.50;21.90;188.40;;
1941-12-01;18.91;31.00;18.29;20.46;13.95;27.59;25.42;35.03;43.40;41.23;18.91;141.05;20.46;27.90;42.47;57.04;24.18;33.48;21.08;52.08;0.00;17.36;122.76;12.71;72.85;88.35;159.96;45.57;249.55;60.14;51.46;;
1942-01-01;46.81;93.62;76.88;100.13;17.05;135.78;57.35;72.85;74.09;54.56;48.36;174.84;96.10;52.70;101.37;87.73;50.53;61.38;31.00;103.85;0.00;0.31;101.37;0.00;12.71;93.00;216.07;52.39;255.44;14.88;44.02;;
1942-02-01;44.52;17.64;37.52;24.92;55.16;42.00;54.04;51.80;43.12;38.92;42.56;61.32;21.84;54.60;68.32;75.04;31.36;34.44;65.52;48.16;0.00;1.40;65.80;1.96;33.60;62.72;180.04;30.24;85.68;32.76;69.44;;
1942-03-01;60.45;61.38;99.51;54.87;53.94;67.58;74.40;65.72;56.73;56.11;63.24;93.93;52.08;76.26;83.39;51.46;46.50;52.08;93.31;70.99;0.00;0.00;111.91;12.40;66.03;48.67;54.25;43.09;77.19;25.42;21.08;;
1942-04-01;42.30;69.30;63.60;107.10;50.70;117.00;50.10;55.80;48.60;36.30;37.20;108.30;93.30;72.90;91.20;31.20;25.20;38.70;158.40;98.40;0.00;32.10;57.00;0.00;52.80;42.00;54.30;35.70;161.10;21.60;32.40;;
1942-05-01;83.70;173.29;88.04;43.09;7.44;44.95;68.82;55.80;84.32;58.59;91.14;51.15;39.99;59.21;109.12;17.36;90.83;147.25;10.54;122.76;0.31;98.89;72.23;0.31;104.16;57.04;110.05;21.39;213.28;67.89;56.11;;
1942-06-01;42.60;21.30;30.00;36.90;3.00;22.20;35.40;66.90;87.00;68.40;39.00;37.50;40.50;18.90;57.00;54.00;21.60;31.50;7.80;101.10;0.30;120.90;75.90;0.00;109.50;42.30;133.20;28.20;147.60;108.00;153.90;;
1942-07-01;40.30;40.61;22.63;32.24;0.31;18.91;60.14;56.42;84.94;54.25;48.05;65.72;22.94;46.19;73.47;4.03;75.95;55.49;0.00;110.98;46.50;107.57;130.51;0.31;50.22;43.71;30.69;24.49;152.52;64.17;116.87;;
1942-08-01;19.22;56.42;12.71;28.83;0.31;23.25;35.65;52.39;44.64;62.00;15.50;66.34;27.59;20.77;65.72;3.10;19.22;17.67;27.59;78.43;321.78;103.54;192.51;0.00;66.34;38.44;48.36;63.55;194.37;17.05;127.72;;
1942-09-01;56.10;59.70;36.90;59.40;40.50;34.20;148.80;72.00;87.90;51.60;55.20;114.60;63.30;136.80;115.80;68.40;40.50;29.40;33.60;119.10;139.20;103.80;86.40;0.30;104.10;67.50;8.70;60.30;213.30;28.80;135.90;;
1942-10-01;65.72;98.89;38.44;53.94;99.20;44.95;82.77;136.40;59.21;75.02;62.00;66.96;49.29;155.00;74.71;55.49;63.55;61.38;22.32;55.49;62.93;255.75;105.09;0.31;71.92;49.29;59.21;43.40;229.40;68.20;20.46;;
1942-11-01;38.40;39.00;34.50;12.90;37.50;8.10;30.60;24.30;45.60;39.60;42.90;114.30;12.00;27.90;42.30;75.30;34.20;30.90;16.80;33.90;0.60;25.50;84.60;0.90;35.10;81.60;121.50;31.80;158.40;24.90;21.00;;
1942-12-01;22.01;72.23;67.27;39.06;89.59;30.69;40.30;53.01;28.52;28.52;22.63;129.89;46.81;66.65;45.88;87.73;28.21;53.63;19.53;34.72;0.00;8.37;122.76;3.41;34.41;99.51;74.09;49.91;250.79;29.76;78.74;;
1943-01-01;71.61;142.29;128.96;94.55;45.26;62.93;75.33;66.34;54.87;66.34;73.16;46.81;89.28;76.88;129.89;128.03;86.80;104.78;45.88;146.32;4.65;0.93;93.31;5.58;30.69;121.83;17.36;39.99;24.49;23.25;47.12;;
1943-02-01;33.04;55.16;39.48;66.36;5.32;55.44;49.28;49.28;50.96;42.56;31.92;159.04;66.08;40.32;69.16;47.60;28.28;37.80;72.80;80.36;0.28;0.28;47.32;0.56;32.20;108.08;30.52;20.72;42.56;28.28;26.88;;
1943-03-01;19.84;17.67;13.33;37.51;209.25;54.87;31.00;66.03;35.34;21.08;22.01;178.56;26.04;137.02;48.36;112.22;17.05;21.39;269.70;35.03;0.00;0.31;95.17;10.23;19.84;77.50;70.68;39.68;55.18;8.99;46.19;;
1943-04-01;30.00;20.70;27.00;27.60;24.60;18.30;42.00;47.70;48.60;49.50;37.20;136.20;21.30;63.00;81.00;25.20;30.90;31.20;22.80;76.50;0.00;14.40;92.70;5.70;39.90;52.50;90.90;25.20;40.50;39.90;51.90;;
1943-05-01;67.89;60.45;81.84;68.51;129.58;89.59;107.88;99.51;44.33;63.24;64.48;71.30;64.48;118.42;194.68;42.78;56.73;64.48;39.06;152.21;0.31;90.52;83.08;0.00;55.49;74.71;127.41;37.51;156.24;57.04;54.25;;
1943-06-01;42.60;30.90;14.70;25.50;1.80;24.00;61.20;47.10;84.60;53.70;41.40;67.80;30.30;50.40;97.50;4.80;47.10;44.40;9.90;128.40;25.50;194.40;58.80;0.30;80.70;52.50;19.50;47.40;55.80;67.20;171.60;;
1943-07-01;38.13;39.37;33.79;47.43;2.17;24.18;41.54;50.84;54.25;44.95;31.93;86.80;51.15;44.95;74.09;4.34;50.84;52.39;29.45;86.49;107.26;312.79;115.94;0.00;51.15;82.77;24.80;27.90;110.36;119.66;45.26;;
1943-08-01;39.37;38.13;11.78;35.65;1.55;15.19;19.84;55.18;58.59;61.38;41.23;61.38;41.54;24.49;50.84;2.17;76.57;37.82;1.55;60.45;225.37;135.78;57.04;0.00;55.80;33.79;103.85;33.48;131.75;73.16;90.52;;
1943-09-01;50.10;28.20;23.10;45.60;59.40;73.80;126.00;130.20;78.30;52.20;41.70;126.90;37.80;114.30;66.90;73.50;36.30;27.90;26.10;73.80;161.70;113.10;71.10;0.60;54.60;51.00;32.10;34.20;234.60;21.00;141.30;;
1943-10-01;55.18;83.39;77.81;96.72;88.04;45.26;65.72;90.21;3.41;26.35;52.39;114.08;75.33;88.66;36.58;133.92;44.95;44.02;29.14;26.66;21.08;304.73;144.77;16.74;112.84;39.68;26.35;71.92;297.91;10.54;57.35;;
1943-11-01;54.60;103.20;27.00;80.70;81.90;122.10;68.70;75.30;87.90;93.30;67.20;119.40;78.30;58.50;141.90;152.40;63.60;72.90;113.10;163.50;0.30;153.60;73.50;0.60;33.90;65.40;81.30;30.60;287.40;33.60;18.00;;
1943-12-01;31.93;50.53;39.37;43.71;114.70;43.71;41.23;39.68;30.07;31.00;33.79;178.25;46.50;69.75;48.05;176.39;24.49;31.62;175.15;44.02;0.31;26.35;39.06;0.93;14.57;104.78;102.92;76.57;138.88;38.75;12.71;;
1944-01-01;42.78;63.86;30.38;20.77;0.93;20.77;26.35;23.87;53.94;47.43;40.30;158.10;17.98;18.60;52.39;22.32;45.88;38.44;1.55;59.52;0.31;2.17;91.14;4.65;8.99;52.39;35.96;51.15;71.30;35.96;15.50;;
1944-02-01;33.35;27.55;15.08;27.84;48.43;55.68;68.73;83.81;60.32;42.34;28.13;104.11;26.97;87.00;93.38;82.65;34.80;29.87;121.80;95.12;0.00;6.09;70.18;0.58;16.82;54.81;65.25;83.52;22.33;30.16;52.49;;
1944-03-01;9.92;8.68;2.17;10.85;7.44;25.73;37.20;35.65;46.50;28.83;11.78;91.76;6.82;35.65;45.88;71.92;12.71;10.54;2.48;54.56;0.00;80.91;132.06;0.93;85.56;59.52;62.31;41.85;26.35;47.74;25.11;;
1944-04-01;48.90;57.00;44.70;49.50;36.00;118.50;78.00;102.60;57.30;52.50;46.20;92.10;40.20;81.90;60.90;20.40;37.20;41.70;88.50;54.60;0.00;24.00;141.30;0.90;71.10;45.90;57.90;24.00;93.00;63.00;11.70;;
1944-05-01;51.15;13.02;43.09;44.33;10.23;54.56;53.94;53.01;42.47;48.67;56.42;112.53;40.92;53.32;104.47;3.10;32.86;27.28;31.93;88.04;0.00;93.93;45.88;3.10;42.47;60.76;49.29;36.89;256.68;75.95;52.39;;
1944-06-01;31.50;40.80;24.90;48.00;1.50;53.40;44.40;46.50;60.90;69.00;31.20;67.20;38.40;62.40;91.80;19.50;59.70;39.90;12.00;98.10;5.10;162.90;72.90;0.00;104.10;44.40;20.40;10.50;74.10;19.80;142.80;;
1944-07-01;41.23;65.10;35.03;33.79;14.88;37.20;63.24;125.86;62.31;104.16;39.99;33.48;31.00;70.06;68.51;24.49;55.80;62.00;44.02;105.40;33.79;120.28;60.45;0.00;74.40;112.53;39.68;43.40;215.45;41.23;140.12;;
1944-08-01;80.91;54.56;61.69;97.03;9.61;41.54;92.38;65.10;63.55;47.74;86.18;107.88;68.51;73.47;75.02;12.09;16.74;54.25;15.50;70.99;257.30;66.03;97.03;0.31;70.68;78.43;117.49;43.71;102.30;16.12;221.34;;
1944-09-01;74.40;26.70;42.60;53.70;40.20;37.50;106.20;60.60;53.40;58.50;76.20;131.40;59.10;74.40;170.40;54.60;103.20;45.00;64.20;144.00;139.80;183.30;225.60;0.30;47.70;76.20;51.00;108.60;139.80;20.70;308.40;;
1944-10-01;89.59;94.24;71.30;116.87;129.27;106.95;164.30;110.67;91.45;76.88;85.56;184.14;121.21;130.82;190.96;163.99;90.21;88.04;80.91;203.67;118.73;179.49;28.52;0.31;168.02;76.57;52.39;47.12;232.81;13.33;24.80;;
1944-11-01;131.70;145.80;58.20;73.20;27.90;82.20;115.50;100.50;222.90;207.00;128.40;84.00;70.80;69.90;251.40;117.90;113.40;126.00;45.00;320.10;41.40;131.40;167.40;2.10;122.70;75.90;26.70;49.80;189.30;46.80;34.80;;
1944-12-01;48.36;110.67;70.99;108.81;54.87;119.04;72.85;91.76;68.51;64.48;45.57;130.20;107.26;80.29;99.82;135.47;44.02;57.35;83.39;132.68;16.12;25.42;99.20;7.13;24.80;71.92;49.60;58.28;192.20;16.74;11.78;;
1945-01-01;62.93;72.23;71.92;115.32;50.22;119.04;73.78;76.88;68.20;64.79;58.28;66.34;113.77;59.52;138.57;159.03;54.56;75.95;118.42;141.67;0.00;0.62;83.70;0.62;5.27;83.08;168.33;22.94;158.10;31.31;2.17;;
1945-02-01;50.40;56.84;36.96;14.84;3.92;21.84;39.48;23.24;54.04;58.80;52.92;108.08;14.84;18.20;66.92;19.60;49.00;51.52;3.36;81.76;0.00;0.00;76.44;3.92;47.60;100.24;48.44;69.16;222.88;24.64;16.24;;
1945-03-01;37.51;12.71;48.67;25.42;17.36;31.31;35.96;45.57;73.47;35.03;36.89;147.56;35.65;57.04;57.66;32.55;22.32;44.02;19.84;57.35;0.00;0.00;85.87;3.10;40.30;109.12;39.37;46.81;302.25;37.82;37.82;;
1945-04-01;45.00;39.90;45.30;26.70;12.00;31.20;31.50;44.40;44.40;55.80;43.50;96.60;46.20;31.50;54.30;34.20;62.10;62.40;21.60;63.60;0.00;17.10;106.20;0.90;91.80;58.80;126.60;18.90;188.10;32.70;34.50;;
1945-05-01;68.82;78.12;59.52;97.96;25.42;33.48;118.11;95.17;54.25;59.21;74.71;39.06;82.46;88.66;145.39;19.22;71.61;66.65;19.22;164.30;0.00;105.40;123.38;5.58;141.36;56.11;89.90;14.57;187.55;65.72;83.08;;
1945-06-01;22.50;25.80;18.60;23.10;0.60;10.50;5.10;36.30;34.50;30.90;26.40;52.80;25.20;6.60;13.80;1.50;45.60;28.20;3.90;21.30;1.80;73.50;101.40;0.00;165.30;44.70;101.10;32.70;192.00;73.80;71.10;;
1945-07-01;11.16;49.29;17.36;20.15;0.93;32.55;17.36;29.45;25.11;32.86;12.71;118.42;16.12;39.37;62.62;1.24;40.61;38.13;14.57;64.17;90.52;159.96;190.96;0.31;115.63;46.81;65.10;40.30;193.75;61.38;164.92;;
1945-08-01;81.53;59.83;47.43;77.50;61.07;99.82;90.21;99.82;133.30;120.59;94.24;129.58;63.24;131.13;177.94;17.98;101.37;88.97;47.12;190.65;97.03;94.24;115.32;0.00;97.34;33.17;31.62;44.95;210.49;88.04;194.06;;
1945-09-01;29.10;63.90;51.30;36.60;0.30;76.50;72.90;124.80;70.20;58.80;29.10;181.50;31.50;58.20;83.10;14.10;61.20;59.40;12.00;120.30;86.40;103.50;87.30;0.30;213.60;47.40;17.70;68.70;137.40;75.90;115.20;;
1945-10-01;15.50;74.71;44.64;26.04;90.52;42.16;97.96;46.50;29.76;23.56;16.43;119.97;32.86;66.65;109.43;79.67;31.62;44.33;67.27;69.75;54.25;101.06;107.88;0.00;269.70;65.72;32.86;42.47;226.30;62.62;115.63;;
1945-11-01;14.40;28.50;19.80;23.40;36.30;26.70;46.80;54.00;44.40;37.50;13.20;198.30;19.20;55.80;55.50;70.80;14.10;22.80;30.90;53.40;0.00;70.20;172.80;12.00;86.70;72.00;29.10;67.20;221.70;18.60;4.80;;
1945-12-01;58.28;128.34;87.73;88.35;97.96;93.62;83.39;76.88;75.95;70.99;61.07;52.08;100.44;124.00;153.45;168.33;53.94;47.43;38.75;127.72;0.00;0.00;97.34;4.96;59.83;109.74;31.00;53.01;146.32;35.34;2.79;;
1946-01-01;26.04;107.88;33.79;14.57;61.07;28.21;35.03;23.25;44.33;48.67;31.31;173.91;19.53;39.99;56.11;60.76;33.79;26.97;121.83;68.20;0.31;0.00;69.13;6.51;30.38;101.37;17.36;46.81;220.10;20.77;9.61;;
1946-02-01;85.12;71.96;58.80;41.44;21.00;35.00;66.92;61.04;117.60;129.92;88.20;99.12;41.44;69.16;131.60;43.40;97.16;79.24;13.72;133.56;0.00;6.72;72.52;1.12;80.08;104.72;72.24;19.32;386.68;45.64;0.84;;
1946-03-01;42.47;68.82;49.91;46.19;108.50;48.36;73.78;72.85;32.86;34.41;39.99;92.69;46.81;93.93;67.58;170.19;31.31;31.31;31.62;52.08;0.31;5.27;63.24;1.86;144.77;62.31;33.17;46.19;189.10;41.54;36.89;;
1946-04-01;49.20;61.20;51.00;77.40;98.10;92.70;51.60;84.00;27.60;19.80;47.70;156.30;76.50;96.60;68.40;73.20;34.20;50.10;87.60;65.40;0.00;102.60;49.80;0.30;50.70;53.40;117.00;21.00;186.90;24.30;70.50;;
1946-05-01;89.59;101.99;97.96;89.59;71.61;106.64;101.99;121.52;107.26;96.72;93.31;32.24;66.03;146.32;178.25;109.12;76.57;103.23;87.11;209.87;0.00;116.25;130.82;1.55;74.09;74.40;40.92;22.94;231.88;86.18;83.08;;
1946-06-01;45.90;48.90;22.80;31.80;13.50;77.40;91.50;37.80;118.20;95.40;51.30;102.00;25.50;69.00;171.30;64.50;55.20;45.00;32.70;190.20;0.60;120.90;123.30;0.00;62.70;44.40;58.50;21.30;103.80;38.10;144.30;;
1946-07-01;29.45;32.24;19.84;3.41;0.62;22.63;42.47;84.01;63.55;25.42;37.82;96.41;3.10;42.16;55.18;12.40;31.00;27.90;10.54;89.90;23.87;189.10;113.15;0.00;124.00;59.21;0.93;36.27;64.48;143.22;72.23;;
1946-08-01;64.17;51.46;51.77;39.06;21.39;27.28;150.66;78.43;53.63;37.20;61.69;53.01;38.75;121.21;113.46;0.93;102.30;43.40;20.15;152.52;173.29;118.73;122.45;0.31;77.50;82.46;16.43;23.56;76.57;37.82;95.79;;
1946-09-01;40.50;45.30;36.30;33.00;9.60;17.70;72.00;34.50;41.70;44.40;39.00;67.80;33.60;109.20;71.10;3.30;62.10;48.30;10.50;108.60;88.80;149.70;51.60;0.30;65.70;77.40;55.20;33.60;99.60;61.80;90.90;;
1946-10-01;31.31;29.14;27.28;46.50;67.89;35.96;62.00;38.13;54.56;39.06;31.00;188.17;37.20;59.83;86.80;88.35;32.86;23.56;137.33;69.44;26.66;97.65;33.48;0.31;153.14;57.97;57.04;89.59;175.15;49.29;137.33;;
1946-11-01;58.80;133.80;67.20;60.00;70.50;41.10;69.90;40.50;38.10;45.30;64.80;92.70;55.80;57.30;115.80;225.00;54.90;74.10;18.30;92.10;0.00;159.60;30.30;0.60;147.00;75.60;175.50;39.60;144.60;26.10;26.70;;
1946-12-01;49.91;101.06;79.98;98.27;50.53;83.70;48.05;67.58;50.84;61.38;52.08;163.37;95.48;57.97;105.09;201.50;63.86;62.62;31.31;107.57;0.00;32.55;56.73;0.00;33.17;83.39;121.21;53.63;157.79;13.95;7.13;;
1947-01-01;34.41;60.76;35.34;55.80;34.41;60.76;51.15;34.10;45.57;37.51;35.03;154.38;53.32;35.03;105.09;101.06;24.49;35.34;69.13;97.03;1.24;28.83;75.33;4.34;70.99;113.15;121.83;71.92;162.13;19.22;81.84;;
1947-02-01;35.56;29.96;53.76;121.52;103.32;70.56;108.64;85.96;57.96;49.84;36.68;7.28;109.20;128.52;134.12;235.76;34.44;31.36;46.48;106.12;0.28;8.96;58.80;0.28;15.96;97.72;77.84;13.44;156.24;88.20;22.40;;
1947-03-01;110.67;130.51;124.62;89.28;75.64;88.66;101.06;87.73;124.62;124.62;101.99;18.60;91.14;103.85;186.00;104.78;95.48;105.71;45.57;210.49;0.00;17.98;66.34;1.55;91.14;84.01;41.23;11.16;155.93;83.70;20.77;;
1947-04-01;61.50;67.50;37.80;35.10;10.20;42.60;45.90;45.60;63.60;52.50;59.40;65.10;33.30;33.30;81.60;44.70;55.80;54.00;11.10;101.40;0.00;65.70;87.60;0.60;83.70;84.30;151.50;25.20;163.50;50.70;36.60;;
1947-05-01;25.73;60.45;31.00;32.24;45.88;62.93;67.89;46.19;50.22;31.31;30.07;134.23;36.58;75.02;101.06;35.03;38.44;52.70;16.12;115.63;0.00;86.80;144.46;0.00;175.77;96.41;84.32;24.49;244.28;34.72;153.14;;
1947-06-01;22.20;63.60;29.70;24.90;10.50;31.80;55.20;46.20;58.50;48.90;23.10;108.60;20.10;35.70;67.20;8.40;47.10;29.70;12.00;88.80;0.00;47.40;71.10;1.20;104.70;53.70;16.20;32.40;254.40;88.80;190.20;;
1947-07-01;36.58;15.81;12.40;26.97;1.55;26.04;74.09;66.03;30.69;23.56;41.23;113.77;9.92;69.13;87.42;6.82;31.31;32.24;10.85;95.79;4.03;76.26;120.28;0.00;80.60;66.65;8.06;49.60;229.09;93.62;84.01;;
1947-08-01;48.67;41.85;31.31;70.37;13.33;54.56;54.56;79.36;12.09;11.47;27.28;111.29;60.14;52.08;72.23;43.71;16.43;40.30;5.58;73.16;317.13;151.90;97.65;0.31;65.72;62.93;37.82;73.47;325.50;66.65;213.90;;
1947-09-01;12.00;42.60;41.70;51.30;108.60;42.90;37.20;28.80;17.40;8.10;11.70;159.60;48.00;41.40;61.20;39.60;18.00;42.00;41.40;48.90;326.40;88.20;71.10;0.60;155.10;42.60;30.60;56.10;279.00;41.70;135.60;;
1947-10-01;6.51;19.22;18.29;37.82;129.27;67.27;99.20;43.71;28.21;31.93;6.51;159.03;34.41;115.63;85.25;103.23;6.51;18.60;102.61;49.60;21.70;63.24;57.04;0.93;111.60;45.26;38.13;45.57;296.67;47.43;116.87;;
1947-11-01;88.20;88.80;43.50;66.00;41.70;41.70;60.00;65.40;127.20;94.80;81.30;70.50;66.60;60.90;146.10;96.00;45.00;78.60;9.90;178.20;1.20;20.40;109.20;3.90;25.50;38.40;58.20;20.70;244.20;96.00;54.30;;
1947-12-01;66.65;77.81;63.24;54.56;79.67;70.06;74.09;76.26;163.99;137.64;73.78;129.27;55.18;73.47;101.99;114.08;61.38;65.72;46.19;119.04;0.00;8.99;47.74;0.00;36.89;120.59;140.43;39.06;271.56;63.55;36.58;;
1948-01-01;117.49;177.01;135.16;150.04;123.69;84.32;148.80;89.59;153.14;137.95;115.32;75.64;149.11;138.57;200.57;212.04;94.55;100.13;33.79;237.15;0.00;42.78;106.95;1.55;17.67;138.88;66.34;25.73;194.99;35.03;97.65;;
1948-02-01;33.06;40.60;18.56;17.11;31.32;25.81;42.63;31.61;69.89;56.26;31.03;169.65;20.88;39.15;60.90;72.21;28.13;29.00;139.20;75.11;0.29;0.87;62.64;3.19;51.91;90.19;62.93;53.07;40.89;19.43;33.64;;
1948-03-01;14.57;27.59;31.62;15.81;26.97;23.25;21.08;10.54;27.59;20.15;15.50;226.30;15.19;24.80;20.15;5.89;26.35;31.00;38.13;23.56;0.00;8.06;84.01;12.40;34.10;88.97;59.21;65.10;33.17;35.65;25.42;;
1948-04-01;89.40;67.50;101.40;90.60;68.40;52.20;86.10;72.60;64.20;85.20;94.20;82.80;78.90;80.40;175.50;88.50;71.40;58.50;25.50;169.20;0.00;90.30;90.90;0.90;112.80;58.50;105.60;48.00;45.90;14.70;75.30;;
1948-05-01;49.29;48.98;50.53;82.15;51.46;165.54;106.64;78.74;61.07;75.95;45.57;93.62;86.49;134.54;175.15;67.27;50.53;62.62;59.83;154.69;1.24;169.88;174.22;0.62;92.07;78.43;54.56;35.96;144.15;83.08;130.20;;
1948-06-01;56.10;36.30;43.20;59.70;30.90;93.00;134.40;89.40;141.30;102.30;49.20;81.60;60.00;77.10;202.80;32.40;58.50;59.40;38.10;241.80;3.00;68.70;121.50;0.00;212.70;54.30;136.20;15.30;220.50;23.70;110.40;;
1948-07-01;53.01;29.14;15.50;34.41;3.10;38.44;76.88;64.17;149.11;121.21;47.74;90.83;18.91;72.54;124.62;11.78;72.54;46.81;8.37;173.60;50.22;146.63;91.14;0.31;140.74;57.04;20.15;28.21;230.95;53.63;199.64;;
1948-08-01;77.81;83.70;84.94;64.79;28.21;84.01;127.41;62.93;118.73;126.79;79.98;59.52;63.24;92.38;173.60;32.24;51.77;80.29;56.42;217.62;311.55;162.75;106.64;0.31;166.78;34.72;32.24;29.45;155.93;60.14;120.28;;
1948-09-01;42.90;43.80;24.30;32.40;133.50;58.20;161.40;87.90;69.60;50.10;45.90;51.90;44.40;172.20;118.50;40.80;30.30;43.80;63.30;107.10;96.60;17.40;27.90;0.30;123.90;60.30;57.30;104.70;125.10;38.40;170.40;;
1948-10-01;22.63;84.32;37.51;35.65;82.46;24.80;58.59;39.06;35.03;37.82;25.73;131.44;40.30;38.13;73.16;102.92;34.41;34.41;26.35;76.57;0.93;100.44;62.31;2.17;170.81;60.45;32.86;63.86;60.14;58.28;81.84;;
1948-11-01;49.80;53.10;56.70;42.00;6.00;33.30;45.60;50.10;44.10;48.90;48.30;129.90;45.30;20.40;56.70;52.50;34.50;43.50;6.90;71.40;0.00;125.40;120.00;2.70;134.70;64.50;33.00;40.50;74.70;29.10;29.70;;
1948-12-01;69.13;185.07;130.20;48.05;76.57;29.14;67.58;47.43;39.68;39.68;74.40;168.95;61.07;101.06;67.27;80.60;58.28;71.92;128.96;58.90;0.00;6.82;141.36;1.55;87.11;119.66;55.49;95.17;92.69;18.91;7.75;;
1949-01-01;30.69;45.57;35.96;23.56;30.38;40.30;67.89;40.30;68.82;55.49;29.14;181.97;28.83;48.05;61.69;70.99;27.59;43.71;4.03;61.69;0.00;10.23;126.48;10.54;19.84;87.73;84.01;21.08;6.20;41.85;2.79;;
1949-02-01;18.48;34.72;17.36;24.64;12.04;23.24;14.56;27.16;31.92;32.48;19.04;149.24;20.16;14.28;18.76;36.40;21.56;22.40;58.52;28.28;0.00;2.24;103.04;3.36;65.80;71.96;99.40;65.24;22.12;26.88;22.12;;
1949-03-01;41.23;52.70;44.64;46.81;33.79;42.78;69.75;62.93;62.62;42.16;39.99;153.14;47.74;66.03;105.09;30.07;35.34;53.01;76.57;106.64;0.31;5.89;71.92;7.75;48.98;61.69;43.71;94.24;6.82;57.66;34.10;;
1949-04-01;34.20;60.90;38.10;28.80;68.70;67.80;69.90;58.20;66.60;48.90;36.30;106.20;24.60;50.40;125.10;12.90;51.30;37.50;17.70;148.80;0.30;40.50;76.50;0.90;81.30;66.90;30.30;56.10;0.00;24.90;5.70;;
1949-05-01;39.68;48.98;30.69;55.80;79.05;100.44;124.93;89.59;99.51;89.59;38.44;60.76;43.71;120.28;228.78;62.93;52.08;30.07;149.11;215.76;0.00;74.71;148.18;0.93;76.26;64.17;75.64;2.17;0.00;81.53;81.22;;
1949-06-01;21.30;25.50;28.50;75.60;1.50;53.70;22.20;38.40;22.20;44.40;19.20;81.90;82.20;42.30;45.30;10.80;15.90;18.90;16.20;74.40;0.00;62.70;16.20;0.00;316.20;68.40;200.10;5.40;19.50;137.70;75.90;;
1949-07-01;12.09;29.76;12.40;9.30;1.24;23.87;7.44;10.54;9.92;13.02;12.40;98.27;12.09;10.54;35.65;13.33;36.58;39.68;0.93;32.55;37.82;146.01;110.36;0.00;78.74;45.26;38.13;24.18;53.32;121.52;109.74;;
1949-08-01;26.66;22.63;17.05;22.32;1.55;65.72;42.47;88.04;29.76;28.83;25.42;99.20;28.52;51.77;30.38;4.03;34.72;16.12;7.75;43.09;151.28;146.01;83.08;0.31;123.38;78.74;67.58;31.31;34.10;49.29;95.79;;
1949-09-01;61.20;118.50;75.00;98.10;121.50;95.40;78.60;123.00;30.00;43.80;57.90;133.20;123.60;82.20;68.10;11.70;43.80;71.70;93.00;97.50;82.20;93.90;57.60;0.60;171.90;48.30;115.50;85.80;54.00;12.60;141.90;;
1949-10-01;77.81;124.62;96.72;32.86;57.66;36.27;59.83;53.01;39.06;51.46;67.27;54.56;39.37;52.39;83.70;99.20;72.85;95.17;22.63;76.26;34.10;47.74;63.24;0.62;205.84;53.63;47.12;33.48;13.33;48.05;81.84;;
1949-11-01;64.80;150.90;107.40;115.20;115.20;111.30;125.70;80.40;65.10;81.00;72.90;106.50;119.10;119.10;193.80;238.20;63.90;78.00;42.90;141.30;11.70;6.00;39.00;0.30;178.80;68.40;83.70;56.40;62.70;37.20;7.50;;
1949-12-01;48.05;67.58;38.44;48.05;111.29;72.23;73.78;64.79;63.55;59.21;44.64;105.71;44.02;71.61;138.26;115.63;47.74;52.08;129.89;109.74;17.36;2.48;56.11;16.43;57.66;152.21;60.14;50.53;34.10;57.97;17.98;;
1950-01-01;20.15;61.38;18.91;13.02;16.43;31.31;41.85;34.10;40.30;29.76;21.08;231.88;14.57;39.37;77.50;40.61;28.52;35.96;77.19;81.53;0.00;0.93;66.03;5.58;51.77;113.46;129.58;71.61;11.16;13.02;3.72;;
1950-02-01;83.44;188.16;136.08;94.08;58.24;83.72;96.88;63.00;96.88;97.44;89.60;56.56;99.68;98.84;192.92;140.28;88.20;84.28;23.80;205.24;0.00;1.68;88.20;4.20;43.40;95.76;310.52;29.68;98.56;38.92;13.16;;
1950-03-01;24.80;60.14;39.37;39.06;26.66;46.19;35.34;36.27;14.88;23.56;26.04;90.52;43.40;49.60;34.10;46.50;27.90;26.66;54.56;22.32;0.00;24.18;92.69;1.55;73.47;85.25;156.86;68.51;103.23;35.65;91.76;;
1950-04-01;66.00;50.70;47.70;76.80;30.60;99.30;118.50;103.50;113.10;100.80;68.10;46.20;66.60;94.50;156.30;139.50;78.60;81.90;22.80;165.30;0.00;10.50;61.20;0.90;108.60;66.60;92.70;48.60;182.10;10.50;102.30;;
1950-05-01;62.00;61.07;80.60;86.49;24.18;58.90;74.09;87.42;83.08;87.42;52.08;93.62;84.94;69.75;106.64;21.70;57.97;56.42;22.01;168.33;0.31;86.80;81.22;1.86;79.67;63.24;94.86;22.63;203.98;64.79;77.81;;
1950-06-01;56.40;61.20;45.60;42.30;5.70;52.50;62.40;79.20;70.20;58.20;59.10;81.60;38.10;66.00;105.90;21.00;41.40;55.80;9.60;113.40;0.90;70.80;72.30;0.00;162.30;58.80;327.90;23.10;271.20;66.00;117.60;;
1950-07-01;73.47;61.07;35.96;32.86;0.62;22.63;50.22;48.98;57.35;57.97;82.46;106.64;31.00;37.51;41.85;1.86;57.97;73.78;1.55;63.24;97.96;56.73;95.17;0.00;103.85;65.72;181.97;7.75;288.92;73.78;191.58;;
1950-08-01;48.05;66.03;58.90;58.59;20.15;59.21;61.69;103.85;53.94;57.97;53.63;109.12;40.92;79.98;77.19;12.40;51.15;49.60;38.13;90.21;217.31;158.72;109.43;0.31;205.22;46.81;82.46;47.74;294.81;150.66;35.34;;
1950-09-01;66.00;64.50;46.20;34.50;21.30;57.00;52.80;38.40;81.90;72.30;71.40;73.50;41.40;43.20;97.80;46.20;80.70;62.70;14.70;117.00;192.00;70.20;63.60;0.00;45.30;24.60;28.50;42.90;167.10;63.00;96.00;;
1950-10-01;19.22;33.79;38.75;36.27;52.08;45.26;23.87;19.53;22.32;19.84;15.50;151.90;49.29;31.93;51.77;78.74;30.38;23.25;81.53;28.52;80.91;8.99;68.20;1.24;159.96;76.57;121.83;97.03;154.07;38.44;115.32;;
1950-11-01;71.70;188.10;119.40;113.40;58.20;58.80;177.90;116.10;174.90;138.00;83.70;89.40;126.60;93.30;281.40;122.40;122.40;94.80;8.40;315.90;2.70;4.20;124.20;2.10;78.00;65.70;134.70;28.20;185.40;66.90;6.60;;
1950-12-01;83.39;126.17;86.80;97.65;79.67;111.29;54.56;55.18;50.84;79.36;80.91;88.66;100.13;67.89;99.51;155.31;66.65;62.93;101.68;93.00;0.00;5.89;122.45;0.31;85.25;92.07;51.77;49.60;114.70;17.67;3.41;;
1951-01-01;57.35;115.63;57.04;83.70;68.82;62.00;68.82;43.40;88.66;59.52;60.45;108.81;86.49;78.43;124.00;148.18;56.73;56.42;46.50;125.86;0.00;4.34;84.63;0.93;38.75;116.25;131.75;45.26;139.81;28.83;16.43;;
1951-02-01;78.12;165.48;93.52;116.76;94.08;99.68;92.12;121.80;59.64;73.92;74.76;106.40;120.12;159.04;205.80;288.96;54.04;78.12;28.28;168.84;0.00;1.40;102.76;5.04;108.36;89.04;29.96;56.00;63.00;11.20;8.12;;
1951-03-01;70.68;119.97;90.21;66.03;106.95;86.80;92.07;97.03;85.56;93.62;72.85;42.47;55.49;110.67;159.96;145.70;85.56;90.52;76.57;175.15;0.62;10.54;154.38;4.34;163.37;84.32;62.00;27.28;70.06;62.62;27.90;;
1951-04-01;51.90;56.70;51.90;66.00;36.00;57.60;39.60;66.60;44.10;72.60;51.00;63.90;71.10;42.60;86.10;26.10;72.00;66.00;58.80;90.30;0.00;89.10;75.00;0.30;124.80;50.10;26.70;22.80;76.50;28.20;40.20;;
1951-05-01;135.47;92.69;126.17;116.56;92.38;145.70;144.46;208.94;86.49;89.90;129.58;73.47;88.04;189.41;138.88;161.51;91.76;100.75;117.49;122.14;1.24;127.10;120.59;0.31;76.26;69.44;45.88;22.63;92.07;86.18;172.98;;
1951-06-01;85.20;51.30;48.30;96.00;16.80;92.40;164.10;153.90;148.80;143.70;66.60;99.90;64.50;108.60;138.00;29.40;63.90;53.70;41.10;177.60;0.00;75.90;69.90;0.00;165.90;55.80;242.40;26.10;69.30;21.30;122.70;;
1951-07-01;32.24;34.72;11.78;41.54;4.03;25.11;70.06;59.21;81.53;56.11;35.96;48.67;50.84;41.23;110.98;5.27;35.65;39.06;13.64;123.69;26.04;127.10;46.19;0.31;192.20;70.68;28.83;31.00;136.40;70.99;163.68;;
1951-08-01;84.32;114.70;61.38;56.42;14.26;56.73;105.71;99.82;101.06;78.43;77.81;52.70;68.51;90.21;143.22;17.98;86.80;79.36;26.66;207.39;164.61;49.29;38.44;0.00;68.82;59.52;30.69;33.79;99.51;54.87;124.00;;
1951-09-01;42.30;79.80;48.00;25.20;36.30;47.70;57.00;71.10;57.90;65.10;41.10;86.10;26.70;65.70;75.60;62.10;49.50;42.90;27.00;102.00;131.10;153.60;32.10;0.30;215.10;36.60;88.20;32.10;25.20;27.60;110.40;;
1951-10-01;33.48;49.29;38.44;32.86;161.82;83.70;73.47;66.65;36.27;26.04;33.79;227.54;30.38;95.17;99.51;117.18;23.87;34.72;191.58;84.32;230.64;41.23;91.14;0.62;133.61;53.01;31.31;83.08;75.95;9.61;31.31;;
1951-11-01;57.60;175.80;104.70;82.50;194.10;68.40;169.20;72.00;100.80;107.40;63.90;48.90;82.20;204.90;226.20;144.90;76.50;81.60;41.40;198.00;35.70;73.20;189.90;0.90;80.70;104.10;36.00;48.90;132.30;31.80;38.10;;
1951-12-01;51.77;88.97;66.96;68.82;21.08;46.19;43.71;46.50;47.74;52.70;52.70;166.16;68.82;36.58;68.51;64.79;52.08;55.80;38.75;92.38;0.00;1.24;117.18;19.22;20.15;82.46;19.22;25.73;182.28;42.47;7.13;;
1952-01-01;70.37;81.22;62.00;75.33;39.99;84.63;76.26;77.81;90.83;100.75;77.19;165.85;75.33;67.27;163.68;189.10;101.37;80.29;18.29;186.00;0.00;6.51;140.43;2.17;85.25;100.13;22.94;22.01;289.85;57.66;7.44;;
1952-02-01;51.04;33.06;21.17;65.83;17.40;119.77;47.56;70.76;63.80;54.23;46.98;114.55;58.58;46.98;109.04;70.18;43.21;54.23;49.59;106.43;0.00;1.45;42.63;4.35;84.10;77.72;36.25;24.36;67.57;60.03;0.87;;
1952-03-01;90.83;88.35;91.45;73.78;24.18;59.52;87.42;74.09;118.73;115.32;90.52;58.28;77.81;72.85;103.23;25.73;86.49;75.02;34.72;116.87;0.00;5.27;116.87;0.93;107.26;89.28;41.23;48.36;157.48;48.05;1.24;;
1952-04-01;29.70;68.10;35.70;31.20;32.70;57.00;73.20;67.80;55.20;43.80;30.60;115.80;28.80;84.00;85.80;72.30;27.90;38.70;36.30;75.30;0.60;44.40;125.40;0.30;184.50;77.40;156.60;24.60;183.30;21.30;42.00;;
1952-05-01;35.96;53.32;55.80;57.97;61.69;39.37;38.13;61.07;52.70;58.90;37.51;70.06;43.40;64.17;61.07;43.09;46.81;64.79;15.50;87.42;0.31;25.42;152.52;0.00;118.11;44.95;27.59;38.75;172.98;38.75;94.86;;
1952-06-01;21.30;20.40;25.20;24.00;1.80;36.90;54.60;58.50;48.30;49.50;21.30;37.50;22.20;47.40;101.40;0.60;33.90;26.10;7.80;109.80;3.30;81.90;89.10;0.00;226.80;68.70;69.90;42.90;150.90;70.80;178.80;;
1952-07-01;36.27;35.65;41.54;21.39;0.31;6.51;9.30;29.45;25.11;24.49;31.31;71.61;25.11;39.06;39.37;5.58;39.68;24.49;3.41;46.81;65.10;215.76;66.65;0.00;144.15;65.10;140.12;60.45;129.27;134.23;123.69;;
1952-08-01;83.70;87.42;40.30;59.83;26.66;41.85;66.03;75.95;38.13;64.79;75.95;56.11;51.46;60.76;117.80;20.77;64.17;75.95;7.13;148.80;87.42;155.31;151.90;0.00;45.88;58.28;178.56;38.44;79.67;86.49;103.85;;
1952-09-01;134.10;106.80;131.40;66.30;62.70;36.90;66.00;87.00;94.50;125.40;110.40;41.10;81.30;63.60;101.70;88.50;82.50;99.60;17.40;141.00;350.70;51.30;56.10;0.30;94.80;43.80;7.50;50.40;145.80;60.00;220.20;;
1952-10-01;85.56;110.36;92.07;138.88;49.29;74.09;144.46;118.73;128.65;134.85;85.56;113.77;135.16;116.56;234.05;84.94;77.81;119.35;62.00;271.25;91.45;78.43;14.57;4.03;108.50;49.60;69.44;52.08;196.85;91.76;46.50;;
1952-11-01;90.30;125.10;90.90;121.20;60.90;73.50;127.50;103.80;166.50;136.80;91.80;120.00;118.20;109.80;232.80;100.20;98.40;85.50;12.60;252.60;0.60;0.60;84.00;0.90;138.30;77.10;54.60;65.40;215.40;88.80;75.90;;
1952-12-01;100.44;112.84;89.28;137.02;93.00;108.19;89.90;106.64;126.17;120.90;105.40;50.22;142.60;96.41;180.42;215.14;85.87;84.63;34.10;210.49;0.00;21.70;123.07;0.62;19.53;79.05;57.04;41.23;140.74;37.51;43.09;;
1953-01-01;14.88;24.18;17.98;17.05;11.47;42.47;21.70;32.55;29.14;19.22;12.71;167.09;15.50;29.45;29.14;69.75;14.26;27.90;8.06;27.28;0.00;8.99;98.89;0.62;47.12;92.38;76.57;27.59;137.95;30.69;14.88;;
1953-02-01;39.76;42.84;37.52;50.68;8.96;40.60;31.64;53.76;82.88;61.88;39.76;169.96;52.92;29.68;71.96;122.08;56.56;53.20;6.72;93.80;0.84;24.92;76.44;4.76;39.76;68.60;79.52;54.88;112.84;17.08;8.96;;
1953-03-01;4.65;35.03;8.68;8.37;6.82;5.89;19.22;22.94;16.43;13.64;4.96;264.74;6.51;17.98;12.40;38.44;8.06;10.54;44.33;22.01;0.00;12.40;183.83;4.03;93.93;65.72;48.36;35.03;164.92;20.15;34.72;;
1953-04-01;60.90;126.30;103.20;60.60;33.30;69.00;80.10;84.60;59.40;61.50;65.70;65.10;66.30;74.40;114.30;91.50;81.90;80.70;31.20;105.60;0.00;2.70;137.40;0.90;103.80;91.50;41.10;12.90;206.10;39.30;47.10;;
1953-05-01;22.32;57.97;44.95;44.64;26.66;56.11;54.56;58.59;81.53;57.35;22.63;89.59;41.23;62.00;101.68;89.59;48.36;41.54;23.56;115.01;0.31;31.31;105.09;0.00;168.33;62.31;206.15;24.18;248.93;66.03;21.70;;
1953-06-01;75.30;33.00;44.10;82.80;68.70;84.30;128.40;115.50;155.10;151.20;77.40;83.40;57.90;114.90;246.60;89.40;78.90;62.70;78.60;305.70;0.30;86.70;34.80;0.00;168.00;61.80;21.00;28.80;197.40;19.80;106.80;;
1953-07-01;79.67;63.86;46.50;54.25;6.51;38.13;66.96;87.42;125.24;98.27;77.19;79.36;44.95;54.87;122.45;18.60;73.47;74.09;8.99;183.83;63.55;154.38;67.89;0.00;176.39;32.86;40.92;17.36;297.91;101.68;112.84;;
1953-08-01;15.81;27.28;18.60;10.23;19.53;11.47;38.75;48.36;40.30;25.73;18.91;120.28;12.40;36.89;70.68;16.43;54.87;24.80;26.04;92.07;129.89;127.41;65.72;0.00;294.19;51.77;23.87;42.78;188.17;141.36;112.84;;
1953-09-01;45.90;63.30;74.70;74.70;189.30;49.80;141.00;76.80;52.80;62.70;45.90;134.10;78.00;162.60;123.90;38.70;40.80;36.90;80.10;122.40;134.10;92.70;88.50;0.30;166.50;40.80;18.90;44.40;114.90;91.20;120.60;;
1953-10-01;43.71;62.62;82.15;66.96;102.61;67.89;85.25;72.23;27.59;31.62;42.78;215.14;67.58;96.10;83.70;153.45;26.97;38.44;101.06;51.15;64.48;147.56;108.81;0.62;113.77;48.67;35.03;120.59;136.71;60.45;96.72;;
1953-11-01;19.20;47.10;38.70;25.80;24.00;37.20;18.60;18.60;20.10;23.40;22.20;131.40;25.20;28.80;44.10;36.30;17.70;30.60;9.90;38.10;0.00;14.40;97.50;7.20;33.30;55.50;26.70;88.20;167.40;28.50;52.50;;
1953-12-01;15.50;29.45;23.87;12.09;64.48;18.29;36.58;45.26;39.06;31.31;14.26;295.43;10.85;70.99;33.79;39.37;25.73;22.01;92.69;40.92;0.00;0.31;95.17;2.79;55.49;87.11;30.69;163.99;174.84;13.95;35.65;;
1954-01-01;30.38;73.78;28.21;49.91;37.82;84.63;66.34;64.79;70.06;51.15;29.45;159.34;41.85;59.52;70.37;102.30;25.42;49.29;21.39;72.54;0.31;8.99;63.86;2.79;74.09;135.47;75.64;57.35;175.77;23.56;3.41;;
1954-02-01;61.60;90.44;58.24;81.76;70.84;96.04;78.96;68.04;47.60;44.24;60.20;131.60;74.48;98.28;96.88;122.64;57.68;64.68;152.88;108.08;36.96;0.00;64.40;0.56;41.44;99.12;223.16;64.40;148.12;9.24;49.28;;
1954-03-01;63.86;75.33;58.59;101.37;53.94;78.43;70.99;84.01;47.74;53.63;60.76;101.37;98.58;87.42;99.20;109.43;57.04;51.77;112.22;88.04;0.00;6.51;84.63;1.24;83.39;96.41;28.52;37.20;164.30;34.41;47.12;;
1954-04-01;21.00;17.40;17.40;47.10;60.30;58.20;53.10;51.90;90.00;53.70;18.90;175.20;35.40;73.80;129.00;54.30;23.40;10.50;34.20;137.40;0.00;45.00;99.30;2.40;158.70;53.70;31.80;30.00;274.80;28.20;126.60;;
1954-05-01;36.58;36.58;34.10;74.40;62.31;112.53;69.13;103.23;60.76;50.22;42.47;70.99;58.90;110.05;144.46;79.67;57.35;70.68;75.64;130.51;0.31;140.12;87.42;0.00;100.75;81.22;23.25;23.87;202.12;38.75;106.64;;
1954-06-01;39.00;62.40;47.40;22.20;8.70;40.50;48.00;91.50;61.50;57.00;37.20;35.10;32.10;59.70;89.70;22.80;51.60;69.30;13.80;129.00;7.50;163.50;36.30;0.00;251.40;89.40;31.80;23.70;284.70;40.80;125.70;;
1954-07-01;51.15;62.00;26.04;27.28;21.70;35.03;46.81;66.96;73.16;61.69;55.49;74.71;34.72;45.26;93.93;13.33;73.47;62.93;28.52;119.35;68.51;265.67;39.68;0.31;65.41;48.98;45.88;41.85;241.80;77.81;107.88;;
1954-08-01;84.32;63.24;80.29;103.23;43.09;114.39;206.15;181.97;179.49;136.09;91.14;98.27;106.33;151.90;255.75;21.39;96.41;73.47;33.48;289.85;230.33;201.50;163.99;0.31;90.52;49.60;24.18;42.47;250.79;48.36;71.30;;
1954-09-01;84.90;93.30;45.00;49.80;0.90;54.90;76.80;91.20;135.30;85.20;80.70;25.80;42.00;41.40;112.80;5.70;55.50;57.30;26.10;185.70;132.30;44.10;102.00;0.30;190.50;52.20;25.50;51.30;155.10;78.30;106.80;;
1954-10-01;41.54;60.14;55.18;65.10;13.64;49.29;75.33;53.32;77.19;75.33;39.06;121.52;73.47;57.97;68.20;62.31;36.58;30.07;9.61;94.86;36.27;199.95;49.29;1.55;163.99;30.38;102.92;16.12;287.06;71.61;135.16;;
1954-11-01;71.10;145.50;75.00;62.10;82.80;39.00;63.00;39.90;42.60;54.90;72.30;168.30;67.80;61.20;99.90;108.60;54.90;50.40;14.40;94.20;50.70;1.80;167.70;7.80;122.70;54.00;63.30;40.80;305.70;35.70;33.30;;
1954-12-01;45.88;64.48;44.95;71.92;70.99;81.84;108.19;65.41;96.10;92.69;42.47;120.59;81.53;87.11;205.53;99.82;35.03;40.30;36.27;177.32;0.31;16.74;100.44;11.78;79.05;116.56;48.36;43.09;307.83;51.15;10.54;;
1955-01-01;87.42;139.81;126.17;155.31;113.77;117.18;139.50;156.24;103.54;105.40;79.05;95.48;140.12;149.42;234.36;123.07;62.31;91.45;135.16;255.13;0.00;8.06;11.78;1.24;43.40;72.85;42.78;32.55;264.74;64.48;11.16;;
1955-02-01;78.12;121.24;98.56;116.20;68.88;68.04;137.76;128.24;75.88;87.08;76.44;35.28;127.96;136.08;261.80;177.52;50.12;70.00;26.60;266.84;0.00;0.00;83.16;0.00;85.40;86.52;233.24;26.60;31.92;34.72;1.68;;
1955-03-01;28.83;58.59;32.24;24.80;39.06;17.36;66.65;50.53;44.02;49.29;21.08;68.82;20.46;45.57;79.36;54.56;24.49;24.49;21.70;76.26;0.00;0.93;111.60;0.62;112.84;85.87;94.55;35.65;105.40;62.00;21.70;;
1955-04-01;10.50;12.90;6.30;6.60;1.50;7.80;14.10;18.30;25.50;19.20;12.60;121.80;3.60;14.70;24.30;18.00;9.30;10.80;9.60;24.00;0.00;42.90;103.50;0.60;78.90;86.10;78.00;29.70;220.50;75.30;15.60;;
1955-05-01;77.81;73.78;62.62;44.64;24.80;47.43;51.46;35.96;89.28;67.58;81.22;55.80;35.34;43.40;94.24;11.47;77.81;69.75;24.18;137.64;0.31;152.21;25.11;0.00;148.49;73.47;51.46;25.42;170.50;102.92;62.31;;
1955-06-01;69.90;46.80;92.40;105.30;24.00;35.70;123.00;115.50;125.70;94.50;61.20;102.30;117.60;112.20;165.90;12.60;49.80;69.00;25.50;192.00;54.60;165.60;101.70;0.00;82.20;46.20;29.10;3.60;159.30;41.10;70.20;;
1955-07-01;56.73;6.20;44.02;46.81;1.24;33.79;114.39;139.19;118.42;82.15;45.26;172.98;56.11;73.78;113.77;16.74;26.04;24.18;11.78;119.97;115.32;128.03;52.08;0.00;56.11;44.02;29.76;50.53;213.90;32.24;190.96;;
1955-08-01;16.12;4.65;5.89;13.64;18.60;34.72;85.56;82.15;57.04;30.38;22.01;156.24;13.02;37.20;88.97;8.37;61.07;32.55;13.95;122.45;278.38;267.22;216.69;0.93;152.83;68.51;12.71;67.58;290.16;3.41;132.37;;
1955-09-01;33.00;30.90;16.80;18.90;12.30;46.50;21.90;44.10;41.70;32.40;32.70;115.80;19.50;28.20;57.30;66.30;33.30;61.20;21.30;82.50;230.10;210.60;60.60;0.30;127.20;48.30;14.70;52.50;268.20;40.20;242.10;;
1955-10-01;43.71;51.15;41.23;36.58;112.84;45.88;42.78;29.14;35.96;25.73;44.33;105.71;29.76;80.91;83.39;92.69;38.75;97.03;97.03;69.13;28.21;174.53;186.00;0.31;345.34;51.77;34.41;16.12;310.93;40.30;60.14;;
1955-11-01;25.20;69.90;32.40;15.90;89.40;18.90;80.70;47.10;23.70;23.10;23.70;101.10;12.30;84.00;79.20;113.70;24.90;20.10;11.10;53.10;0.00;36.30;77.40;4.80;90.00;72.90;40.50;27.00;113.70;36.00;39.90;;
1955-12-01;65.10;118.73;62.62;120.28;54.25;93.31;95.79;84.01;104.47;91.76;59.52;90.21;117.49;71.30;145.08;131.13;56.73;66.96;93.62;185.69;0.62;7.13;16.12;4.03;19.84;160.58;59.21;17.67;201.50;48.98;49.60;;
1956-01-01;75.64;114.70;75.64;80.60;71.92;100.44;104.16;69.44;86.18;95.48;73.47;104.47;74.40;70.06;129.89;159.96;91.76;120.90;13.33;143.53;0.31;13.95;50.53;1.55;94.24;119.35;73.16;38.75;193.75;50.22;7.75;;
1956-02-01;15.08;34.80;10.15;21.46;44.66;22.91;24.65;23.78;24.07;14.79;14.50;131.66;21.75;28.42;25.52;93.96;20.59;15.37;44.08;14.50;0.87;0.29;123.25;2.32;79.75;98.31;289.13;104.98;82.94;18.56;5.22;;
1956-03-01;20.46;50.22;37.82;47.74;138.57;33.79;51.77;57.04;56.42;41.23;21.70;125.24;50.22;153.45;63.55;101.99;26.04;18.29;149.42;53.63;0.00;0.00;123.07;0.93;111.60;68.51;187.86;83.08;105.71;24.49;38.75;;
1956-04-01;91.80;25.80;80.10;49.50;52.20;83.70;96.90;91.80;104.40;102.00;88.20;111.60;44.70;115.50;151.80;114.90;54.90;56.70;54.00;167.70;0.00;48.30;96.00;0.60;104.10;50.70;43.50;8.40;212.70;37.20;107.40;;
1956-05-01;65.10;45.26;43.71;91.45;35.96;64.48;113.15;90.21;93.62;75.95;51.46;141.67;82.77;105.40;129.89;28.52;28.83;35.03;12.09;157.48;0.00;62.00;69.75;0.00;185.38;63.55;89.90;34.41;183.83;164.30;67.27;;
1956-06-01;63.60;33.30;48.00;42.30;36.90;37.50;74.10;89.10;81.60;93.60;70.50;106.50;33.00;65.10;100.50;35.10;73.50;52.20;19.80;130.20;3.00;171.60;75.30;0.00;129.60;44.10;123.90;20.70;121.50;45.60;104.10;;
1956-07-01;65.41;65.10;50.53;53.01;3.10;69.13;87.73;105.71;127.72;80.60;68.51;93.00;63.55;82.15;123.07;4.65;62.93;68.20;36.58;177.94;50.22;110.36;140.43;0.00;53.63;77.81;62.00;12.40;150.35;79.05;88.97;;
1956-08-01;74.09;79.05;50.84;102.92;8.37;47.74;128.96;75.33;96.72;108.81;79.67;23.25;95.79;100.13;245.21;6.20;92.38;101.68;22.63;292.33;96.41;146.01;53.01;0.31;111.60;71.30;34.41;22.63;178.87;90.52;102.92;;
1956-09-01;35.70;130.80;52.50;39.60;95.70;63.00;144.30;96.90;84.90;61.80;49.50;95.70;42.60;198.60;134.40;122.70;27.00;53.40;76.20;113.40;173.40;90.60;75.90;0.00;136.80;33.30;18.60;44.10;195.90;26.10;127.80;;
1956-10-01;61.38;29.45;30.69;23.56;24.80;47.43;91.45;64.79;99.82;91.76;59.83;230.02;28.83;50.53;115.01;55.49;54.87;58.28;44.64;126.79;30.07;298.84;63.24;0.00;201.81;53.01;73.16;54.87;310.93;53.94;5.58;;
1956-11-01;30.60;31.20;18.00;28.50;99.30;86.40;42.00;53.10;66.00;44.70;27.60;277.80;22.50;56.10;51.30;153.60;36.90;34.50;102.90;53.10;0.00;84.00;90.00;0.60;75.60;36.90;15.90;57.30;389.70;40.80;26.10;;
1956-12-01;38.75;122.76;48.36;34.72;24.80;36.27;54.25;35.96;34.10;29.45;38.13;164.92;35.34;53.94;37.51;41.85;30.07;57.97;14.57;29.45;26.66;11.78;126.48;8.99;8.68;98.89;14.88;50.84;170.81;30.38;20.77;;
1957-01-01;23.87;54.87;15.19;26.66;19.22;29.76;43.09;61.07;43.40;42.78;23.87;168.95;28.83;60.45;39.68;66.34;21.39;26.04;26.66;38.75;4.96;0.31;51.15;6.20;19.53;159.03;20.77;48.98;106.64;41.85;2.48;;
1957-02-01;115.36;215.60;137.76;132.16;52.36;76.16;91.56;109.20;126.28;133.28;122.36;27.16;133.00;94.36;216.72;113.12;101.92;116.48;19.32;266.28;0.00;0.28;47.88;2.24;85.12;69.72;80.36;24.36;63.56;64.68;12.04;;
1957-03-01;33.48;79.05;40.92;48.67;19.22;54.56;26.35;29.76;45.57;56.73;36.27;42.16;53.94;35.03;30.69;31.93;36.27;39.06;13.95;47.12;0.00;2.17;70.06;3.10;78.12;67.89;46.50;37.20;176.39;39.68;1.24;;
1957-04-01;34.50;33.90;63.60;55.50;89.70;94.50;68.10;84.60;45.30;37.20;27.30;122.40;54.90;120.90;86.10;82.80;43.50;29.40;76.20;70.80;0.00;6.30;130.20;0.90;123.90;25.20;15.00;27.90;229.80;30.60;31.80;;
1957-05-01;31.31;27.90;29.76;65.10;93.93;102.61;34.41;53.01;53.32;36.27;31.31;130.82;58.90;64.48;137.33;43.40;54.56;46.19;99.20;124.93;0.00;117.18;41.23;6.20;157.79;40.92;4.03;24.18;324.88;69.13;47.12;;
1957-06-01;89.10;41.10;121.80;136.50;68.70;160.20;159.30;137.10;144.30;150.90;78.30;75.90;128.40;131.40;204.60;68.40;56.70;71.10;129.60;234.30;6.00;158.40;40.20;0.90;149.10;58.50;34.50;10.50;158.70;139.20;88.50;;
1957-07-01;91.14;47.43;38.44;53.32;6.82;26.35;41.85;71.61;116.25;105.40;86.80;37.82;53.01;34.10;101.37;19.84;81.53;64.48;26.04;143.22;15.81;92.69;61.38;0.00;141.36;45.88;66.34;33.17;205.22;79.67;37.82;;
1957-08-01;44.02;56.11;40.30;33.17;17.36;45.88;50.53;34.72;86.49;98.89;42.78;126.48;29.14;55.18;134.54;8.06;60.14;40.92;23.56;129.58;210.49;108.81;63.24;0.00;41.54;29.45;155.00;43.40;150.66;54.25;55.49;;
1957-09-01;92.70;64.20;41.40;42.60;21.00;36.60;49.20;96.60;88.20;97.20;97.50;74.70;45.00;28.50;63.60;14.10;82.50;71.10;32.10;112.80;177.30;52.80;58.80;0.00;273.90;33.30;12.00;43.20;171.30;94.50;67.50;;
1957-10-01;28.83;30.38;15.81;15.19;32.55;35.03;29.76;24.80;35.34;42.16;22.63;208.01;22.63;21.08;48.05;80.60;30.07;32.24;79.67;41.23;84.94;190.96;67.27;1.24;162.13;39.68;7.75;86.80;154.07;45.26;43.09;;
1957-11-01;60.00;47.10;76.20;41.10;101.40;70.50;72.30;62.40;36.90;30.30;62.40;130.50;42.60;88.50;68.70;119.10;48.00;48.90;104.70;69.90;0.00;56.10;99.30;1.80;90.60;48.90;9.90;63.60;178.80;36.00;35.40;;
1957-12-01;42.47;73.47;63.55;39.68;156.24;31.62;65.72;66.03;61.38;55.49;44.33;156.86;44.33;153.45;85.87;187.24;43.71;45.57;56.11;72.85;10.54;4.34;154.38;0.62;70.99;187.86;32.24;16.74;320.85;47.12;16.74;;
1958-01-01;105.71;123.07;79.05;122.45;30.38;72.54;93.93;108.50;117.80;131.13;97.96;107.26;127.10;67.58;170.81;113.46;61.38;120.28;19.53;211.73;0.62;2.17;128.65;3.41;53.63;72.54;63.24;39.99;108.50;65.72;56.73;;
1958-02-01;151.20;105.28;94.92;44.52;5.60;35.28;87.64;73.64;167.44;172.48;138.60;48.72;49.00;50.68;152.60;75.04;82.88;112.84;6.72;231.84;0.00;0.56;99.68;1.68;73.08;66.92;90.16;29.40;114.52;54.32;18.76;;
1958-03-01;47.74;78.43;118.42;121.83;71.30;135.47;90.52;91.76;51.46;46.81;40.61;46.81;92.69;82.46;134.23;165.85;39.37;65.10;86.18;128.65;0.00;11.78;143.84;0.00;65.41;73.47;89.59;25.42;150.04;42.78;1.55;;
1958-04-01;69.00;25.50;50.10;57.60;50.10;85.50;79.80;73.20;58.50;64.50;62.70;133.50;58.20;80.40;112.80;116.70;45.30;45.60;26.70;102.00;0.00;55.50;153.90;0.00;73.50;66.30;46.20;18.30;137.40;61.50;30.30;;
1958-05-01;81.22;89.90;51.77;105.09;17.05;60.45;88.66;153.45;125.24;162.75;75.95;32.86;98.58;77.81;105.71;14.88;63.24;92.69;18.60;131.13;0.31;103.85;141.36;1.55;144.46;49.29;20.77;13.95;254.20;67.89;135.78;;
1958-06-01;89.10;67.80;88.20;107.10;36.30;75.00;90.60;92.40;95.40;93.90;95.40;83.40;98.10;100.80;175.50;37.20;69.60;92.40;47.40;197.70;0.60;107.70;78.30;0.00;54.90;37.80;129.60;48.90;123.00;50.70;111.90;;
1958-07-01;55.49;51.15;67.89;97.65;16.43;65.72;62.31;70.68;79.05;62.00;63.55;51.46;81.53;82.46;107.88;24.18;58.28;44.33;39.37;127.10;51.77;152.21;78.43;0.00;117.18;76.26;30.07;39.06;89.59;28.21;120.59;;
1958-08-01;111.60;63.24;85.56;98.58;24.49;57.35;128.96;103.23;118.42;98.89;107.88;68.51;86.80;118.73;137.02;13.02;102.92;128.65;23.87;209.87;271.25;332.32;112.22;0.00;63.55;95.48;37.51;20.15;287.37;89.59;67.58;;
1958-09-01;51.90;63.30;53.10;65.10;45.00;39.00;120.90;134.10;53.40;47.40;69.60;87.60;73.50;138.00;90.00;24.90;47.70;42.30;11.40;83.40;50.10;53.70;93.00;0.30;484.50;55.20;52.20;72.00;256.50;56.40;204.60;;
1958-10-01;62.62;65.41;46.50;49.29;106.64;39.37;115.94;68.51;86.49;83.08;62.62;169.57;53.94;103.85;137.02;46.50;50.53;44.02;31.31;143.53;64.48;120.28;90.83;0.31;217.62;69.75;65.41;57.97;340.69;83.08;91.76;;
1958-11-01;45.60;52.80;59.10;30.60;57.60;74.10;76.50;97.50;47.40;39.60;41.70;309.30;33.30;81.00;87.90;235.50;32.70;54.60;150.30;65.40;3.90;80.40;68.70;2.70;64.80;64.20;25.80;77.70;272.70;24.60;87.00;;
1958-12-01;78.43;94.55;92.38;130.51;107.57;102.92;80.29;61.69;89.28;126.48;73.47;89.28;131.13;134.23;138.57;218.24;58.59;54.25;87.42;125.55;0.31;4.96;33.48;1.55;112.53;68.51;81.53;51.46;166.78;54.56;77.50;;
1959-01-01;74.09;110.05;97.34;75.64;14.26;64.79;76.88;72.85;117.80;108.81;72.54;75.64;69.75;68.51;144.46;91.76;84.32;74.40;8.68;188.79;0.00;0.31;63.55;1.55;64.17;83.08;147.87;14.57;175.46;71.92;37.20;;
1959-02-01;2.24;5.32;11.20;22.96;22.12;37.52;2.80;6.72;8.96;4.76;1.96;230.72;23.24;16.80;4.48;24.92;2.80;3.64;265.44;1.40;0.00;1.40;60.20;3.92;101.36;98.56;96.04;108.36;85.96;31.92;24.08;;
1959-03-01;48.36;77.50;64.79;66.34;55.49;87.42;110.36;125.55;83.39;70.37;46.50;192.20;55.80;127.72;119.97;104.47;46.19;51.15;94.24;104.47;0.00;0.00;118.42;1.55;107.88;75.95;123.69;55.49;131.13;29.14;17.36;;
1959-04-01;73.80;133.50;88.20;120.60;55.20;114.60;114.30;102.30;84.30;93.90;79.50;67.80;120.90;111.30;168.00;129.90;94.50;62.40;41.40;160.80;0.00;30.00;82.80;0.90;95.10;74.70;64.80;21.90;165.60;28.50;143.40;;
1959-05-01;23.56;35.65;44.95;61.07;53.94;107.26;60.76;73.16;54.56;57.66;27.90;72.23;48.36;110.36;93.31;100.13;14.57;33.48;41.23;103.85;0.31;82.15;39.37;0.31;162.75;86.49;77.19;35.03;172.36;71.61;79.05;;
1959-06-01;30.30;26.70;28.20;49.50;1.80;107.40;51.60;93.60;75.00;74.70;25.20;110.70;40.50;83.40;104.70;16.80;25.20;30.00;24.00;114.30;0.60;256.20;80.40;0.00;192.90;48.00;70.50;29.70;315.30;110.10;254.10;;
1959-07-01;15.50;32.24;11.16;19.84;3.72;18.91;24.18;42.78;46.19;31.00;18.91;60.14;17.05;47.12;67.89;2.17;22.01;23.56;8.99;93.31;18.91;159.96;217.00;0.00;147.56;50.84;75.33;42.47;126.48;29.45;237.46;;
1959-08-01;29.14;18.29;21.08;56.42;36.27;39.68;44.33;55.49;49.91;26.35;30.38;134.23;46.50;66.96;58.90;35.65;34.10;61.07;81.53;90.83;70.99;84.94;114.39;0.62;164.92;54.56;56.73;43.09;122.76;33.79;167.71;;
1959-09-01;0.60;16.50;18.60;66.90;78.30;96.30;37.80;64.80;12.00;3.90;3.30;234.60;46.20;71.70;102.30;45.60;10.50;7.50;150.00;60.30;49.80;174.30;40.20;0.30;173.10;42.60;45.00;21.60;108.60;56.70;126.60;;
1959-10-01;51.77;88.04;89.28;83.08;94.86;89.90;90.21;81.53;62.62;45.57;58.28;177.94;79.98;92.69;143.22;158.10;66.65;71.30;79.98;133.30;0.00;43.40;120.59;0.31;233.12;31.62;150.35;45.26;153.76;69.75;178.25;;
1959-11-01;52.20;108.00;58.20;65.40;97.20;50.70;84.00;65.10;37.20;55.50;54.90;63.30;63.60;135.00;73.80;106.80;55.20;48.90;27.30;71.40;0.00;68.10;110.40;0.00;95.70;104.10;56.10;72.60;269.70;19.80;16.50;;
1959-12-01;61.69;211.11;154.69;161.82;161.20;137.33;84.32;88.66;79.67;83.08;63.24;70.99;159.65;133.92;222.27;293.57;66.34;72.85;124.93;245.52;0.00;7.44;112.22;0.00;85.25;102.30;55.18;84.32;167.40;47.12;32.86;;
1960-01-01;50.53;99.82;65.10;70.99;86.18;67.27;67.27;63.24;56.73;62.31;48.67;114.08;71.30;91.76;110.36;100.13;55.49;57.97;27.28;106.02;0.00;0.00;101.68;10.54;44.02;91.45;66.34;26.35;132.68;60.14;21.70;;
1960-02-01;38.28;93.38;71.92;72.50;69.02;31.03;92.51;81.49;89.61;84.10;37.41;64.67;69.89;70.47;113.97;244.76;49.88;42.05;19.14;158.34;0.00;0.00;128.76;0.29;20.30;73.95;56.26;52.20;96.28;57.71;0.58;;
1960-03-01;70.06;109.12;74.09;74.71;132.99;60.76;108.50;76.26;66.96;53.63;69.13;96.10;67.58;132.99;174.53;158.72;44.64;95.79;78.12;141.36;0.00;13.02;88.35;1.55;58.28;40.92;52.39;59.21;93.93;16.12;5.89;;
1960-04-01;23.40;49.80;19.80;17.40;23.10;42.60;44.40;56.10;32.70;34.50;20.40;130.20;16.20;54.90;56.70;63.00;39.60;36.60;15.60;54.30;0.00;29.40;60.90;0.30;122.40;71.70;22.80;31.80;254.70;8.70;32.70;;
1960-05-01;44.95;65.41;66.34;64.17;6.82;33.79;41.54;82.15;67.89;61.38;33.79;101.37;66.03;49.60;44.95;18.91;56.11;73.16;5.27;79.05;0.00;67.27;109.12;0.31;165.85;60.76;58.59;38.13;126.17;66.65;66.34;;
1960-06-01;50.70;40.20;24.60;79.20;13.50;48.90;73.50;74.10;71.40;73.50;47.40;141.00;63.60;106.80;131.40;12.60;56.40;44.10;29.40;150.00;4.50;72.60;75.00;0.00;89.70;50.10;103.80;45.00;151.80;60.60;51.60;;
1960-07-01;69.44;70.37;40.30;45.57;13.95;70.99;105.40;68.51;113.77;98.89;70.68;63.55;42.16;78.12;164.92;2.48;70.99;67.58;44.95;160.89;36.27;203.36;173.60;0.00;125.86;75.33;78.43;44.02;148.80;34.41;124.00;;
1960-08-01;70.06;98.89;61.07;93.93;46.81;86.49;142.29;183.21;168.95;133.30;62.31;29.45;70.06;81.22;177.63;18.60;67.58;87.73;16.12;245.83;131.44;54.87;84.63;0.31;217.93;48.67;46.81;15.50;180.42;126.79;160.27;;
1960-09-01;61.50;83.70;92.70;116.40;121.80;97.20;191.10;136.20;67.20;69.30;54.90;104.40;105.60;176.70;208.80;67.80;99.90;86.70;54.90;170.40;180.60;136.80;147.90;0.30;184.50;39.90;38.10;93.30;225.30;114.30;91.80;;
1960-10-01;160.27;143.22;115.01;155.00;203.98;108.81;120.90;197.16;105.09;102.30;155.00;52.70;141.67;250.79;210.18;223.20;98.89;156.24;103.85;190.03;0.93;59.52;62.31;0.00;168.33;53.94;47.74;31.31;169.26;85.87;75.95;;
1960-11-01;90.60;161.10;164.70;90.30;104.40;87.30;109.20;58.80;103.50;95.40;105.90;45.60;90.90;92.10;176.40;144.60;104.40;102.90;20.10;168.90;0.00;160.80;55.20;12.00;96.30;62.10;51.90;36.30;220.80;39.00;8.10;;
1960-12-01;62.93;120.59;78.74;112.84;149.11;165.54;73.78;56.42;59.83;68.20;64.79;127.10;127.72;56.73;114.08;191.27;65.10;79.05;224.13;100.44;0.62;4.03;80.60;1.24;56.73;110.05;186.31;75.02;139.81;53.32;15.19;;
1961-01-01;81.22;166.16;75.95;119.97;53.01;88.66;97.96;96.41;81.84;80.91;84.63;100.13;114.70;74.40;132.37;177.01;76.57;85.56;33.17;149.73;0.00;5.89;83.70;4.65;35.03;149.11;51.46;34.72;87.42;40.30;12.40;;
1961-02-01;41.16;78.96;35.84;40.88;13.72;48.72;70.84;50.68;71.68;71.96;38.64;140.56;39.20;54.88;140.28;65.52;68.60;69.16;6.16;142.52;0.00;0.56;113.12;6.16;28.84;81.76;110.32;40.60;65.52;43.68;8.68;;
1961-03-01;8.37;8.68;2.17;0.93;1.55;1.55;12.71;10.23;46.50;29.76;8.99;165.23;0.62;8.06;23.25;11.16;14.88;6.82;0.93;36.89;0.00;5.27;107.26;0.93;108.81;74.71;77.19;44.33;76.57;69.13;16.12;;
1961-04-01;71.40;116.10;63.30;96.30;46.80;105.00;81.60;104.70;96.30;60.60;72.90;46.80;88.20;96.60;135.90;83.10;63.00;86.70;63.30;159.30;0.00;20.70;132.90;1.20;131.70;60.60;37.50;14.70;183.30;57.90;21.60;;
1961-05-01;39.06;47.12;32.86;70.37;30.07;64.79;31.00;72.85;77.19;66.96;35.03;78.12;60.76;78.43;70.06;27.59;39.06;24.80;50.22;92.38;0.00;104.47;103.54;0.31;58.90;58.59;20.15;23.87;171.12;57.35;52.70;;
1961-06-01;38.10;21.30;15.00;21.90;23.70;42.30;66.30;69.90;57.30;59.10;39.90;87.60;19.20;51.60;120.60;44.40;46.50;36.90;30.30;141.00;0.60;175.20;99.00;0.00;137.70;48.00;73.20;41.10;142.50;34.50;186.00;;
1961-07-01;41.23;63.24;45.26;30.07;1.86;41.23;49.29;69.13;76.26;62.31;47.74;91.45;40.92;69.13;143.53;9.92;50.84;53.94;4.96;192.82;74.09;186.93;116.25;0.00;55.49;38.13;18.29;46.81;88.04;89.90;154.69;;
1961-08-01;11.47;30.69;4.96;29.76;2.79;38.13;79.36;105.09;57.04;49.60;10.23;89.90;20.46;69.75;52.39;4.03;31.93;14.57;16.43;110.98;110.67;156.86;110.98;0.31;83.70;77.81;120.59;30.07;67.58;103.54;62.31;;
1961-09-01;47.10;45.60;23.70;36.60;65.40;78.90;22.50;34.20;32.40;25.20;49.50;119.10;36.30;40.80;11.70;5.40;54.00;49.20;33.00;31.20;220.80;59.40;71.40;0.30;73.20;63.60;26.10;84.60;41.40;41.70;65.70;;
1961-10-01;84.63;82.46;60.45;92.38;96.10;81.84;112.84;108.19;78.43;108.19;81.84;90.83;101.37;124.62;141.36;147.56;99.82;59.21;58.28;143.22;0.00;124.93;95.79;23.87;314.96;37.82;76.88;73.47;48.98;9.61;26.97;;
1961-11-01;78.00;86.70;83.70;129.60;220.50;78.00;78.00;53.70;53.10;61.80;66.60;164.40;138.90;116.40;93.30;239.70;73.80;77.40;155.10;91.50;0.00;29.10;96.00;1.80;62.40;73.20;382.50;71.70;170.40;40.20;69.90;;
1961-12-01;74.40;132.37;115.63;106.64;53.01;70.68;80.91;73.47;98.58;90.52;65.10;56.73;92.38;59.21;135.47;165.85;68.51;74.71;15.50;172.36;0.00;1.24;91.14;8.37;33.17;110.36;135.47;63.86;199.33;61.07;13.95;;
1962-01-01;66.96;99.51;104.16;133.61;32.55;49.29;100.13;117.80;95.17;84.01;62.62;153.14;123.07;85.87;131.75;72.85;54.25;62.62;35.96;183.83;0.00;7.13;80.91;4.34;38.13;79.98;114.70;31.31;132.68;39.68;3.41;;
1962-02-01;39.76;37.80;33.32;31.92;68.60;56.00;76.16;64.12;66.36;50.96;35.56;167.16;33.88;81.48;123.20;124.04;43.68;36.40;32.20;113.12;0.28;10.64;119.00;1.40;24.64;64.68;145.60;52.08;61.32;44.52;9.80;;
1962-03-01;71.61;100.13;68.20;112.84;44.33;82.15;97.03;77.19;100.75;89.90;70.37;4.03;103.54;65.72;160.27;102.61;52.39;55.49;72.23;182.90;0.00;12.09;74.40;0.31;68.20;68.20;48.05;16.74;217.00;42.47;13.02;;
1962-04-01;54.60;64.80;48.00;69.30;46.80;107.70;66.90;106.20;70.20;86.70;55.20;128.70;65.40;101.40;145.20;57.90;52.50;63.30;104.40;139.80;0.30;100.80;82.80;0.90;92.10;72.60;57.90;33.00;90.90;46.20;125.40;;
1962-05-01;58.28;47.43;43.71;96.72;10.85;71.92;80.29;110.36;107.57;85.87;51.77;51.46;80.29;64.48;113.77;28.21;74.40;53.32;15.19;142.91;0.00;145.08;29.76;0.31;180.42;60.14;94.86;13.64;180.73;98.27;53.01;;
1962-06-01;3.60;8.10;3.30;24.60;40.20;58.50;42.30;40.50;7.50;4.50;3.30;109.80;22.80;44.40;52.50;33.30;6.60;3.30;43.50;81.00;10.20;41.10;61.20;0.00;253.20;40.50;4.20;26.10;126.00;125.40;149.40;;
1962-07-01;65.10;42.47;21.39;99.82;0.93;13.95;38.13;59.21;54.87;62.00;61.69;74.71;75.95;56.11;43.40;3.41;62.00;40.61;3.41;82.77;30.38;207.39;75.95;0.00;140.43;25.11;48.98;34.41;67.58;173.29;113.77;;
1962-08-01;38.13;65.41;22.01;11.16;2.79;30.69;52.39;24.18;55.18;45.26;51.46;70.06;13.33;27.59;41.23;3.10;49.91;48.98;7.75;74.71;305.35;217.00;99.51;0.31;88.04;76.57;77.81;15.81;254.20;102.30;67.58;;
1962-09-01;26.40;56.40;47.70;59.70;50.40;42.00;81.00;68.70;70.80;59.40;29.10;132.00;62.10;67.20;59.40;41.10;66.60;56.10;62.70;82.20;99.60;123.90;83.70;0.60;75.00;36.30;55.20;52.50;139.50;38.70;148.50;;
1962-10-01;51.77;41.54;50.53;45.26;65.41;50.84;32.24;38.75;23.25;20.15;59.21;166.47;30.07;51.77;59.21;137.64;44.02;45.57;189.41;47.12;52.08;359.60;58.28;0.62;177.01;39.37;50.84;80.60;207.08;53.94;54.87;;
1962-11-01;98.10;113.10;93.90;63.90;143.40;101.70;65.40;90.60;33.00;35.70;95.70;100.50;71.70;131.70;64.20;208.80;54.30;92.10;163.80;69.90;0.30;26.10;105.90;0.30;142.50;66.30;24.60;57.60;230.70;44.10;12.30;;
1962-12-01;48.05;87.42;41.85;59.52;85.25;69.44;87.73;70.06;81.53;63.55;48.36;146.32;56.11;81.84;222.89;186.62;55.18;61.69;32.86;197.16;0.00;23.56;80.60;0.00;40.30;87.73;145.70;50.84;80.29;35.65;65.41;;
1963-01-01;17.67;34.72;34.41;54.56;68.51;58.90;61.69;52.39;40.61;58.90;19.22;90.21;53.32;63.86;76.57;244.90;18.29;23.87;117.49;97.34;0.00;8.68;64.48;0.93;8.06;85.56;143.53;43.71;74.71;27.28;4.34;;
1963-02-01;24.92;86.52;40.88;83.72;133.28;67.20;79.52;57.68;39.48;31.36;20.16;101.92;78.12;90.16;118.44;276.64;12.04;28.56;103.88;96.32;0.00;1.68;71.40;2.24;25.48;114.24;42.28;26.32;132.44;42.84;8.96;;
1963-03-01;95.48;109.43;79.36;128.03;21.70;77.81;89.59;83.70;73.16;74.40;89.90;76.57;129.89;68.82;193.44;91.45;82.15;70.37;38.44;196.85;0.00;10.23;124.62;1.24;88.35;62.31;117.18;24.80;30.07;30.69;65.41;;
1963-04-01;66.30;73.80;80.10;57.90;73.20;67.50;122.70;83.40;44.10;48.90;67.50;97.80;57.30;145.50;120.30;114.60;46.20;70.20;54.60;102.60;0.00;83.40;46.80;0.60;69.90;42.00;243.00;24.90;49.50;25.20;26.40;;
1963-05-01;68.82;40.30;25.11;56.42;9.92;45.26;78.43;87.11;73.47;71.61;67.58;113.46;37.20;93.62;121.21;40.61;44.95;39.06;16.43;142.60;0.00;177.63;41.85;0.93;206.77;33.48;177.63;42.47;158.41;18.91;108.50;;
1963-06-01;115.20;69.00;71.70;123.00;39.00;109.50;111.60;119.10;96.90;108.60;107.40;57.30;97.50;112.50;196.20;38.40;119.10;94.80;44.40;243.90;0.00;128.10;77.70;0.00;165.90;57.00;195.90;15.00;87.00;111.60;131.40;;
1963-07-01;16.74;42.16;16.43;39.37;27.59;40.61;75.33;74.71;58.59;38.44;13.95;68.51;27.59;105.71;93.62;27.90;26.04;44.95;66.65;106.33;55.18;122.76;88.66;0.62;96.10;63.86;53.94;22.94;121.21;67.27;208.32;;
1963-08-01;103.23;91.14;72.23;156.24;56.73;117.18;191.27;116.25;178.87;119.66;99.82;39.99;136.71;136.71;200.88;29.45;81.84;93.31;47.74;271.87;141.05;231.26;51.46;0.31;71.92;44.33;175.46;57.04;93.31;70.68;96.41;;
1963-09-01;40.80;42.60;33.30;79.20;100.80;118.50;86.10;84.30;57.60;40.20;42.90;129.90;68.40;100.80;132.00;43.80;44.40;53.70;330.90;131.10;111.30;104.10;129.60;0.30;113.40;39.60;54.60;40.50;98.40;60.90;120.60;;
1963-10-01;33.48;38.75;29.14;40.61;95.79;28.52;33.48;32.86;35.65;34.72;30.07;177.63;40.92;80.60;53.94;93.00;44.02;34.10;10.85;43.71;182.59;116.25;11.78;2.79;333.25;50.53;49.29;30.38;158.10;57.04;83.70;;
1963-11-01;101.70;179.40;121.20;79.50;157.20;57.00;188.40;63.30;85.50;92.40;109.50;102.30;91.20;178.80;171.90;231.90;94.50;82.80;18.60;191.10;0.00;19.80;163.80;1.80;69.30;54.60;39.30;51.90;135.00;58.20;28.50;;
1963-12-01;9.30;55.49;25.42;38.75;147.25;35.65;27.28;24.49;2.17;3.41;11.16;127.10;36.27;66.96;26.35;143.84;8.37;13.02;73.47;11.16;0.00;68.20;56.42;2.48;50.22;82.15;133.92;29.76;178.25;22.32;12.09;;
1964-01-01;27.28;28.83;16.43;5.89;50.53;9.92;36.89;18.91;28.83;36.27;24.49;196.54;5.27;31.00;8.68;12.09;20.46;19.84;13.02;16.74;0.00;0.00;115.01;1.86;130.51;110.05;24.80;62.00;141.05;17.05;44.95;;
1964-02-01;52.78;73.95;69.31;91.64;93.38;83.81;73.37;61.48;52.49;45.82;56.26;94.25;86.71;122.96;81.20;166.75;32.19;69.02;40.89;55.97;0.29;0.29;95.99;1.16;62.06;99.47;28.13;51.04;240.41;53.07;6.67;;
1964-03-01;55.49;110.67;79.67;63.86;108.50;95.48;126.17;87.73;116.87;106.02;57.35;113.77;71.61;104.47;212.66;115.01;68.82;70.99;67.89;195.61;0.00;0.00;49.60;0.93;103.23;63.55;78.74;102.92;142.91;41.54;32.86;;
1964-04-01;69.00;66.90;76.20;82.80;42.90;78.30;67.80;93.00;68.70;60.90;64.50;89.70;81.90;114.90;95.10;44.10;64.20;81.60;19.80;121.20;0.00;19.20;121.80;5.40;92.70;43.80;108.00;20.40;130.20;30.90;72.30;;
1964-05-01;54.56;65.10;54.87;63.24;45.26;54.87;91.76;123.07;70.99;68.20;54.25;66.03;60.76;109.74;97.65;10.54;55.80;80.60;51.46;135.78;0.31;98.89;41.23;2.48;145.70;48.98;43.09;40.92;198.40;75.64;110.67;;
1964-06-01;84.00;59.40;60.90;19.50;14.70;41.10;44.40;84.30;48.90;17.10;84.60;112.50;20.40;62.70;107.40;36.30;109.80;111.00;16.20;106.50;1.20;120.90;56.40;0.00;143.40;58.80;324.30;24.60;126.60;22.80;130.20;;
1964-07-01;21.08;17.98;30.38;18.29;4.65;23.25;60.45;59.21;38.75;34.72;15.81;116.25;16.43;58.59;68.82;13.64;21.39;20.46;39.68;89.59;107.57;272.49;99.20;0.00;127.10;65.41;14.57;68.20;385.33;53.94;106.64;;
1964-08-01;33.17;29.14;21.70;26.04;54.87;35.34;108.50;92.38;60.14;66.65;28.83;50.84;31.62;86.18;127.41;26.97;31.93;22.63;62.00;137.02;217.93;151.59;27.28;0.31;261.33;74.40;48.98;24.18;105.71;57.35;45.57;;
1964-09-01;61.50;32.10;41.70;101.70;52.50;38.40;68.10;87.30;73.20;84.60;55.50;61.20;66.30;89.40;53.10;42.60;40.80;33.00;47.10;63.60;100.20;123.60;78.30;0.90;246.00;38.70;34.50;49.20;269.10;48.00;65.70;;
1964-10-01;53.01;81.53;67.89;132.99;98.89;84.01;85.56;81.53;63.55;66.96;55.49;150.04;144.15;79.36;147.56;246.76;61.38;54.56;51.15;177.01;0.62;150.66;41.85;0.00;128.96;35.65;98.27;75.33;368.59;26.35;30.07;;
1964-11-01;38.10;48.30;33.30;35.10;56.10;51.90;33.90;45.90;91.20;65.70;42.00;155.40;33.90;50.40;56.70;97.50;57.30;38.40;134.70;61.80;0.00;101.40;64.50;8.70;71.10;52.50;36.60;95.10;158.10;66.00;62.10;;
1964-12-01;53.32;123.07;58.28;48.98;115.32;62.00;46.19;50.84;35.34;35.34;58.59;103.85;40.61;48.67;60.76;160.27;66.03;110.98;148.80;52.39;0.00;18.29;122.45;2.48;57.66;119.66;43.40;50.22;314.03;68.20;32.24;;
1965-01-01;96.41;118.42;92.38;110.36;67.89;88.66;89.28;83.70;132.99;125.24;95.17;101.68;110.05;85.87;132.99;119.35;59.21;119.66;33.48;144.46;0.00;0.93;104.47;12.09;48.36;148.80;22.94;50.22;59.52;55.18;7.13;;
1965-02-01;9.52;10.64;4.20;11.48;26.88;28.56;22.68;37.52;42.56;24.92;8.96;79.24;8.40;35.28;37.52;58.52;19.60;20.44;30.52;34.72;0.28;1.40;70.28;0.56;21.56;183.96;15.96;28.28;109.20;28.84;41.44;;
1965-03-01;80.60;101.37;84.01;97.34;67.58;89.59;105.71;84.01;112.84;109.43;94.24;45.88;103.85;80.60;165.23;169.88;51.77;86.80;42.78;188.79;0.00;17.36;77.50;1.55;41.54;55.18;12.40;30.69;84.01;31.31;13.95;;
1965-04-01;59.10;40.20;31.80;58.80;4.50;103.20;95.10;111.90;123.30;105.60;62.40;69.90;64.20;80.40;165.60;54.00;78.60;55.50;21.60;193.20;0.00;68.10;67.50;0.90;109.20;34.50;62.40;41.40;214.50;50.70;71.70;;
1965-05-01;67.58;54.25;51.77;59.21;11.16;94.24;120.90;168.02;175.46;114.70;69.75;50.53;44.02;128.34;155.31;39.68;86.49;67.27;19.84;184.45;0.00;164.61;35.65;0.31;265.36;44.02;32.55;18.60;225.06;83.70;119.04;;
1965-06-01;61.80;35.10;57.00;48.60;30.90;61.50;93.00;118.50;151.20;98.40;63.30;94.80;51.30;87.30;103.50;24.90;66.00;73.50;17.40;144.00;4.80;138.00;37.50;1.80;132.90;63.00;109.80;11.10;169.20;80.10;84.30;;
1965-07-01;44.64;51.77;58.90;52.39;19.22;79.36;120.90;135.78;139.81;109.74;54.87;41.54;50.22;112.84;183.83;4.03;80.60;71.92;26.66;265.05;16.12;110.67;79.98;0.31;221.65;31.00;76.26;28.83;100.75;137.33;123.07;;
1965-08-01;92.07;73.78;74.09;52.70;81.53;58.59;49.60;109.43;63.86;54.25;78.43;68.51;56.73;33.79;89.28;26.35;68.82;60.45;38.13;115.32;152.21;148.80;81.84;0.31;133.92;79.98;13.95;41.23;159.65;91.14;226.61;;
1965-09-01;110.40;95.10;87.00;163.50;143.10;120.90;253.50;238.50;121.20;142.50;100.20;99.60;155.10;247.20;217.20;194.40;84.90;115.80;48.90;208.80;123.00;96.00;30.30;0.30;286.50;57.00;51.30;19.50;81.60;68.70;71.10;;
1965-10-01;16.43;27.28;26.04;36.89;116.25;89.90;58.59;35.96;28.52;14.88;18.60;214.52;30.38;85.56;60.14;70.68;18.91;19.84;367.04;45.57;16.43;34.72;53.01;1.55;72.23;59.21;96.41;59.21;178.25;49.91;62.93;;
1965-11-01;105.60;164.40;141.00;161.10;86.10;83.70;123.30;117.90;117.30;106.80;110.40;63.60;157.50;98.40;207.90;271.50;77.10;119.70;28.50;259.50;8.40;47.10;35.10;1.20;109.80;77.10;31.20;44.40;245.40;45.60;25.20;;
1965-12-01;124.93;211.11;124.31;181.66;79.05;203.05;134.23;110.36;158.72;159.96;128.34;48.36;173.29;109.12;275.59;169.26;114.70;146.32;41.85;314.03;0.00;31.93;44.64;0.31;67.89;108.50;47.43;47.43;287.06;93.31;14.57;;
1966-01-01;46.50;77.81;77.19;106.64;68.20;121.52;92.07;86.18;59.52;58.90;45.26;84.63;101.06;74.71;141.67;136.09;43.40;70.68;26.04;159.96;0.00;13.95;86.18;8.06;31.93;94.86;10.54;49.29;246.45;50.84;12.40;;
1966-02-01;51.24;141.12;103.32;120.96;120.96;91.00;110.32;87.92;86.24;84.56;53.76;36.12;127.68;119.56;203.28;174.72;72.52;61.60;57.40;159.60;0.00;1.12;91.56;3.08;106.40;93.52;66.64;11.76;195.44;75.32;65.52;;
1966-03-01;26.04;34.10;29.45;32.24;12.71;53.63;61.07;72.23;91.76;68.51;28.21;107.88;31.31;64.17;113.77;52.08;47.12;32.55;18.29;125.86;0.00;1.24;56.42;3.10;148.80;103.85;119.04;24.49;139.50;75.95;88.04;;
1966-04-01;87.90;115.80;132.90;111.90;63.90;92.40;119.70;127.80;85.80;115.80;84.60;73.50;91.20;100.50;154.80;70.80;78.60;122.70;65.40;156.00;0.00;39.30;76.80;0.30;117.60;38.40;71.70;30.30;204.90;36.00;47.10;;
1966-05-01;69.75;62.93;45.88;64.48;43.71;124.62;101.37;86.49;75.02;90.52;73.47;139.81;58.28;103.23;125.24;54.25;46.50;54.56;91.45;123.69;0.00;66.34;91.76;0.31;144.15;47.43;50.84;17.05;300.70;54.56;91.14;;
1966-06-01;48.60;62.70;82.80;116.40;38.40;52.80;79.80;61.50;89.10;78.00;49.50;138.30;115.20;75.60;110.40;19.20;75.30;98.10;9.30;154.80;1.20;197.70;31.20;0.30;314.40;39.60;119.70;58.20;218.40;48.60;94.20;;
1966-07-01;85.87;29.14;38.13;39.06;17.05;56.11;71.61;96.10;69.75;86.80;86.18;80.60;49.29;62.31;136.09;20.46;97.34;61.69;38.75;132.06;6.51;203.05;48.67;0.00;106.02;32.24;23.87;55.80;235.29;70.06;116.25;;
1966-08-01;71.30;60.45;60.45;39.99;41.54;44.33;71.30;75.33;147.56;94.55;63.24;89.90;43.09;53.01;106.95;34.72;60.14;48.05;31.62;152.83;79.67;169.26;45.88;0.31;72.85;33.48;68.20;31.93;222.58;62.93;119.04;;
1966-09-01;30.90;46.20;34.80;37.80;37.20;29.10;44.10;32.10;47.70;27.90;27.00;90.60;30.60;41.70;39.60;49.50;27.60;45.30;11.10;61.20;155.10;338.70;123.60;1.80;223.20;69.30;57.00;27.00;136.20;78.30;66.90;;
1966-10-01;121.83;159.03;215.76;79.67;112.22;106.64;122.76;104.78;73.16;72.23;127.41;49.60;99.82;186.62;135.16;228.78;95.17;138.26;141.36;124.31;113.15;193.44;94.55;0.62;135.78;36.27;62.62;39.68;296.67;46.81;72.23;;
1966-11-01;68.70;80.40;92.10;160.20;106.20;109.20;94.80;87.60;87.60;87.00;67.50;178.50;156.00;125.70;187.20;205.80;83.70;121.20;42.30;137.70;0.00;176.10;108.30;18.30;61.80;53.70;105.90;58.50;291.90;43.50;4.80;;
1966-12-01;96.72;115.94;73.47;85.56;20.46;123.07;103.85;108.81;151.28;135.78;100.44;100.13;90.21;91.45;205.53;181.97;109.12;86.49;36.89;243.66;0.00;23.56;109.12;29.14;32.24;129.27;61.69;75.33;245.83;81.22;16.74;;
1967-01-01;47.43;94.24;58.59;59.83;47.12;75.02;56.73;50.84;74.71;53.63;46.19;110.36;59.83;62.93;76.57;86.80;28.83;44.95;35.96;80.91;0.00;8.37;31.62;6.51;45.88;148.49;108.50;26.04;116.87;38.75;65.10;;
1967-02-01;66.36;79.24;88.76;74.20;100.24;24.64;76.72;58.52;62.72;70.56;64.68;124.60;77.84;91.28;124.04;74.48;55.16;69.44;98.56;137.76;0.28;0.00;85.68;1.12;77.28;95.48;90.16;54.60;126.56;21.28;8.12;;
1967-03-01;47.43;77.19;61.38;48.98;17.36;63.86;91.45;83.08;80.60;65.41;49.29;96.72;54.87;96.41;133.30;32.86;53.94;57.04;30.07;156.24;0.00;12.40;130.51;1.24;103.54;96.41;111.91;30.38;46.81;58.59;100.44;;
1967-04-01;39.60;33.00;34.20;41.10;28.20;58.50;28.20;37.80;46.50;51.00;43.80;134.10;53.10;47.10;54.90;21.90;57.30;45.30;34.50;60.90;0.00;81.30;81.90;0.00;115.50;45.60;25.50;55.80;206.10;50.10;36.90;;
1967-05-01;109.12;118.11;114.39;99.20;35.03;83.08;125.55;119.66;118.42;116.87;113.46;36.58;96.41;123.07;189.41;64.79;104.16;99.51;36.58;222.27;0.31;122.14;139.50;1.55;59.21;45.26;45.26;13.95;292.02;41.85;91.14;;
1967-06-01;50.70;30.90;29.10;64.20;24.90;65.40;78.60;88.50;75.90;68.70;47.10;133.50;67.80;88.20;118.20;39.00;46.20;27.00;13.20;133.50;3.60;135.60;44.10;0.00;91.50;26.10;115.50;49.80;191.70;50.70;98.70;;
1967-07-01;25.73;49.29;14.26;61.38;4.34;37.51;71.61;61.07;82.15;50.84;19.53;57.66;59.21;77.19;135.78;3.72;46.19;18.91;18.60;131.44;102.61;211.11;165.54;0.00;106.33;36.89;51.15;78.43;158.10;42.78;60.14;;
1967-08-01;70.68;77.81;48.67;49.60;13.02;34.10;89.90;162.13;92.69;65.72;73.78;138.26;39.99;59.21;127.72;14.88;63.86;61.07;16.12;123.07;215.45;124.31;141.36;0.31;102.30;24.80;161.51;62.31;79.67;88.66;134.85;;
1967-09-01;91.80;89.70;58.20;92.10;80.40;60.30;132.90;108.60;123.60;108.00;74.10;125.10;82.80;96.00;140.40;62.10;64.20;77.70;81.90;161.40;198.60;71.40;57.30;0.30;253.80;71.10;92.10;77.10;92.70;24.30;195.60;;
1967-10-01;89.90;110.36;73.78;79.36;13.95;35.34;32.55;42.47;69.75;105.71;92.07;51.15;66.96;27.28;80.91;44.95;74.71;102.92;50.22;109.12;182.90;189.41;30.69;47.43;311.86;22.94;80.60;77.50;114.70;52.39;70.68;;
1967-11-01;58.80;92.70;82.20;75.60;102.30;64.20;157.20;114.00;90.30;65.10;56.10;136.50;85.80;137.40;166.20;136.20;38.40;49.20;130.20;144.00;2.40;44.10;55.20;2.40;83.70;93.90;49.80;67.50;265.50;30.90;10.20;;
1967-12-01;62.62;76.57;57.97;44.02;28.52;75.02;59.52;85.56;97.96;86.49;66.65;186.93;44.64;51.77;104.47;131.75;68.20;75.02;20.77;134.54;0.00;14.26;140.12;1.55;40.30;126.79;26.04;22.32;243.97;63.24;12.40;;
1968-01-01;87.73;74.09;43.09;45.26;16.43;71.61;91.76;94.86;134.85;125.55;89.90;155.31;43.09;77.19;207.70;114.70;78.43;79.67;8.37;239.63;0.00;1.24;68.20;0.62;16.12;91.45;131.75;22.32;88.04;55.80;37.20;;
1968-02-01;75.98;77.43;69.60;75.69;117.74;88.74;98.89;71.63;75.98;75.69;83.52;115.71;68.44;95.99;111.65;182.70;62.93;82.07;62.06;107.88;2.90;4.93;26.10;2.03;83.23;118.61;16.24;43.21;13.34;39.44;51.33;;
1968-03-01;51.77;51.46;45.26;44.33;26.04;40.92;34.72;45.26;60.14;58.28;52.70;141.36;46.50;35.65;55.18;69.44;53.01;39.68;38.13;77.81;0.00;8.37;145.70;12.71;107.88;74.09;55.80;15.50;186.00;35.65;16.43;;
1968-04-01;46.50;75.00;92.70;121.20;58.50;65.70;73.20;99.90;109.20;58.20;49.50;101.10;117.60;81.00;88.80;59.10;45.90;79.50;31.80;111.60;0.00;109.80;54.00;1.20;108.30;75.00;23.10;14.40;128.10;62.70;129.00;;
1968-05-01;83.08;63.24;64.48;90.83;66.96;149.73;139.50;192.82;113.15;95.48;81.22;39.68;76.26;162.44;165.85;89.59;56.11;63.55;79.05;135.78;0.00;122.45;160.89;0.31;145.39;62.31;130.82;10.23;168.33;59.83;142.29;;
1968-06-01;64.20;70.20;60.90;63.60;41.40;82.50;58.20;43.80;65.70;55.50;60.90;91.20;45.90;61.80;135.00;46.50;70.20;67.50;38.70;147.60;0.30;144.30;99.00;0.00;105.60;54.00;26.70;43.80;222.00;41.70;172.80;;
1968-07-01;57.66;67.27;74.71;105.71;17.67;76.57;66.34;120.28;91.14;88.97;75.95;44.02;104.16;55.49;137.33;26.97;140.43;77.19;17.98;157.48;14.57;178.87;29.14;0.00;183.52;47.43;26.97;19.53;137.33;157.17;92.07;;
1968-08-01;88.66;50.22;61.69;164.30;49.60;108.19;155.62;135.78;204.91;149.11;75.64;128.96;134.23;96.72;230.33;54.87;103.54;72.23;58.28;283.34;12.09;68.82;26.04;0.31;238.08;65.10;49.29;53.01;162.44;55.18;50.84;;
1968-09-01;90.90;116.70;81.90;81.00;84.90;99.30;147.60;147.60;147.90;143.70;93.30;83.10;96.00;108.60;186.90;37.50;120.30;78.30;69.00;207.30;103.20;141.60;67.50;0.30;70.20;38.40;6.90;56.10;171.30;48.60;83.10;;
1968-10-01;40.92;93.31;45.26;52.39;73.47;18.60;44.64;53.01;75.64;49.91;40.30;62.00;44.33;60.45;68.20;26.97;49.60;47.74;14.57;66.03;10.85;117.80;82.77;1.24;214.83;48.98;8.99;38.44;223.20;94.86;29.14;;
1968-11-01;35.70;57.60;33.30;33.30;170.40;93.00;77.40;58.20;48.00;47.70;31.80;93.30;31.80;149.40;129.90;176.40;31.50;39.30;213.90;119.10;0.90;41.10;136.20;0.30;19.80;83.70;17.40;47.10;168.90;32.10;15.90;;
1968-12-01;41.23;95.79;52.08;103.85;83.39;96.72;109.74;89.28;56.42;57.04;40.30;112.22;99.20;85.25;188.17;233.74;45.26;45.26;109.74;179.80;3.41;12.40;101.06;5.89;172.98;138.88;90.21;36.89;217.93;46.50;31.31;;
1969-01-01;44.02;101.68;67.89;77.19;85.25;51.77;72.54;49.60;65.41;58.90;46.50;54.56;79.05;93.00;114.08;140.12;48.67;53.63;21.70;103.23;0.00;0.31;42.47;15.50;89.90;105.09;12.71;40.92;93.00;22.63;32.55;;
1969-02-01;58.80;85.12;63.56;62.16;98.28;52.08;82.32;85.40;88.76;76.44;57.40;87.36;61.60;95.48;119.84;190.40;65.52;70.28;33.04;116.76;0.00;2.52;112.28;0.56;110.88;77.28;127.12;43.68;69.72;20.72;13.16;;
1969-03-01;75.64;74.40;86.18;122.76;137.33;136.71;92.69;103.85;91.45;76.57;75.64;196.54;109.43;117.80;117.80;150.66;62.31;63.86;212.66;106.64;0.00;2.48;77.19;7.75;142.60;53.63;114.08;51.77;152.21;19.53;31.31;;
1969-04-01;48.00;63.60;45.30;90.90;39.00;115.20;109.80;137.40;129.90;114.90;51.30;120.90;76.20;111.90;141.60;69.90;60.60;37.50;219.30;153.90;0.60;53.70;95.70;0.60;88.20;48.60;149.40;27.90;218.40;56.70;21.30;;
1969-05-01;77.19;130.20;111.60;139.19;85.25;60.14;109.12;112.84;86.18;101.37;72.23;52.70;132.37;130.82;142.29;86.49;110.67;148.18;29.76;177.94;0.00;181.35;73.78;0.93;111.91;52.70;53.32;17.67;265.05;66.34;24.18;;
1969-06-01;68.70;55.50;32.40;81.90;27.90;57.90;153.00;140.10;156.30;120.60;62.10;158.10;55.80;145.20;246.00;19.80;78.60;56.40;31.80;225.00;0.00;71.10;55.50;0.00;176.40;75.00;163.50;7.20;246.00;89.10;41.10;;
1969-07-01;93.31;59.83;14.88;49.29;16.43;46.19;64.79;47.12;77.19;74.71;89.90;107.26;37.51;78.74;123.07;22.01;59.83;57.04;53.32;130.82;88.66;113.46;156.24;0.31;157.17;23.25;19.84;13.95;203.98;56.73;110.67;;
1969-08-01;79.67;36.27;37.82;43.71;17.36;75.33;99.20;93.93;126.79;118.11;74.71;167.09;41.23;84.01;152.21;31.31;94.24;50.53;45.26;160.27;279.31;101.06;74.09;0.62;92.69;54.25;106.02;41.23;285.20;92.07;199.02;;
1969-09-01;31.80;73.20;60.90;141.60;96.00;135.30;54.90;134.40;27.00;28.80;34.80;144.60;148.80;158.40;92.40;100.80;21.30;48.60;116.10;81.60;179.70;32.70;115.80;0.30;155.40;41.40;64.80;86.40;237.90;69.30;159.90;;
1969-10-01;10.23;22.63;16.74;26.04;44.95;64.79;17.36;34.10;4.96;4.65;10.85;208.32;29.14;44.64;11.16;24.18;8.37;9.61;203.98;6.20;58.28;214.21;48.05;10.23;169.26;72.23;82.77;78.43;222.58;54.87;26.35;;
1969-11-01;100.80;162.90;104.70;112.50;81.60;45.00;103.20;100.80;101.40;114.30;94.50;49.80;132.90;81.60;206.40;161.40;84.00;92.10;18.90;220.50;0.00;85.20;117.00;0.30;113.10;59.10;113.70;30.90;267.30;104.10;8.70;;
1969-12-01;59.83;105.40;74.40;88.66;90.52;142.60;54.87;79.05;74.09;69.75;59.21;123.07;89.90;71.61;107.26;166.78;59.21;61.38;88.35;112.84;2.48;41.54;209.87;0.00;25.73;85.56;30.07;63.55;186.93;36.27;18.91;;
1970-01-01;77.81;106.64;68.51;93.31;125.55;59.21;95.17;98.89;87.73;105.40;81.84;71.61;86.49;128.34;145.39;152.83;72.85;68.82;47.74;129.27;0.00;1.86;29.14;2.17;52.39;86.18;105.09;38.44;110.05;91.45;7.75;;
1970-02-01;127.40;140.84;85.40;82.60;23.24;100.52;126.84;126.28;197.12;180.88;122.92;85.68;90.44;90.72;276.92;141.96;97.44;124.04;12.04;363.16;0.00;9.52;84.56;0.28;44.24;103.88;43.12;13.16;134.68;59.36;24.64;;
1970-03-01;66.34;69.44;57.04;56.11;60.14;83.39;123.07;97.96;81.84;83.70;64.17;143.53;56.73;108.19;201.19;128.03;87.42;74.09;86.80;197.16;0.31;23.25;110.98;1.86;49.29;83.39;75.02;42.78;71.61;47.74;1.24;;
1970-04-01;75.30;53.40;53.40;58.80;14.70;91.20;135.90;101.70;138.00;105.30;75.00;75.90;52.50;94.80;241.50;44.70;82.80;80.10;28.80;287.40;0.60;45.90;81.60;1.80;84.00;74.40;42.90;12.90;149.40;92.70;5.10;;
1970-05-01;58.90;39.37;45.88;71.61;46.81;112.84;93.00;81.22;140.12;109.43;57.35;152.21;61.07;98.89;117.80;32.55;43.71;84.32;81.22;126.48;0.00;262.88;68.20;0.00;115.01;56.11;36.89;26.97;218.86;29.45;43.40;;
1970-06-01;93.30;73.50;79.20;88.80;14.10;157.50;99.90;168.30;129.00;142.80;90.90;71.40;85.20;106.20;148.50;35.70;39.60;54.00;35.40;158.10;0.00;81.60;71.40;0.00;261.30;55.80;27.00;42.30;184.20;74.40;225.00;;
1970-07-01;50.22;45.88;35.03;35.96;1.86;57.66;61.69;64.79;85.56;78.74;47.43;42.47;24.49;57.97;99.82;4.03;57.66;47.12;4.03;147.56;28.52;115.01;93.00;0.31;153.14;31.62;2.79;51.15;190.96;60.76;159.96;;
1970-08-01;59.21;87.73;93.31;133.30;18.91;54.25;125.86;102.61;108.19;77.50;52.70;108.50;128.03;112.84;147.56;9.61;39.68;48.05;58.59;190.03;105.71;110.05;55.49;0.62;109.43;64.17;30.07;65.10;161.20;46.50;92.69;;
1970-09-01;60.90;59.10;45.30;67.80;12.90;14.40;81.30;71.70;51.30;57.30;65.40;93.90;45.30;85.50;70.50;6.00;67.20;52.80;12.90;79.80;182.70;88.20;39.30;0.30;104.70;42.90;112.20;64.20;210.60;58.80;156.30;;
1970-10-01;21.70;39.37;33.79;30.07;70.68;53.94;110.98;85.56;79.67;87.73;22.32;164.92;23.87;172.98;95.17;22.63;59.83;35.96;129.58;87.73;3.72;109.43;57.04;0.62;134.54;40.92;48.36;46.50;235.60;127.72;33.17;;
1970-11-01;67.80;145.20;99.90;92.40;53.70;62.10;110.40;46.50;71.10;63.00;70.20;62.40;99.00;100.20;146.10;176.40;83.40;97.20;13.80;148.50;0.30;12.30;140.40;13.20;219.00;58.20;84.90;17.40;148.20;57.60;7.50;;
1970-12-01;31.93;60.76;17.36;29.45;88.04;38.44;69.13;65.72;47.74;44.02;32.24;147.56;30.69;78.12;90.52;153.14;40.30;45.26;153.45;65.72;0.62;5.27;108.19;2.79;43.71;144.46;218.55;44.02;115.94;46.50;1.55;;
1971-01-01;50.84;153.45;87.11;109.43;101.06;90.52;78.43;99.20;41.23;68.20;50.84;52.70;106.95;145.08;112.84;195.61;67.89;60.76;56.11;113.46;0.00;10.85;67.27;29.14;26.04;122.45;151.90;21.08;141.05;52.08;9.61;;
1971-02-01;36.12;41.72;26.04;74.76;19.60;89.88;46.48;61.04;48.44;44.80;35.28;176.96;82.04;39.48;72.80;85.40;39.76;42.56;19.32;71.40;0.28;3.36;116.20;4.48;51.80;78.40;120.68;42.84;73.08;31.36;5.04;;
1971-03-01;43.40;84.63;57.04;47.74;94.55;116.25;125.24;90.52;56.42;44.64;45.26;150.04;44.33;121.21;177.01;179.80;45.88;51.46;70.99;118.73;1.24;6.51;85.87;0.31;88.35;80.91;40.61;45.57;65.72;38.13;31.00;;
1971-04-01;48.60;50.70;57.60;101.10;137.40;101.70;89.70;88.20;36.30;24.60;48.30;136.20;102.60;147.60;114.60;115.80;24.90;56.10;136.80;95.40;0.00;37.80;64.50;7.20;129.00;51.00;22.20;27.60;46.50;58.80;30.00;;
1971-05-01;106.02;50.53;158.72;134.85;84.94;147.25;115.32;109.43;73.16;78.74;99.20;112.84;131.44;134.23;161.51;112.22;69.44;89.90;98.27;177.63;0.00;115.01;125.24;1.24;103.54;39.37;90.21;32.86;166.47;24.49;73.47;;
1971-06-01;110.40;59.10;69.30;113.40;35.40;110.40;147.00;127.80;126.60;113.70;104.70;17.10;121.50;144.90;221.70;78.90;99.30;92.40;64.80;254.10;2.70;83.70;33.30;0.00;141.90;33.30;49.20;11.40;139.50;107.10;203.40;;
1971-07-01;50.84;25.11;37.20;149.73;13.64;64.48;65.10;168.02;24.80;37.82;48.36;86.80;125.55;70.99;95.79;19.53;33.17;40.61;37.51;83.39;32.55;55.80;97.34;0.31;105.40;48.36;37.82;72.85;128.34;118.73;102.30;;
1971-08-01;88.66;75.95;72.23;115.32;37.51;77.19;127.72;136.09;114.70;76.88;67.89;61.69;119.35;99.20;131.44;5.27;54.87;86.18;34.41;170.81;146.01;135.16;121.21;0.62;174.22;46.50;44.02;53.32;306.90;43.71;127.41;;
1971-09-01;16.50;52.20;50.10;92.40;42.30;54.30;40.80;36.30;33.60;30.90;21.00;128.40;83.10;24.30;65.10;63.00;20.40;18.90;82.20;75.90;89.70;127.80;135.90;0.30;334.20;55.20;22.80;42.30;156.90;79.50;132.30;;
1971-10-01;18.60;38.44;17.67;32.55;15.19;33.79;23.56;31.93;56.11;62.31;18.91;131.13;30.69;33.48;61.38;39.68;29.76;22.94;58.59;40.92;29.14;114.08;97.34;0.93;278.69;58.28;10.85;57.04;222.89;129.58;124.93;;
1971-11-01;73.80;112.20;54.90;81.00;159.30;85.20;111.30;108.00;108.30;88.20;72.30;133.80;75.90;102.30;200.70;237.60;93.00;87.60;26.70;180.60;1.20;16.20;117.60;2.10;48.30;84.90;51.60;13.50;164.10;81.30;28.20;;
1971-12-01;8.99;39.99;21.70;54.25;76.88;72.54;45.57;48.36;39.99;23.25;11.47;175.15;50.53;50.22;26.97;43.40;15.81;17.98;220.10;18.60;0.00;16.43;60.76;19.84;66.34;119.04;135.78;58.90;167.09;48.36;29.14;;
1972-01-01;94.55;127.72;93.31;87.11;169.88;135.47;88.97;94.24;46.19;44.33;98.27;125.86;85.87;184.45;89.28;139.19;78.12;74.71;118.73;69.44;0.00;1.24;63.55;13.02;125.86;85.56;230.64;82.77;49.91;11.47;13.64;;
1972-02-01;87.00;156.31;113.97;123.83;236.06;96.28;135.43;97.73;34.51;67.86;85.55;146.45;122.38;216.34;175.74;213.73;59.74;104.11;77.14;113.68;0.00;1.16;145.87;2.32;166.75;78.01;71.92;58.00;48.43;20.59;13.92;;
1972-03-01;46.19;84.01;87.42;70.99;82.77;65.72;53.01;44.33;46.81;47.12;49.29;164.61;77.19;66.34;92.38;122.76;35.65;63.86;85.56;95.79;0.93;0.00;112.84;2.79;68.82;82.77;85.87;49.91;47.43;39.37;53.94;;
1972-04-01;77.10;97.50;68.10;67.80;76.20;129.90;99.30;95.70;95.40;83.40;83.10;105.60;63.30;104.40;149.70;87.00;78.00;80.40;63.30;168.60;0.30;41.40;104.40;6.60;192.00;99.60;77.40;12.60;145.50;63.90;29.10;;
1972-05-01;75.02;86.49;76.26;93.62;45.57;102.30;82.46;104.47;92.69;90.52;81.22;102.92;86.49;106.64;123.07;55.49;79.05;74.40;85.25;152.21;0.31;269.39;165.23;0.31;135.47;24.18;32.24;29.45;155.00;69.13;93.31;;
1972-06-01;78.00;69.60;33.00;67.20;75.00;52.50;93.90;117.90;108.00;83.10;71.10;90.30;49.20;95.70;149.40;62.70;82.20;76.50;89.70;150.00;1.50;76.50;238.50;0.00;151.50;23.70;63.60;35.40;178.80;36.90;107.70;;
1972-07-01;84.94;20.46;39.06;18.60;8.37;53.01;64.48;94.86;103.23;105.09;88.66;123.07;12.71;77.19;110.98;26.66;86.18;50.84;12.71;131.13;7.13;62.00;80.91;0.62;281.79;55.18;13.02;100.44;51.15;53.01;178.25;;
1972-08-01;117.49;52.08;54.87;203.36;25.73;192.20;95.17;170.81;81.22;144.15;101.37;138.57;163.37;93.00;144.46;19.84;47.74;46.50;40.61;163.37;67.27;48.05;44.64;0.93;147.87;46.50;94.55;90.83;87.73;18.29;90.52;;
1972-09-01;51.60;30.60;53.70;32.10;66.30;95.10;40.50;71.40;46.20;40.50;54.00;110.70;25.80;58.20;81.60;59.40;52.50;60.30;172.20;69.30;86.10;193.20;83.70;0.60;210.30;33.90;19.80;85.20;152.10;78.00;107.70;;
1972-10-01;30.69;92.38;47.74;45.26;123.07;42.16;96.72;89.28;33.79;20.77;30.69;162.75;43.40;129.27;68.82;127.41;27.59;47.43;56.11;52.70;39.68;192.51;152.52;0.93;88.66;62.31;130.82;44.95;135.47;91.45;35.65;;
1972-11-01;102.60;141.00;98.10;71.70;70.50;62.10;89.70;83.40;159.90;136.20;103.50;109.20;84.00;54.90;173.10;103.20;69.30;97.80;61.20;267.30;0.00;40.20;195.00;8.70;81.30;73.80;67.20;49.20;195.60;66.60;84.30;;
1972-12-01;23.56;101.06;36.27;65.41;102.92;27.59;78.43;51.15;33.48;25.11;23.87;164.92;56.73;118.11;75.95;133.92;21.39;23.25;45.88;53.94;1.24;79.98;130.20;2.79;101.68;146.94;40.30;89.90;215.76;34.72;15.81;;
1973-01-01;35.03;56.11;35.34;42.78;109.43;71.92;62.62;61.07;37.20;38.13;30.38;159.03;43.40;79.05;76.57;104.47;22.32;28.83;41.23;67.27;0.00;0.00;94.55;4.34;118.11;126.79;53.01;48.98;157.17;31.93;3.72;;
1973-02-01;52.64;61.04;45.92;67.20;62.16;101.08;57.96;76.72;72.80;66.08;50.68;166.60;63.28;77.56;115.64;63.84;44.80;49.28;26.04;120.96;1.40;0.00;81.20;2.52;54.32;89.04;144.76;26.88;73.08;61.32;8.96;;
1973-03-01;9.30;15.81;7.44;17.05;46.50;27.28;27.59;45.26;40.30;44.33;9.61;155.62;13.95;48.98;51.46;70.68;14.88;12.71;18.29;31.62;0.00;0.31;87.11;2.17;26.97;61.07;71.30;55.49;101.06;24.80;2.17;;
1973-04-01;61.50;63.60;53.70;48.90;27.00;45.90;105.00;69.60;108.30;81.60;58.80;85.50;43.80;83.40;135.90;84.60;72.00;62.70;24.00;136.50;0.00;8.10;152.40;0.90;184.50;77.70;27.30;39.30;151.80;77.40;53.40;;
1973-05-01;104.16;116.25;131.75;124.31;20.77;45.88;107.57;89.59;106.64;98.89;101.99;79.67;117.80;108.50;142.91;21.39;122.14;110.98;44.02;181.04;0.00;114.70;103.23;0.31;147.56;59.83;13.95;23.87;132.99;64.17;89.90;;
1973-06-01;60.90;37.50;20.70;85.80;44.40;99.60;61.20;93.00;116.40;54.00;54.30;122.10;72.90;94.80;166.50;45.30;60.60;52.80;86.10;169.50;2.70;115.50;114.00;0.30;145.80;25.50;77.70;41.70;161.70;16.80;214.50;;
1973-07-01;60.14;77.81;64.17;126.17;17.67;72.23;120.28;152.21;104.47;91.14;57.97;65.41;115.01;105.40;229.09;18.91;52.39;82.46;9.61;227.23;26.35;96.10;128.34;0.00;42.16;30.07;58.28;55.49;129.27;103.85;251.10;;
1973-08-01;38.75;33.79;48.05;82.46;8.99;72.54;81.53;94.86;106.95;75.64;35.65;137.33;63.86;79.36;115.63;26.66;35.03;39.99;33.79;140.12;146.32;152.21;130.82;0.62;74.71;76.88;63.55;35.96;151.90;135.47;266.60;;
1973-09-01;73.50;64.50;93.90;91.50;45.90;69.90;104.70;74.70;48.90;64.20;74.70;114.00;104.70;71.70;187.20;65.40;101.70;81.00;47.70;129.00;48.90;75.90;96.30;0.30;255.90;42.90;34.20;58.20;201.00;82.20;116.10;;
1973-10-01;40.92;65.72;61.38;66.34;208.32;48.67;70.06;60.76;82.15;54.56;44.02;184.45;57.35;84.01;99.51;62.62;46.19;57.66;15.50;113.15;1.55;115.01;77.81;0.31;210.80;48.36;201.81;45.88;197.78;106.33;67.27;;
1973-11-01;42.00;44.10;24.90;40.50;22.80;41.70;46.80;59.70;98.40;73.80;40.80;128.70;36.00;48.90;84.00;47.70;33.90;47.40;15.00;103.20;6.00;12.30;69.90;2.40;36.30;72.00;175.50;15.00;230.40;71.40;37.80;;
1973-12-01;54.56;62.62;55.18;75.64;111.60;112.22;79.05;81.53;70.37;84.63;53.32;117.18;70.37;193.75;88.35;138.88;41.23;51.77;124.00;111.60;0.00;19.22;212.35;1.24;3.72;102.61;47.12;30.69;143.84;61.07;10.54;;
1974-01-01;73.16;147.87;113.46;73.16;88.66;35.96;40.61;33.79;66.65;53.63;76.26;97.03;85.56;78.12;81.22;86.49;64.79;68.82;11.47;83.08;0.00;0.00;120.28;17.98;27.28;125.86;132.37;44.64;12.09;19.84;23.56;;
1974-02-01;43.12;154.00;87.08;96.32;165.48;118.72;134.40;96.88;71.40;61.32;46.20;124.88;86.24;163.80;180.88;146.44;57.68;62.44;83.16;148.96;0.00;0.00;73.64;1.68;90.44;50.12;57.40;43.40;98.28;41.72;26.04;;
1974-03-01;71.92;75.02;78.43;97.34;112.84;107.57;79.36;123.07;92.07;105.09;70.99;234.67;82.77;146.63;101.06;68.82;57.35;46.81;131.44;95.48;0.93;0.31;123.07;16.74;117.18;96.10;260.71;88.66;32.55;22.01;44.64;;
1974-04-01;36.30;54.00;35.70;75.30;130.50;81.90;66.60;88.20;18.90;27.30;32.10;151.50;68.10;118.80;106.50;141.30;28.20;37.20;70.50;75.00;0.00;11.10;79.80;0.60;148.80;59.70;154.20;27.60;87.00;35.10;64.20;;
1974-05-01;69.44;61.69;78.74;87.11;35.03;124.62;106.64;105.40;67.89;84.32;68.82;104.47;79.67;89.90;153.76;59.83;50.53;71.61;18.91;171.74;0.62;128.34;71.61;0.00;88.97;24.49;249.86;27.28;162.44;134.54;87.11;;
1974-06-01;84.30;42.60;42.60;57.60;9.90;121.50;74.70;136.80;92.10;85.80;79.80;130.50;39.90;80.40;145.50;35.10;70.20;103.80;22.50;163.20;0.00;35.70;90.30;0.30;213.00;71.10;150.30;42.00;164.70;42.90;167.10;;
1974-07-01;27.90;41.23;12.09;17.05;4.03;102.61;55.80;62.00;93.00;55.80;29.76;59.83;18.60;87.73;112.84;13.95;66.34;44.02;29.76;124.31;146.63;173.91;38.44;0.31;303.18;26.35;41.23;31.00;223.82;91.14;221.34;;
1974-08-01;54.25;53.63;44.02;105.71;45.26;68.82;69.13;109.74;98.27;63.24;52.70;84.01;86.49;101.06;99.51;14.57;81.53;62.62;74.71;111.91;141.67;103.54;100.44;0.00;124.93;48.36;104.78;53.63;152.52;46.50;72.85;;
1974-09-01;89.40;128.40;75.30;87.60;99.00;129.30;151.20;160.20;98.70;94.20;99.00;116.70;83.70;224.70;227.70;100.20;118.80;115.20;51.90;220.80;91.80;140.70;120.00;0.00;184.80;58.50;20.70;49.80;223.20;19.20;138.90;;
1974-10-01;113.15;64.48;57.04;78.43;10.54;128.03;119.35;126.48;190.96;169.88;112.84;161.51;75.95;81.53;177.63;102.30;123.69;137.33;23.87;231.26;17.05;119.04;41.23;0.31;156.86;64.17;56.11;44.33;187.86;73.16;33.79;;
1974-11-01;103.80;145.80;108.30;76.50;40.50;84.90;121.20;98.70;106.50;107.70;114.60;92.10;69.90;116.10;204.60;105.90;124.50;111.00;14.10;207.60;0.30;7.80;45.90;0.60;39.60;94.80;97.20;43.80;143.10;85.50;43.50;;
1974-12-01;48.36;62.31;26.66;24.49;15.19;30.07;47.12;32.24;128.34;99.51;51.46;110.36;22.94;43.71;89.28;45.26;51.46;43.40;3.72;122.76;0.00;0.00;131.13;4.34;53.94;93.00;25.73;45.26;92.69;51.15;32.86;;
1975-01-01;62.00;117.49;79.98;67.89;38.13;59.21;74.71;57.97;75.33;66.03;72.54;96.41;69.44;97.65;135.16;64.79;96.41;79.05;14.26;143.22;0.00;0.93;123.69;1.86;63.55;79.98;24.80;27.28;44.02;38.13;60.76;;
1975-02-01;11.20;19.04;20.16;35.00;62.44;22.40;29.40;19.04;24.36;16.52;11.76;150.92;33.04;53.48;40.32;147.28;20.44;17.36;57.40;27.72;0.00;3.36;92.96;45.36;63.00;115.08;166.04;31.08;128.80;40.88;27.72;;
1975-03-01;92.38;97.96;77.50;78.43;58.90;116.25;100.44;113.46;77.50;93.00;89.59;123.07;74.40;104.78;165.85;186.93;104.16;117.49;40.30;151.28;0.00;4.34;85.87;0.62;101.37;76.88;74.71;59.21;37.51;34.72;7.75;;
1975-04-01;68.70;46.50;48.60;65.70;18.30;53.10;57.30;66.00;77.10;76.20;66.00;92.40;65.70;44.40;119.40;94.50;73.80;68.70;20.70;128.10;0.00;1.80;77.10;0.00;137.40;76.50;139.50;31.20;155.10;35.10;20.40;;
1975-05-01;96.41;53.32;100.75;75.95;56.42;104.47;114.08;108.50;78.12;69.44;94.24;87.11;57.66;135.16;169.26;33.79;54.56;96.72;77.19;180.73;0.00;98.27;79.05;0.31;90.83;72.23;10.23;40.92;184.14;48.67;177.63;;
1975-06-01;43.50;22.80;16.80;33.90;32.70;94.80;111.30;86.70;129.00;78.00;47.70;103.20;27.90;126.90;161.10;42.30;58.80;24.60;87.00;205.50;0.30;138.90;129.00;0.00;151.80;51.30;228.30;29.10;118.80;46.20;156.60;;
1975-07-01;55.18;39.37;46.19;20.77;3.41;63.86;79.67;55.49;68.82;59.21;58.59;63.55;31.31;63.86;92.69;3.72;101.37;66.65;10.54;91.76;109.43;168.02;142.60;0.31;140.12;63.86;67.27;58.28;207.39;76.26;156.86;;
1975-08-01;58.90;62.00;30.07;59.21;35.34;65.72;146.01;127.10;107.88;81.22;67.27;132.37;44.95;114.08;152.52;65.72;62.31;59.52;120.28;150.97;127.10;109.74;53.32;0.62;73.16;48.98;30.07;23.56;178.25;70.37;159.34;;
1975-09-01;120.30;102.60;92.40;91.20;159.00;56.70;176.10;120.30;123.90;119.40;111.00;128.10;77.70;175.80;168.90;22.20;93.30;104.70;53.10;233.10;109.80;143.70;137.10;0.30;111.60;37.20;82.50;65.70;195.90;36.90;161.10;;
1975-10-01;27.59;44.33;26.97;29.76;36.58;22.32;45.88;42.78;32.86;36.58;27.28;100.13;25.11;31.62;74.09;105.09;20.15;25.11;8.99;68.20;10.85;149.42;99.51;0.62;258.85;54.87;59.52;31.62;116.87;33.17;60.76;;
1975-11-01;83.10;96.90;81.00;70.20;99.60;131.10;128.10;101.40;107.70;93.90;81.00;198.30;77.70;91.20;178.50;180.30;108.60;96.00;47.10;180.30;0.00;36.00;120.60;0.30;256.20;124.20;43.80;68.40;268.50;34.20;3.30;;
1975-12-01;20.46;48.36;19.22;27.28;86.18;27.28;66.65;52.39;39.06;37.51;20.15;211.11;28.52;63.86;71.92;66.65;30.07;23.87;75.64;56.11;0.00;3.72;89.59;4.96;69.44;131.44;33.17;23.56;72.23;66.96;3.72;;
1976-01-01;21.39;56.11;22.32;17.67;36.27;34.10;47.43;39.37;104.16;65.41;21.70;164.30;15.81;56.73;53.32;62.00;37.51;35.65;6.20;51.77;1.24;0.00;125.86;2.17;9.92;148.18;201.81;43.09;13.95;38.13;29.45;;
1976-02-01;45.53;39.73;52.49;54.81;79.75;44.95;67.57;56.55;37.70;54.52;45.24;177.19;49.01;75.98;103.53;113.39;34.22;38.57;67.86;82.36;0.58;0.00;75.69;0.58;110.20;67.57;122.96;68.44;13.05;20.01;26.10;;
1976-03-01;30.69;72.85;42.47;40.61;44.33;64.48;31.00;28.52;26.35;23.56;29.14;200.26;34.72;29.76;72.54;89.59;22.94;43.09;37.20;65.41;0.93;1.86;64.17;1.86;135.47;90.83;197.78;70.06;48.05;51.77;68.82;;
1976-04-01;30.90;8.70;16.20;57.60;105.00;81.90;41.10;83.10;58.20;50.70;30.90;105.00;47.70;89.40;99.00;101.70;10.80;18.60;89.70;85.80;2.70;23.40;51.00;1.50;85.20;63.60;58.20;36.00;195.30;72.90;114.60;;
1976-05-01;19.53;26.35;16.43;45.57;34.72;87.73;41.85;93.62;45.88;38.13;21.08;100.13;37.20;66.65;64.48;37.20;26.35;25.11;44.33;99.20;0.00;49.29;94.55;0.00;200.88;128.34;44.64;29.76;175.77;122.45;106.33;;
1976-06-01;9.00;4.50;6.30;15.60;16.50;12.00;5.70;7.20;38.70;21.90;9.30;144.90;11.70;24.00;43.20;85.20;8.10;10.50;18.60;36.00;0.30;21.60;62.40;1.50;183.00;123.00;133.20;23.40;186.90;104.40;39.60;;
1976-07-01;57.66;44.95;37.51;66.65;30.69;79.67;76.26;91.14;91.45;76.26;53.01;88.35;63.55;115.32;185.38;30.38;40.30;31.31;30.07;204.91;1.86;58.90;65.72;0.00;172.36;78.43;93.00;44.64;182.28;90.83;190.96;;
1976-08-01;5.89;13.33;26.97;77.19;46.50;83.08;139.50;124.62;39.37;19.84;5.89;210.18;70.06;170.50;135.78;39.99;11.16;14.26;67.27;122.14;112.53;58.28;152.52;0.31;190.03;83.08;47.74;145.08;122.45;58.59;143.53;;
1976-09-01;79.20;111.90;98.70;98.10;91.20;48.90;147.60;149.40;101.10;98.70;90.30;50.10;103.80;135.90;152.70;91.80;94.50;111.00;36.60;156.90;101.10;64.80;75.60;0.30;199.20;79.80;89.40;39.90;144.00;30.60;83.10;;
1976-10-01;63.24;179.18;103.54;93.00;316.20;144.46;137.02;174.53;61.69;60.76;71.30;79.05;103.23;229.40;156.86;211.73;69.13;95.79;97.34;164.61;15.50;103.85;153.45;1.55;186.62;70.99;239.32;61.38;262.26;73.16;178.56;;
1976-11-01;73.50;152.40;111.90;110.70;104.70;68.10;114.60;96.90;81.90;80.10;79.50;132.90;116.70;164.40;144.60;158.70;78.90;76.80;24.60;126.30;3.90;129.90;13.50;0.90;60.00;75.90;51.00;78.60;154.80;35.40;32.10;;
1976-12-01;71.61;82.46;66.65;115.94;74.09;72.23;75.33;88.66;82.46;80.60;70.99;64.79;111.60;95.48;171.74;190.96;47.43;55.80;60.76;197.47;0.93;1.86;53.94;0.93;37.51;91.14;21.39;39.99;143.53;83.39;44.02;;
1977-01-01;51.77;104.78;72.85;88.04;145.39;65.72;115.01;93.00;88.66;90.83;53.94;75.95;91.76;121.52;150.97;198.71;64.79;68.51;97.34;170.50;0.00;0.00;57.04;2.79;31.93;94.55;38.13;28.52;66.96;30.69;22.32;;
1977-02-01;91.84;169.96;147.28;137.20;37.24;59.08;131.32;86.80;130.20;138.88;86.52;10.92;139.44;85.12;196.56;151.48;71.68;84.28;12.04;255.36;0.00;1.12;48.16;0.56;26.32;68.32;116.48;9.52;114.52;75.04;16.24;;
1977-03-01;68.82;107.88;61.07;68.20;72.23;59.83;99.82;87.11;62.62;66.96;64.17;68.20;68.51;90.52;129.27;55.49;72.85;62.62;39.68;111.91;0.00;4.34;145.08;1.55;193.13;67.89;118.11;10.23;57.66;33.17;9.92;;
1977-04-01;60.30;62.40;41.10;43.80;22.50;61.20;83.40;69.90;81.30;69.90;59.70;109.80;39.30;69.90;153.90;34.50;58.80;62.40;50.10;202.50;0.00;18.00;97.20;3.30;130.20;44.70;32.70;29.70;81.90;45.00;52.50;;
1977-05-01;84.01;59.52;75.64;137.64;140.43;128.65;155.00;142.60;63.55;69.75;86.18;71.30;136.71;218.24;209.56;85.87;84.63;92.69;252.96;228.47;0.00;114.70;41.85;0.00;128.34;53.32;176.70;35.03;150.97;70.37;34.10;;
1977-06-01;80.40;68.10;59.10;96.90;39.00;83.40;108.60;112.80;107.40;90.90;75.60;93.90;93.00;111.60;163.80;63.90;86.40;51.90;87.90;217.50;0.00;56.10;111.00;0.00;180.00;72.00;70.20;32.10;129.60;66.60;91.50;;
1977-07-01;76.26;54.25;68.82;101.37;65.72;152.52;194.99;148.49;71.30;89.59;74.71;107.26;85.25;159.34;218.55;45.26;57.97;51.77;66.96;230.33;0.62;115.63;97.03;0.31;102.30;48.98;8.99;42.47;209.56;75.95;69.75;;
1977-08-01;56.42;56.42;63.55;82.15;105.09;56.42;129.89;119.04;104.16;118.11;47.12;81.84;81.53;116.87;138.26;86.49;47.74;60.14;34.72;154.07;64.79;58.59;91.76;0.62;343.48;46.81;27.90;52.08;146.32;48.05;112.84;;
1977-09-01;24.60;40.50;11.10;8.70;12.60;7.80;18.00;18.00;38.10;22.50;25.80;92.70;4.50;15.60;24.90;74.40;19.50;27.00;17.70;33.00;72.30;105.60;177.30;0.30;218.40;50.70;90.90;36.30;120.30;66.60;90.00;;
1977-10-01;62.62;54.87;58.90;72.23;125.55;36.89;106.02;84.01;60.76;55.80;62.31;79.98;71.30;159.96;137.02;88.66;51.46;33.79;63.86;154.69;0.00;148.80;132.06;0.31;57.66;66.96;18.91;78.43;99.82;41.54;74.09;;
1977-11-01;71.10;102.60;43.50;33.60;47.70;61.50;78.30;58.80;126.60;109.80;71.40;88.20;36.00;58.80;161.40;98.70;105.60;109.50;24.00;188.40;0.30;66.00;160.20;5.40;121.80;65.40;19.20;42.30;189.90;120.60;65.40;;
1977-12-01;56.11;119.66;75.02;73.78;101.06;38.13;87.73;67.89;76.26;79.98;62.93;156.86;71.92;90.21;99.82;105.09;65.41;49.91;58.59;115.94;0.31;0.62;137.64;9.92;41.23;92.38;37.82;59.21;91.76;53.01;27.28;;
1978-01-01;81.22;157.48;111.60;104.16;175.46;117.49;80.91;94.55;62.62;70.68;81.22;126.48;106.02;121.83;199.95;183.21;65.72;93.93;51.77;187.86;1.24;0.00;197.16;9.92;40.30;115.32;210.49;25.11;91.76;22.32;21.08;;
1978-02-01;92.40;136.64;100.52;115.92;100.52;135.24;105.28;89.60;95.48;107.80;90.44;45.36;112.56;113.68;218.68;182.28;36.68;109.20;82.04;220.92;0.00;16.80;52.92;0.28;26.32;47.88;16.80;17.08;50.40;27.44;30.24;;
1978-03-01;106.33;141.05;83.70;112.84;61.69;111.91;103.23;98.89;117.80;122.14;110.98;101.68;107.88;115.94;235.60;122.14;76.88;110.05;58.28;230.64;0.00;1.55;107.57;1.86;92.69;123.07;246.14;52.08;85.87;46.50;48.05;;
1978-04-01;77.70;69.60;60.00;70.20;79.80;137.40;85.80;90.60;60.60;69.60;70.80;65.40;64.80;121.80;140.10;151.20;65.40;82.80;99.00;118.50;0.30;40.20;35.40;0.60;148.80;132.30;62.40;37.20;144.30;26.70;46.80;;
1978-05-01;65.72;33.17;59.21;63.86;98.27;105.40;112.22;129.58;188.17;118.11;70.06;129.89;46.50;146.94;190.03;89.90;57.66;70.37;47.12;188.17;0.00;98.27;187.24;0.00;126.17;51.77;183.21;30.69;124.31;72.54;35.65;;
1978-06-01;90.90;53.40;39.00;57.60;25.20;96.60;72.00;62.10;91.80;81.90;104.10;63.30;83.40;69.30;156.30;33.30;94.20;84.60;36.30;201.30;5.10;169.50;69.30;0.30;138.90;93.30;196.20;24.60;120.90;103.50;193.50;;
1978-07-01;84.94;58.59;35.96;55.49;4.96;31.31;88.97;82.46;115.63;77.81;95.48;44.95;46.81;90.21;132.68;8.99;86.18;91.45;29.45;192.51;38.13;170.50;74.09;0.00;57.97;71.61;23.56;34.72;132.68;111.29;119.04;;
1978-08-01;26.66;26.04;36.27;26.97;25.42;29.14;109.74;48.05;97.34;67.89;28.21;72.54;19.53;73.47;175.46;21.08;46.19;62.00;39.99;176.70;95.17;93.93;174.84;0.62;22.94;62.93;66.34;47.12;178.25;63.86;122.45;;
1978-09-01;27.60;23.40;21.30;29.10;20.40;50.70;30.90;29.70;62.40;60.90;30.30;63.60;30.00;30.90;53.40;23.40;36.00;34.80;19.50;80.10;121.80;81.30;63.60;0.00;156.30;40.50;71.10;40.80;148.20;93.30;180.90;;
1978-10-01;18.91;10.85;5.58;7.44;24.80;28.52;34.72;42.47;47.12;22.63;15.81;168.64;4.96;33.48;44.95;87.11;16.74;21.39;19.22;41.23;35.03;118.11;48.36;1.24;227.23;68.82;106.33;47.43;238.70;65.41;98.89;;
1978-11-01;15.00;36.00;28.50;7.20;9.30;14.70;15.00;24.90;20.10;19.20;12.90;179.40;5.40;17.70;24.30;36.90;20.40;26.40;16.80;21.30;2.10;61.50;50.40;1.20;78.90;105.30;85.50;69.60;168.30;64.50;29.70;;
1978-12-01;124.31;218.86;177.94;127.41;85.25;58.59;81.22;121.52;119.66;148.18;124.31;64.79;135.78;139.81;146.01;210.80;98.89;113.46;68.20;220.72;0.31;45.57;133.30;11.16;41.23;99.82;80.29;46.50;127.41;28.83;29.45;;
1979-01-01;40.92;99.51;71.30;122.45;104.78;93.00;120.59;86.49;76.57;57.04;34.10;57.97;122.76;94.24;174.84;239.94;48.36;67.58;196.23;179.80;10.54;0.31;210.18;1.86;102.30;114.70;27.59;28.52;81.53;70.68;1.55;;
1979-02-01;98.84;147.28;114.52;93.52;73.36;99.40;108.64;83.16;97.16;97.16;94.92;120.40;84.56;87.64;128.52;173.32;54.32;107.52;26.88;137.76;0.00;21.84;91.56;3.08;96.88;86.80;14.84;44.52;110.88;21.56;62.16;;
1979-03-01;118.11;115.32;124.00;116.87;53.01;84.32;125.55;106.33;117.49;132.37;116.87;33.79;117.18;113.46;207.08;161.82;117.18;101.37;42.16;224.75;0.93;0.00;116.87;0.62;65.10;88.66;212.35;44.95;65.72;64.17;22.01;;
1979-04-01;65.10;83.40;63.00;92.40;31.50;122.40;71.10;95.70;87.30;98.10;66.30;52.80;86.70;87.00;119.10;121.50;63.30;68.70;75.00;120.90;0.00;34.20;114.00;0.00;154.50;71.10;48.30;19.20;222.90;22.50;61.20;;
1979-05-01;95.79;95.48;107.26;133.30;12.71;104.47;100.44;158.10;97.96;114.70;91.14;51.15;127.10;96.10;99.82;15.81;104.47;106.02;37.51;130.82;0.00;62.62;150.04;0.31;133.30;78.12;132.37;34.10;103.85;33.48;73.47;;
1979-06-01;57.60;27.30;37.50;48.00;10.20;55.80;111.90;119.70;81.00;83.70;59.10;114.90;39.00;122.10;157.50;41.70;62.70;63.30;16.50;173.40;7.80;103.20;45.90;0.60;97.50;48.00;70.50;35.40;256.20;27.30;71.10;;
1979-07-01;34.41;17.05;44.64;69.13;2.48;40.30;56.42;46.81;92.69;61.38;37.20;87.42;47.74;58.90;112.84;4.03;30.69;22.32;6.51;122.45;25.11;91.76;99.51;0.31;130.51;71.61;32.24;33.79;201.81;147.87;100.75;;
1979-08-01;53.94;63.24;26.35;49.60;7.13;64.17;104.47;149.11;89.90;134.54;57.97;71.61;41.54;130.20;169.26;33.48;75.64;73.78;48.36;191.89;41.23;109.12;148.80;0.31;190.65;47.12;12.71;28.52;137.02;64.79;107.57;;
1979-09-01;30.60;17.70;14.70;51.90;82.50;70.80;42.90;51.30;50.70;36.30;24.30;161.70;52.50;33.30;61.20;54.30;12.90;30.60;18.90;57.90;69.30;173.70;137.10;0.30;201.60;43.20;38.40;48.90;240.00;125.40;146.70;;
1979-10-01;91.45;72.54;99.51;67.27;303.80;116.56;185.07;175.15;56.11;66.03;87.42;136.40;82.77;241.49;152.21;107.88;57.97;87.73;165.54;84.63;12.71;87.73;105.71;0.31;270.94;78.12;34.41;67.27;226.61;32.86;8.99;;
1979-11-01;62.40;90.00;23.10;64.50;18.00;72.90;63.30;52.80;132.60;105.90;68.40;130.20;66.30;40.20;134.10;100.50;71.10;68.10;18.00;168.30;0.30;130.50;91.20;0.60;272.40;52.80;63.00;47.70;261.00;60.30;13.50;;
1979-12-01;101.68;167.09;115.32;93.62;74.09;73.47;102.61;132.06;94.55;129.89;110.98;84.63;92.69;113.15;235.60;156.55;108.50;106.02;24.49;256.68;1.55;6.51;58.90;7.13;53.32;96.41;16.43;33.48;70.37;65.41;44.02;;
1980-01-01;42.47;102.30;91.76;81.84;44.02;85.25;57.35;66.03;82.15;79.36;41.23;97.03;73.78;42.78;104.78;115.01;44.02;40.61;99.51;155.31;0.00;0.00;39.06;1.86;103.54;122.76;99.51;42.16;78.43;32.24;67.58;;
1980-02-01;60.32;67.28;46.40;31.61;3.77;54.52;67.28;86.13;75.40;75.69;64.09;153.99;29.00;42.92;112.81;44.08;63.22;73.08;42.34;144.71;15.08;0.00;29.29;8.70;29.58;98.89;31.61;59.16;56.84;33.06;22.62;;
1980-03-01;110.05;158.41;132.06;78.12;64.48;102.92;124.31;82.77;74.71;78.74;105.40;86.49;85.25;100.13;185.69;142.60;78.74;92.07;56.73;183.52;0.62;13.64;170.81;4.34;152.21;79.98;37.20;23.56;95.79;17.98;13.95;;
1980-04-01;28.80;21.30;21.90;25.80;37.20;69.90;71.10;85.20;79.20;47.10;27.60;205.50;24.30;93.60;99.60;58.20;37.50;24.60;69.00;80.70;0.00;62.10;183.30;1.20;155.10;45.30;35.70;46.20;179.10;37.20;71.70;;
1980-05-01;70.99;50.84;52.70;103.54;59.83;136.71;96.41;125.86;81.22;64.48;74.71;70.37;81.53;113.15;192.20;142.29;54.56;64.48;76.57;154.07;0.31;150.66;48.05;0.31;155.00;46.81;169.57;15.50;167.09;105.40;147.25;;
1980-06-01;84.30;90.30;97.50;78.60;24.00;57.90;78.00;76.50;140.40;128.40;86.10;33.60;74.40;56.70;159.60;26.70;92.40;104.40;54.60;230.10;0.30;135.30;81.90;0.00;107.10;64.80;72.90;18.30;180.60;102.90;111.60;;
1980-07-01;110.36;53.94;90.52;51.15;17.98;78.12;107.26;74.71;150.35;123.69;118.11;59.21;42.16;97.03;215.45;8.06;148.18;140.12;40.61;274.04;12.09;130.82;59.21;0.31;163.99;50.53;38.13;29.76;117.49;155.00;101.06;;
1980-08-01;65.72;37.82;18.29;36.58;41.23;124.93;110.67;108.19;122.76;98.58;67.27;130.82;30.69;109.43;124.93;25.73;49.60;56.11;75.64;139.81;101.68;84.32;54.25;0.31;182.28;79.36;8.06;105.71;215.14;139.19;212.66;;
1980-09-01;37.80;50.70;44.70;74.70;21.90;50.70;71.10;52.20;47.10;44.40;45.90;93.30;77.10;80.40;88.80;4.20;36.60;42.90;57.00;77.70;148.80;161.40;30.00;0.30;195.90;94.20;1.50;87.00;175.80;76.20;160.80;;
1980-10-01;65.72;98.89;70.99;115.94;43.09;126.48;130.82;109.74;81.53;89.28;66.34;119.04;118.42;128.65;219.79;213.59;80.91;83.70;38.13;207.39;8.37;135.78;97.34;0.31;172.05;73.47;22.01;63.24;243.04;47.74;122.76;;
1980-11-01;54.60;89.40;56.40;37.80;99.90;62.40;77.40;110.40;51.30;64.50;56.10;75.90;39.30;93.90;107.40;229.50;41.10;63.30;110.70;97.80;1.20;67.50;59.70;0.60;107.10;117.00;39.00;40.50;247.20;42.90;40.50;;
1980-12-01;73.78;83.70;44.33;50.84;26.97;83.08;73.47;79.67;79.67;79.67;76.57;147.87;53.32;61.69;142.60;98.89;64.48;79.05;34.10;151.59;0.93;31.00;22.94;2.17;64.79;87.11;42.47;20.77;204.60;60.14;12.40;;
1981-01-01;73.47;56.73;34.72;52.70;50.84;110.67;99.20;116.25;112.84;101.06;65.41;153.76;49.91;85.56;214.52;97.96;70.99;74.71;120.28;223.82;3.10;9.61;14.57;0.93;9.92;111.91;46.81;27.59;33.79;59.83;24.18;;
1981-02-01;43.40;58.52;54.88;57.40;39.76;56.00;38.36;39.48;49.84;54.60;43.12;143.64;48.16;46.20;68.04;59.36;29.40;51.52;25.76;78.40;0.00;0.00;119.28;1.68;49.00;88.76;124.04;82.60;71.68;29.96;61.04;;
1981-03-01;82.77;162.44;97.34;112.22;94.24;94.55;110.05;108.50;94.55;110.67;85.25;102.92;104.78;108.81;176.39;64.79;109.74;93.00;47.12;202.43;0.00;43.40;41.54;2.17;105.40;130.20;23.56;23.56;118.11;43.71;36.58;;
1981-04-01;61.80;44.40;30.90;51.60;66.90;79.20;38.40;57.90;38.70;45.60;56.40;131.40;51.30;60.60;65.40;73.20;42.60;64.20;103.80;55.80;0.00;26.40;69.90;1.80;127.20;66.30;119.10;27.00;195.90;50.10;152.40;;
1981-05-01;134.85;155.00;210.80;109.43;49.91;88.35;177.94;177.63;91.14;75.95;144.15;69.44;109.12;180.42;225.37;94.55;132.99;146.63;46.50;248.62;0.62;213.90;110.05;0.00;179.18;71.30;157.79;35.96;220.10;44.33;157.17;;
1981-06-01;89.40;36.00;27.60;44.70;28.80;51.30;126.60;163.50;124.20;117.30;88.50;73.50;47.40;139.20;141.90;33.00;88.20;46.80;42.60;118.20;0.30;83.40;70.20;0.30;154.20;34.50;38.70;51.60;86.10;65.40;245.10;;
1981-07-01;87.11;39.37;33.48;68.20;39.99;104.47;125.24;99.20;135.78;95.48;68.20;45.57;75.33;86.18;209.56;23.56;58.90;60.14;37.82;223.20;36.58;138.57;97.65;0.00;111.91;88.04;39.37;41.23;181.97;19.84;190.03;;
1981-08-01;49.91;39.37;55.80;41.54;4.34;60.45;66.34;94.24;106.64;88.66;40.61;145.70;39.37;49.29;72.54;6.82;46.81;27.90;7.13;82.15;111.91;137.33;61.69;0.31;168.33;84.01;16.43;63.86;53.94;100.13;152.52;;
1981-09-01;50.10;147.90;84.90;73.20;57.90;54.00;171.30;135.30;81.30;127.80;56.70;60.90;76.80;151.80;203.40;51.30;67.50;87.00;67.80;179.10;96.90;187.50;117.90;0.90;151.20;63.90;9.00;81.00;262.80;122.40;139.50;;
1981-10-01;151.59;131.75;100.75;106.95;44.02;93.00;123.38;91.45;169.26;159.65;159.65;38.44;117.18;104.47;207.70;129.27;118.73;125.86;27.90;256.99;0.00;159.03;91.76;0.62;205.53;84.94;151.59;11.47;232.19;77.50;141.36;;
1981-11-01;34.80;34.20;16.50;9.00;3.30;31.80;32.70;22.50;83.10;61.20;33.00;102.30;9.30;22.20;58.20;16.80;65.70;37.50;4.80;84.30;0.30;65.10;41.40;2.40;88.80;66.90;122.70;58.80;194.10;56.10;17.70;;
1981-12-01;127.10;203.36;137.33;218.86;125.86;190.96;173.91;165.23;171.74;161.51;124.93;67.58;211.42;186.00;365.49;224.13;90.83;137.02;52.70;404.86;0.00;17.98;107.88;0.00;7.44;98.58;66.65;22.94;151.90;114.39;26.97;;
1982-01-01;75.64;128.34;84.01;62.00;18.29;56.42;88.66;98.89;123.07;96.72;62.93;105.09;60.14;59.83;97.03;69.44;62.31;64.48;188.17;143.53;0.00;0.00;94.24;2.17;77.81;103.85;104.47;21.70;93.00;65.10;1.24;;
1982-02-01;22.96;75.88;36.68;59.92;37.80;102.48;19.32;33.04;18.20;16.24;20.72;177.80;63.56;38.08;24.64;62.72;14.00;26.60;175.56;39.20;0.00;0.00;70.84;7.28;65.24;83.44;29.40;29.12;45.36;12.88;59.64;;
1982-03-01;59.21;100.75;71.92;63.86;21.70;87.11;69.75;90.21;94.24;109.12;55.18;137.95;63.24;66.03;129.89;66.03;61.38;73.47;70.99;161.51;0.00;0.31;57.66;3.41;64.17;93.00;127.41;29.14;115.01;17.98;75.33;;
1982-04-01;21.00;34.80;6.90;7.50;33.90;29.10;26.40;27.00;37.80;27.90;22.80;133.20;11.40;32.40;36.30;92.10;36.60;12.60;22.80;38.10;0.30;17.40;110.40;2.70;136.20;93.90;35.70;50.40;193.80;68.40;75.30;;
1982-05-01;81.22;50.84;44.64;71.30;7.13;66.34;61.69;94.24;89.28;58.90;97.65;128.34;60.45;68.20;119.04;19.84;72.23;82.77;20.77;123.07;0.00;114.70;47.12;1.86;112.22;55.49;23.87;15.50;222.58;76.26;157.17;;
1982-06-01;77.40;88.80;125.70;75.90;14.10;83.40;124.50;78.60;97.80;93.90;72.00;88.80;66.60;86.40;211.50;13.50;113.10;99.00;64.80;266.40;0.00;116.70;121.20;0.00;132.00;32.40;73.50;19.20;103.80;104.70;51.30;;
1982-07-01;31.93;89.28;84.94;67.89;26.97;73.47;75.64;116.87;95.17;54.56;34.72;135.47;69.44;115.01;91.76;3.41;45.57;71.92;22.32;137.33;11.78;107.57;98.27;0.00;193.44;54.87;49.60;35.65;65.10;119.35;81.22;;
1982-08-01;42.47;50.53;35.03;48.05;8.68;116.87;167.09;110.36;116.25;73.16;45.88;91.76;58.28;84.63;186.00;19.22;71.30;46.81;56.11;313.10;105.09;68.20;65.41;0.31;145.08;33.79;17.36;50.84;84.32;107.57;57.04;;
1982-09-01;82.50;76.50;48.30;56.70;57.00;51.60;108.60;92.70;53.10;71.70;83.70;98.40;60.60;86.40;121.20;23.70;91.50;50.40;18.30;105.00;53.10;114.30;62.40;0.30;309.00;47.40;150.00;21.90;87.30;58.80;50.40;;
1982-10-01;129.27;139.50;147.87;160.27;92.38;112.22;115.01;97.34;120.28;125.55;120.59;74.40;156.24;126.48;201.81;142.60;116.87;127.10;77.19;220.41;8.68;63.24;48.98;0.31;143.84;88.04;45.88;34.72;190.03;61.69;75.02;;
1982-11-01;57.00;152.40;102.00;72.90;198.60;72.30;192.30;78.30;89.40;86.70;59.40;96.30;85.80;240.30;190.20;126.30;60.90;84.60;76.50;147.90;0.00;78.90;76.50;4.20;151.20;116.40;12.00;53.10;154.80;61.50;15.90;;
1982-12-01;96.10;161.20;123.38;121.21;35.96;109.12;118.42;97.03;165.54;154.69;91.14;129.89;156.24;81.84;192.51;226.61;73.16;96.10;27.90;263.50;1.55;2.17;48.05;1.24;24.49;124.00;23.87;46.19;313.41;68.51;10.85;;
1983-01-01;55.49;76.26;33.79;13.95;2.48;17.36;39.37;35.03;94.86;89.28;50.22;209.56;17.36;28.21;118.42;29.14;61.38;40.61;0.62;148.80;0.00;0.00;87.73;8.99;31.62;121.83;31.31;38.75;162.13;55.80;40.61;;
1983-02-01;58.52;78.96;48.44;64.12;66.08;106.12;81.76;75.60;63.00;60.48;51.80;136.08;64.68;77.56;120.96;143.08;38.64;61.88;103.04;131.04;0.84;0.56;108.92;3.36;64.68;104.44;38.08;43.96;59.64;52.64;8.96;;
1983-03-01;58.28;65.72;43.09;49.29;68.20;61.07;96.72;51.15;76.26;81.53;57.04;156.55;46.81;77.50;121.83;98.27;62.00;57.04;22.63;109.12;0.00;0.93;159.65;6.51;135.78;100.44;124.31;58.59;36.27;29.76;31.00;;
1983-04-01;128.40;114.00;166.20;116.10;41.40;80.70;209.70;179.40;175.20;190.80;113.10;60.60;122.40;199.80;245.10;96.90;114.60;107.10;36.00;250.50;0.00;3.60;237.60;0.30;147.30;59.70;117.00;31.20;79.80;92.40;0.30;;
1983-05-01;95.17;123.38;127.10;113.15;71.30;80.29;238.39;160.89;246.76;225.06;105.09;26.66;116.56;167.09;266.29;41.85;89.90;122.76;29.76;267.53;0.31;142.60;171.43;0.31;120.59;48.98;104.16;31.00;237.46;26.35;66.96;;
1983-06-01;93.30;31.80;56.70;52.20;23.10;47.40;58.50;93.60;68.10;66.60;84.60;129.00;51.90;84.60;124.20;40.50;73.20;63.60;22.20;146.40;0.30;121.80;64.80;0.30;192.90;63.60;68.10;42.00;173.40;104.10;54.60;;
1983-07-01;46.19;36.89;98.58;182.90;1.55;37.82;33.48;87.11;35.96;31.62;43.40;101.99;150.66;27.90;55.18;18.91;37.51;65.10;2.79;63.55;2.79;168.95;48.05;0.31;151.28;68.20;35.96;44.64;274.97;106.02;163.68;;
1983-08-01;39.68;30.38;64.79;130.82;89.59;106.33;106.64;123.38;38.44;39.99;36.27;116.25;107.26;149.73;175.15;50.22;28.83;46.81;44.02;194.68;59.83;279.31;114.39;0.31;143.53;49.91;41.54;52.08;151.28;55.80;149.42;;
1983-09-01;51.60;82.20;58.50;47.70;15.30;26.10;87.60;68.40;70.50;104.10;55.20;47.40;37.50;69.90;123.00;29.10;52.50;81.30;18.60;158.40;52.20;151.20;46.20;0.30;240.00;48.90;34.80;72.00;154.50;43.20;170.40;;
1983-10-01;24.80;81.22;34.10;38.75;73.16;52.08;63.24;75.95;70.37;55.80;28.21;166.47;31.93;84.63;74.40;41.23;37.51;47.12;28.52;78.74;0.93;84.32;120.90;0.31;139.81;67.27;96.41;22.01;131.44;90.52;51.77;;
1983-11-01;29.70;47.40;45.00;47.40;19.20;49.50;35.10;34.20;60.60;52.20;33.60;88.20;49.80;24.90;111.30;75.60;44.40;27.60;172.50;136.20;0.00;17.70;177.60;0.60;57.60;96.90;39.30;18.30;171.90;90.30;37.50;;
1983-12-01;33.79;92.07;58.59;71.61;98.89;59.52;65.41;40.61;49.60;42.78;43.40;150.35;84.32;92.38;133.30;198.09;43.40;40.61;17.67;114.39;0.62;60.45;160.58;1.55;22.32;85.56;90.52;12.40;283.03;48.05;11.47;;
1984-01-01;113.77;157.79;119.66;151.90;50.84;111.29;106.33;89.28;143.22;150.66;125.55;114.39;152.52;95.79;237.46;174.53;116.25;132.37;21.70;267.53;0.00;14.57;49.91;2.48;51.15;162.75;181.66;45.88;228.47;35.03;14.26;;
1984-02-01;48.43;70.18;38.28;48.43;60.32;80.62;61.77;64.09;95.12;84.39;50.17;196.04;42.34;65.25;146.45;91.93;54.81;45.24;31.32;165.30;0.00;38.57;144.42;0.29;73.95;81.20;100.92;79.46;273.47;8.41;33.93;;
1984-03-01;44.95;96.72;90.83;82.46;56.73;61.07;78.43;68.82;49.29;46.50;48.98;115.94;73.16;98.27;116.87;103.54;67.89;69.44;105.40;108.81;0.31;77.19;146.94;1.55;88.66;62.00;140.43;48.67;245.21;38.75;37.82;;
1984-04-01;25.50;6.90;4.20;15.60;18.00;45.00;24.60;24.00;51.90;54.90;27.60;132.00;10.80;20.40;65.40;47.70;37.50;22.50;38.40;65.40;0.00;42.90;177.90;0.00;71.40;124.50;91.80;46.20;239.10;18.60;7.80;;
1984-05-01;130.82;88.04;148.18;125.24;104.16;108.19;121.83;145.39;151.59;132.68;113.46;109.43;115.94;169.57;211.11;178.87;111.60;105.09;113.46;231.88;0.00;46.81;206.15;0.00;76.57;65.10;147.25;35.34;274.35;24.80;98.89;;
1984-06-01;49.20;24.30;26.40;56.10;28.80;63.30;93.00;87.60;76.20;74.70;44.40;97.20;52.80;90.00;139.20;70.80;43.20;27.90;20.70;123.00;1.20;94.80;97.20;0.00;205.50;56.70;52.20;32.10;226.20;126.00;172.20;;
1984-07-01;70.37;25.42;39.99;34.10;0.00;22.94;44.02;72.54;65.10;47.12;59.21;111.60;31.00;37.51;47.12;4.03;90.83;55.49;8.99;94.86;26.04;190.96;135.47;0.00;93.62;37.51;105.09;37.82;266.60;136.09;237.77;;
1984-08-01;46.50;54.87;48.98;65.72;40.61;115.63;102.30;137.95;69.13;49.60;48.98;125.24;64.17;130.51;99.20;53.01;49.29;34.10;56.42;126.79;5.89;25.42;38.13;0.31;14.88;61.38;21.70;40.30;189.41;60.45;161.20;;
1984-09-01;105.00;60.60;61.80;87.60;49.80;106.80;135.00;122.40;140.10;134.10;104.40;99.30;73.20;81.90;248.10;71.40;98.70;126.00;66.90;258.00;30.00;181.80;60.30;0.30;117.90;42.30;37.80;48.00;243.90;130.20;276.00;;
1984-10-01;94.24;95.48;86.80;98.27;75.95;57.35;112.84;65.10;64.48;84.01;90.21;85.25;116.56;121.83;124.31;90.52;86.80;64.79;12.40;115.63;31.31;106.33;78.12;0.31;133.61;69.13;35.03;55.80;270.63;57.35;51.46;;
1984-11-01;76.50;157.20;143.40;154.80;119.70;102.90;93.60;106.80;60.00;74.10;76.50;82.20;143.70;126.60;108.00;167.40;74.70;110.10;143.10;120.60;0.00;25.20;62.10;3.30;57.30;77.70;201.90;46.50;270.90;29.10;3.60;;
1984-12-01;58.90;108.81;66.65;59.83;67.89;69.75;59.83;67.58;55.80;46.50;57.97;166.16;63.55;76.26;87.11;72.54;55.49;63.55;27.59;82.46;0.31;21.39;57.66;1.24;77.19;79.98;55.49;80.91;210.18;40.30;22.94;;
1985-01-01;39.06;115.63;72.85;59.52;51.77;48.36;67.27;57.97;84.01;63.55;38.44;127.10;60.14;51.46;128.65;139.81;50.84;57.66;14.26;136.40;2.48;6.51;44.33;6.82;18.29;113.46;12.40;44.33;130.82;72.23;16.12;;
1985-02-01;19.32;67.76;57.12;71.68;56.28;59.08;64.12;55.16;45.64;33.04;19.04;100.80;67.20;38.08;98.00;98.28;17.36;20.44;43.12;130.48;0.00;1.12;56.56;4.20;178.92;83.16;60.20;57.40;134.40;29.40;56.00;;
1985-03-01;76.88;158.10;81.84;86.80;101.06;108.19;115.01;69.75;53.94;78.43;76.57;100.13;80.29;105.71;175.77;142.60;79.67;84.63;34.41;145.08;2.17;16.12;52.08;8.06;161.20;101.06;92.69;52.08;206.46;18.29;54.56;;
1985-04-01;77.70;67.20;61.20;108.90;20.70;69.60;72.00;81.90;80.70;83.70;82.50;86.70;96.60;71.10;119.40;25.50;86.70;77.70;54.30;153.30;0.00;34.50;30.30;3.30;184.20;63.30;180.90;17.70;172.80;51.30;162.90;;
1985-05-01;84.63;33.79;121.83;97.65;75.95;158.72;210.49;128.65;120.90;115.01;79.67;58.28;101.37;146.01;227.23;89.28;103.85;92.69;111.60;236.84;0.00;103.85;148.49;0.00;80.60;49.60;113.77;34.41;223.20;76.26;139.81;;
1985-06-01;78.60;54.30;57.90;73.50;14.70;73.20;103.20;82.20;81.30;93.90;70.20;54.90;81.30;100.50;171.00;5.10;90.90;84.30;33.30;220.50;0.90;112.80;75.30;0.00;438.30;63.90;79.50;17.70;62.40;109.50;224.40;;
1985-07-01;55.18;38.13;68.20;53.32;7.75;49.91;86.18;45.26;73.16;50.53;57.66;66.03;57.97;69.44;67.58;4.65;78.43;51.77;9.92;127.41;48.67;92.07;87.73;0.31;140.74;53.01;75.33;31.31;222.27;101.06;198.71;;
1985-08-01;57.04;80.91;40.30;24.80;18.29;46.19;76.26;58.90;81.53;73.47;62.93;36.89;26.97;53.01;162.44;4.03;54.25;61.69;28.21;164.61;91.76;89.90;69.13;0.62;76.26;74.71;38.44;25.11;204.60;43.40;123.07;;
1985-09-01;21.60;27.00;10.20;2.40;0.00;1.80;13.80;8.70;52.50;34.50;22.20;94.50;3.00;6.30;27.60;17.40;20.70;18.00;3.90;47.40;99.60;72.00;119.70;0.30;135.30;64.50;74.70;57.30;194.10;115.20;64.80;;
1985-10-01;15.81;37.51;17.67;19.84;76.57;42.47;12.71;37.20;20.77;26.35;17.67;202.12;18.60;21.39;9.30;49.29;22.94;31.31;152.21;9.30;6.20;47.12;44.95;0.00;68.82;56.42;167.40;37.51;245.83;62.31;42.47;;
1985-11-01;59.10;77.40;45.60;68.70;51.90;61.80;50.70;56.70;94.80;83.40;65.40;138.30;81.30;41.40;101.40;128.10;52.50;88.80;40.20;142.20;0.00;72.90;149.40;2.10;124.80;86.10;64.50;49.80;304.20;75.60;12.00;;
1985-12-01;35.96;133.30;63.24;91.76;79.36;54.25;70.06;47.43;89.59;66.96;37.51;39.37;84.94;70.37;71.30;60.76;48.67;41.54;23.56;74.40;9.61;11.78;38.75;43.71;43.71;133.30;73.16;24.80;243.66;58.28;43.71;;
1986-01-01;72.23;150.66;121.52;148.49;127.72;133.30;117.49;101.37;133.92;114.08;73.47;105.40;146.94;149.11;288.30;217.62;101.37;93.62;93.00;287.37;0.00;16.12;95.48;0.62;28.83;119.97;115.01;58.59;331.70;72.23;4.96;;
1986-02-01;40.88;62.16;98.56;89.04;89.60;57.12;63.00;45.08;38.64;38.92;33.32;108.36;94.36;67.48;77.56;136.36;9.80;38.08;108.08;75.60;1.12;10.92;91.28;8.96;58.52;110.32;75.04;49.00;72.52;27.44;22.40;;
1986-03-01;76.88;106.95;63.86;56.42;19.53;59.83;62.93;63.86;88.66;97.03;87.73;159.65;60.76;49.91;112.53;114.70;89.90;93.93;91.45;143.84;0.62;1.24;47.12;1.24;170.50;77.19;21.70;95.48;293.57;14.26;3.72;;
1986-04-01;112.80;85.20;88.80;124.80;116.10;100.80;208.80;174.30;153.90;115.20;102.00;91.80;120.30;227.10;246.00;111.00;80.10;77.10;64.50;211.80;0.00;18.30;113.10;5.10;97.80;65.70;90.60;31.20;201.90;72.60;167.70;;
1986-05-01;40.30;81.22;89.59;64.17;8.37;102.92;107.26;170.19;141.05;118.11;39.06;58.59;60.76;115.63;156.86;16.12;45.88;65.72;15.19;171.74;0.62;77.81;45.57;2.17;266.29;69.13;38.75;33.79;237.77;33.79;172.05;;
1986-06-01;68.40;111.00;98.10;20.70;11.70;15.60;56.70;54.30;120.90;90.30;65.70;105.00;25.20;63.30;91.80;58.50;54.90;31.80;8.70;114.00;0.00;76.20;45.00;0.00;182.70;54.30;31.50;34.50;149.70;113.40;264.00;;
1986-07-01;33.17;32.86;18.60;10.23;2.79;57.35;75.33;81.53;92.69;66.34;30.38;57.35;6.82;70.68;81.84;68.20;33.48;52.08;8.06;124.31;20.15;37.82;136.09;0.31;91.45;62.31;41.85;62.31;200.88;81.22;98.89;;
1986-08-01;63.86;78.74;40.61;60.14;28.83;39.68;107.88;129.58;160.27;99.82;60.14;68.20;50.84;87.73;137.95;2.79;58.90;82.46;30.38;203.67;60.76;68.20;143.22;0.31;156.24;43.40;191.89;54.56;131.13;116.25;95.48;;
1986-09-01;57.00;64.20;42.90;104.70;51.60;43.20;66.30;99.60;84.60;137.40;52.50;84.30;105.60;75.30;79.20;42.90;56.70;73.80;17.10;82.20;156.90;184.80;42.90;0.30;216.60;51.00;78.00;15.90;290.40;83.40;107.40;;
1986-10-01;75.33;54.25;54.56;40.30;34.72;40.61;51.77;57.35;95.48;91.76;68.51;145.08;40.61;59.83;81.84;69.13;89.28;71.92;292.64;106.02;1.86;98.58;69.75;0.62;114.08;34.72;46.19;72.23;311.55;62.62;96.72;;
1986-11-01;46.20;113.40;61.20;41.70;58.80;36.90;64.50;55.50;58.80;60.60;48.30;98.70;42.60;77.70;93.30;53.40;63.00;62.40;30.30;91.50;1.50;129.60;162.60;9.60;84.00;101.10;173.40;21.60;292.80;34.50;37.80;;
1986-12-01;69.75;132.68;57.66;65.10;41.85;108.50;96.41;80.29;102.61;89.59;77.19;113.46;61.38;88.35;168.02;97.03;72.54;78.43;26.04;185.69;0.62;15.50;129.89;4.34;86.18;133.92;37.20;16.43;248.62;42.16;24.18;;
1987-01-01;42.47;48.98;23.25;37.20;102.30;39.99;56.73;62.62;60.14;51.46;39.99;84.01;28.21;70.06;120.59;202.43;28.21;33.17;58.59;136.71;0.00;1.86;149.11;0.31;47.12;117.18;65.41;65.72;328.91;32.55;0.31;;
1987-02-01;51.80;73.08;37.24;39.48;87.92;58.24;101.36;63.28;79.52;71.12;47.60;103.32;39.20;133.56;119.00;51.80;39.76;56.56;57.40;113.96;0.00;0.00;41.16;2.24;48.16;105.28;42.00;21.00;60.76;30.80;6.44;;
1987-03-01;70.06;75.95;56.73;66.96;29.45;89.90;56.73;75.95;86.80;80.60;72.54;132.68;54.25;61.69;133.30;69.44;79.67;66.03;68.82;140.43;0.00;2.17;110.36;7.13;108.50;86.49;96.72;78.12;180.42;22.32;16.12;;
1987-04-01;40.20;66.60;48.00;53.40;38.70;84.90;89.10;109.80;77.10;43.80;40.50;167.10;50.40;121.20;120.30;40.20;47.70;42.90;28.80;108.60;0.60;6.90;109.20;0.60;47.70;78.00;33.90;25.80;212.40;31.20;109.80;;
1987-05-01;67.27;63.55;31.93;29.45;27.90;57.35;136.09;116.25;155.00;115.63;64.17;78.74;28.52;94.55;165.85;47.43;79.36;45.57;38.13;193.13;0.00;25.73;75.64;0.00;114.08;50.22;74.40;20.77;245.83;118.73;119.66;;
1987-06-01;110.40;93.00;80.10;105.90;22.20;66.00;177.30;119.10;171.30;165.00;109.50;16.20;105.30;121.20;242.40;38.70;120.60;93.30;27.60;285.30;0.30;98.40;81.60;0.00;157.50;65.40;39.90;11.40;194.10;157.20;121.20;;
1987-07-01;103.54;41.85;70.06;92.69;5.58;59.52;141.67;131.44;110.05;112.53;97.96;90.52;60.76;109.43;184.45;16.43;91.45;89.90;30.38;202.43;9.92;12.40;96.41;0.31;123.69;72.85;110.05;58.59;164.92;68.51;247.38;;
1987-08-01;50.53;22.01;39.68;29.76;37.82;42.78;154.69;53.94;109.43;73.16;57.97;50.22;29.76;91.14;143.22;4.96;91.14;62.62;40.30;122.76;62.93;121.21;108.81;0.31;95.79;44.64;190.96;26.97;240.56;79.05;110.05;;
1987-09-01;45.30;68.70;33.30;54.60;12.00;29.40;82.20;100.80;84.90;67.20;57.30;93.90;51.90;55.20;57.90;12.90;52.80;63.30;23.70;94.80;118.80;110.40;147.90;0.30;265.80;68.10;21.60;28.20;181.80;69.00;106.20;;
1987-10-01;122.76;200.26;162.75;176.70;164.30;61.38;195.92;114.08;77.19;106.02;121.21;100.75;182.90;248.31;186.93;85.25;97.65;124.62;238.08;166.47;33.79;161.20;79.67;0.93;159.65;42.47;184.76;62.93;230.33;1.55;6.51;;
1987-11-01;61.20;83.10;44.70;85.80;102.60;81.00;99.60;107.70;73.20;66.60;61.50;115.20;94.50;105.00;113.40;151.50;70.20;66.00;44.70;150.30;0.00;49.50;74.70;0.30;68.70;73.50;189.00;60.00;313.20;56.10;27.60;;
1987-12-01;41.23;91.45;64.17;33.17;55.49;30.38;66.03;62.62;54.25;47.12;40.92;145.39;43.09;73.16;89.28;102.30;22.94;41.85;90.83;70.99;0.00;61.38;76.88;16.43;68.82;109.43;83.39;30.69;339.14;44.64;2.48;;
1988-01-01;119.66;201.19;165.23;158.41;112.53;106.33;113.15;100.13;91.76;124.00;130.51;65.10;166.47;132.37;145.08;87.73;129.89;130.51;100.44;188.17;0.00;0.00;74.40;5.27;29.76;154.38;65.41;62.31;184.45;26.66;9.61;;
1988-02-01;89.90;96.86;113.39;82.07;9.86;66.41;78.59;97.44;102.95;107.01;89.61;103.53;91.64;67.57;167.04;75.98;73.66;83.81;8.70;202.42;12.47;10.73;97.44;5.22;22.91;79.75;104.11;17.11;132.53;63.80;31.90;;
1988-03-01;101.99;115.94;78.43;84.63;55.49;102.92;111.60;112.53;190.34;145.08;104.78;102.92;77.19;107.88;233.74;77.81;122.14;103.23;20.15;268.77;0.00;5.27;56.73;21.39;177.01;59.52;73.16;36.58;275.59;35.34;64.17;;
1988-04-01;40.20;71.70;94.20;116.70;66.60;132.90;87.60;77.70;51.60;40.80;39.60;57.30;103.50;118.50;128.70;59.70;31.80;58.20;134.10;120.30;0.00;105.30;61.50;0.90;111.30;77.40;345.00;30.00;263.10;34.80;74.10;;
1988-05-01;90.52;75.02;95.79;141.05;67.27;92.38;173.60;168.02;106.64;136.71;93.62;152.52;115.01;182.28;206.15;61.07;87.73;75.02;65.10;195.30;0.31;148.18;127.10;0.31;123.07;47.74;52.08;31.62;250.48;55.49;93.93;;
1988-06-01;30.30;25.50;54.60;57.00;17.10;84.00;88.80;73.80;45.90;44.40;29.10;113.40;61.80;113.70;120.60;21.60;19.80;23.70;38.40;89.40;0.30;61.80;33.90;0.00;171.00;68.40;82.20;50.10;219.60;108.90;193.20;;
1988-07-01;84.01;70.99;66.65;63.55;2.79;34.10;89.28;75.64;113.77;108.81;83.08;51.77;64.79;85.25;84.94;2.48;109.12;72.23;8.68;150.66;12.40;196.23;145.08;0.31;187.24;50.53;89.28;27.28;236.22;68.20;179.18;;
1988-08-01;29.45;35.03;20.15;29.76;4.96;43.40;86.80;62.62;55.18;40.61;32.55;82.77;25.73;63.86;133.92;7.75;26.66;43.40;21.39;149.11;215.45;196.85;73.78;0.31;187.24;58.90;44.64;26.04;361.77;77.19;121.52;;
1988-09-01;54.90;91.50;48.30;31.50;16.50;51.00;62.10;78.90;81.90;56.70;53.70;117.90;32.40;64.80;87.00;16.80;65.40;52.50;35.70;113.70;90.00;192.90;51.90;0.60;318.60;63.00;102.60;42.30;313.80;59.40;113.40;;
1988-10-01;75.33;80.29;46.19;28.52;123.07;19.84;194.06;95.17;115.01;90.83;70.68;146.32;26.66;163.68;217.00;52.39;56.73;45.88;42.16;225.06;0.31;30.38;95.48;0.62;157.17;61.69;4.34;40.30;213.28;28.83;12.40;;
1988-11-01;40.80;34.50;34.50;13.80;16.20;13.20;40.50;47.40;48.60;48.00;47.70;126.60;12.90;28.80;62.40;66.30;50.40;44.70;66.00;68.10;3.00;30.00;141.90;0.30;38.70;87.90;135.00;26.10;316.50;52.80;9.60;;
1988-12-01;60.76;48.36;20.77;18.29;33.17;49.91;71.61;63.55;132.37;98.27;53.01;185.69;18.60;65.72;128.34;88.35;54.25;58.90;8.06;137.02;0.00;20.15;27.28;10.85;8.06;113.77;110.67;28.83;58.90;73.78;3.10;;
1989-01-01;26.66;54.25;21.70;21.70;16.74;21.08;24.49;19.84;27.59;24.80;29.14;218.24;21.70;22.01;23.87;23.87;27.28;22.01;31.93;25.11;0.00;0.31;49.29;7.44;90.21;136.71;163.06;31.00;208.01;41.85;11.16;;
1989-02-01;52.36;90.44;59.08;78.12;29.40;59.08;70.84;48.44;80.36;60.76;52.08;131.88;68.32;54.04;93.52;138.60;54.88;61.04;26.88;110.04;0.84;0.00;80.64;3.08;139.72;83.16;46.48;26.88;49.84;37.24;15.12;;
1989-03-01;77.50;90.21;70.37;32.24;8.68;61.69;40.61;31.00;56.11;67.27;81.22;121.83;27.90;33.48;95.17;38.13;76.88;58.90;17.67;123.38;0.00;8.99;120.90;2.17;132.99;51.77;105.09;55.49;211.73;45.57;28.52;;
1989-04-01;107.40;76.50;85.20;178.50;62.40;135.90;196.80;179.10;173.10;153.90;108.30;80.40;167.40;188.10;217.80;187.80;101.70;96.60;84.90;212.40;0.00;29.10;127.20;0.00;127.50;76.80;220.80;47.40;207.90;54.90;93.30;;
1989-05-01;26.66;17.05;38.44;30.69;3.10;31.31;41.23;57.35;59.52;44.02;30.07;157.79;18.60;48.36;98.27;43.09;16.74;18.29;15.19;110.36;0.00;51.46;200.26;0.00;173.60;66.65;111.91;14.57;203.98;36.89;60.45;;
1989-06-01;72.00;28.80;29.40;15.00;2.70;16.50;24.60;62.70;57.30;68.40;70.80;63.30;21.90;27.30;68.10;16.50;37.80;53.70;9.30;96.00;3.00;132.00;168.00;0.00;195.60;54.60;245.40;30.60;144.30;72.90;163.80;;
1989-07-01;36.58;23.87;33.79;49.29;2.79;18.91;49.60;85.56;114.08;82.77;34.41;102.61;39.99;42.47;96.72;11.47;42.78;57.66;4.96;122.76;102.30;261.33;166.78;0.00;159.03;41.23;39.06;50.53;199.33;84.32;131.75;;
1989-08-01;40.92;26.04;27.59;63.24;12.09;61.38;58.28;86.49;68.51;59.21;58.90;106.02;60.76;40.30;72.85;9.30;34.72;20.15;16.12;109.43;433.07;88.66;202.74;0.00;142.91;39.06;49.60;44.33;181.97;132.06;233.74;;
1989-09-01;45.90;18.00;16.50;32.40;55.50;47.40;50.70;97.20;44.70;50.10;43.80;156.30;28.20;62.10;45.90;58.80;58.80;41.10;60.30;51.90;19.50;174.60;89.40;0.30;82.80;37.20;7.20;70.20;204.60;30.30;141.00;;
1989-10-01;26.35;58.28;35.96;18.91;31.93;30.69;56.42;36.58;73.16;63.86;26.35;75.95;17.36;54.25;61.69;48.98;52.08;26.04;19.84;75.02;26.97;90.83;150.35;1.24;173.60;88.35;14.26;56.73;309.07;137.02;55.18;;
1989-11-01;33.30;83.70;56.70;67.50;88.20;52.20;120.00;40.50;51.30;48.00;34.20;62.40;86.10;96.60;79.50;138.00;21.60;35.10;139.80;59.70;1.80;85.20;73.50;0.60;42.00;95.40;96.90;40.80;241.80;52.50;16.20;;
1989-12-01;83.70;167.40;169.88;61.38;28.21;14.57;31.31;35.96;83.39;106.02;89.28;114.08;74.09;39.06;87.11;91.76;100.13;91.14;50.84;112.22;0.31;9.92;27.90;0.62;36.89;133.92;40.92;37.82;269.70;71.92;28.21;;
1990-01-01;44.33;142.29;78.43;60.45;11.16;36.27;42.16;32.55;54.87;57.35;46.50;116.25;57.97;47.74;50.22;34.72;61.69;68.20;33.79;60.14;2.17;5.27;101.06;9.92;72.23;105.09;63.55;40.30;113.77;53.63;47.43;;
1990-02-01;91.00;185.08;84.28;72.52;49.00;83.44;89.60;71.12;115.36;120.40;103.32;52.08;74.76;71.68;244.72;57.40;84.28;116.48;36.40;285.60;0.00;0.00;67.76;7.00;102.20;57.12;423.64;25.48;115.92;65.80;57.40;;
1990-03-01;14.88;16.12;6.20;9.61;16.43;22.01;35.65;53.01;42.78;32.55;13.33;135.78;11.47;38.75;69.44;51.15;22.94;20.15;19.22;77.50;0.62;13.02;66.34;4.34;71.61;99.51;104.16;30.07;51.77;57.35;33.79;;
1990-04-01;63.60;59.70;55.50;86.70;74.40;98.70;98.40;92.70;66.00;65.10;59.70;137.70;83.10;87.90;144.00;126.00;78.00;66.30;57.00;134.70;0.00;22.20;129.30;2.10;148.20;86.70;293.40;71.70;170.70;35.10;92.10;;
1990-05-01;14.26;37.20;55.49;62.00;15.81;90.21;105.40;109.74;39.99;43.09;19.53;79.98;51.15;171.12;140.12;40.30;23.56;17.05;28.21;152.21;0.00;132.37;184.45;0.62;74.71;96.72;166.47;18.91;236.22;73.78;131.75;;
1990-06-01;75.60;66.00;66.30;102.60;21.30;72.90;120.00;141.60;122.70;127.80;71.10;53.10;59.40;96.30;195.60;10.80;63.30;67.20;60.00;231.60;0.60;63.60;82.20;0.00;74.70;56.70;42.60;27.90;177.00;66.90;148.80;;
1990-07-01;39.99;19.22;23.87;25.42;13.02;37.82;26.66;71.61;38.13;35.34;35.65;88.04;32.55;34.41;78.43;6.51;36.58;15.50;36.89;124.62;20.15;111.60;103.85;0.00;51.15;60.45;100.75;21.70;188.79;119.66;255.44;;
1990-08-01;20.77;20.46;6.20;31.31;4.03;55.80;100.44;88.35;60.76;92.07;23.87;149.11;18.60;80.91;89.28;47.74;30.07;27.59;47.74;75.95;46.50;279.31;160.27;0.31;120.59;85.25;137.33;28.52;160.89;104.16;155.31;;
1990-09-01;36.30;27.30;36.30;31.20;58.20;30.00;46.20;60.00;73.80;55.80;46.20;155.10;43.20;42.60;65.40;11.70;43.20;44.10;61.20;114.00;42.00;66.30;46.80;0.30;311.40;69.00;65.70;66.90;222.60;122.70;144.90;;
1990-10-01;85.25;112.53;103.54;146.01;153.45;80.91;124.31;107.57;75.33;84.94;74.09;82.46;142.29;128.34;197.47;140.43;60.45;61.07;83.70;192.20;29.14;138.57;73.47;0.31;140.43;66.96;39.06;62.31;253.58;65.72;164.61;;
1990-11-01;40.20;87.30;52.50;89.70;48.60;75.30;88.80;65.40;117.00;99.00;39.90;108.60;101.40;74.70;166.50;140.10;53.40;53.10;29.70;178.20;0.00;31.20;39.90;0.30;238.20;91.50;29.70;24.30;229.50;65.10;14.40;;
1990-12-01;59.21;84.94;62.93;43.71;45.88;61.38;96.41;67.89;99.51;101.99;63.24;148.49;36.58;68.82;134.85;137.02;87.11;65.10;17.98;119.35;0.00;10.85;137.33;1.24;15.19;77.19;38.44;103.85;205.84;16.74;6.82;;
1991-01-01;59.21;128.96;117.49;44.02;28.83;31.00;43.40;38.44;62.31;71.61;69.44;189.10;49.91;31.62;69.44;32.55;65.10;88.35;36.27;100.44;1.55;2.48;65.10;5.58;43.09;88.66;101.68;50.53;154.69;46.50;18.60;;
1991-02-01;22.96;53.76;35.56;49.84;15.96;39.48;48.16;54.04;31.92;33.88;22.40;185.64;50.68;40.60;86.80;116.48;31.92;26.04;57.40;89.04;0.00;3.64;60.48;2.52;68.88;104.16;19.04;107.24;59.92;37.24;24.92;;
1991-03-01;60.76;85.56;62.62;50.53;49.60;82.46;105.09;58.28;58.59;52.39;62.00;101.37;59.21;143.53;124.62;72.54;28.21;54.25;169.88;112.84;0.00;3.41;142.60;22.63;151.28;115.63;24.18;56.42;124.31;22.63;6.51;;
1991-04-01;51.30;53.70;58.20;61.80;57.90;76.50;64.50;62.10;39.60;42.00;51.00;73.20;57.90;61.50;102.60;60.60;66.30;53.40;39.30;104.40;0.00;73.80;88.80;3.00;72.90;65.10;24.90;43.20;180.00;57.00;37.80;;
1991-05-01;29.14;14.88;35.34;53.94;29.76;91.14;40.61;67.58;39.99;22.01;31.93;127.10;49.60;63.55;118.42;79.98;36.58;27.90;92.69;113.46;0.00;187.55;85.25;0.00;91.45;119.66;146.01;26.97;389.05;60.45;88.97;;
1991-06-01;74.40;85.20;63.90;64.80;14.10;64.20;107.40;69.60;94.20;84.90;66.90;17.70;63.00;98.10;177.30;28.80;108.60;76.80;16.20;254.10;1.80;250.20;60.90;0.00;168.00;74.40;186.60;11.10;199.80;91.80;234.00;;
1991-07-01;58.90;94.86;22.63;34.41;19.84;34.41;40.30;102.92;70.68;53.32;62.93;79.98;31.31;35.34;64.48;3.72;132.37;55.80;21.70;140.74;9.61;152.83;125.24;0.31;121.83;40.30;106.02;21.08;124.31;95.17;221.65;;
1991-08-01;13.33;16.74;27.28;35.03;4.34;87.42;22.32;82.15;11.78;16.12;14.26;158.72;34.72;37.51;31.93;8.37;10.85;10.85;32.86;22.63;44.95;94.24;172.05;0.62;202.74;49.91;4.65;69.44;133.92;88.66;110.67;;
1991-09-01;48.30;50.10;73.50;81.60;83.40;83.70;198.90;113.70;96.60;108.00;38.10;95.10;81.00;123.00;186.60;47.70;36.60;50.40;29.40;186.30;60.00;87.00;98.70;0.30;288.90;69.30;12.30;18.60;129.60;72.60;188.40;;
1991-10-01;37.51;133.61;78.43;51.77;84.01;45.57;92.07;71.30;70.99;56.11;36.58;114.39;51.46;97.34;133.61;176.08;36.58;62.31;84.32;144.77;114.39;222.89;67.89;0.31;552.11;42.78;21.39;72.23;107.88;105.09;188.79;;
1991-11-01;64.50;70.20;56.70;118.20;32.70;117.30;89.40;91.20;97.80;84.30;66.00;150.00;111.30;66.60;130.50;154.80;92.70;72.90;42.60;169.80;0.00;82.80;74.40;2.70;54.00;75.90;33.00;32.70;419.70;35.70;47.70;;
1991-12-01;31.31;27.59;6.82;13.33;2.79;27.59;35.96;17.36;88.97;63.55;34.41;225.68;12.40;23.87;127.41;29.76;39.68;18.91;93.93;126.48;3.10;4.96;105.09;6.20;53.32;155.62;136.40;69.13;848.16;40.61;39.99;;
1992-01-01;12.09;28.21;15.81;17.67;31.00;45.26;31.62;26.97;40.61;30.07;13.95;247.38;17.67;34.10;31.00;30.38;23.87;13.64;183.21;22.32;0.00;1.86;49.60;10.54;93.93;92.69;62.31;76.88;126.17;49.91;101.06;;
1992-02-01;27.26;44.66;34.22;16.53;35.38;20.59;49.30;28.71;58.29;47.27;30.45;191.98;15.37;36.54;77.72;31.32;37.99;22.33;24.94;97.44;17.40;0.29;49.30;11.02;18.27;77.43;308.56;26.68;111.07;43.50;33.35;;
1992-03-01;62.93;62.31;47.12;42.47;44.64;66.96;74.40;70.37;105.09;85.25;66.96;164.92;46.19;75.95;147.87;88.97;83.08;77.50;18.60;148.18;0.62;0.00;101.06;0.62;188.79;115.94;62.62;52.70;158.41;43.09;23.25;;
1992-04-01;37.20;77.10;40.80;60.00;17.70;96.60;93.30;81.90;66.00;55.50;39.30;81.00;51.60;75.90;119.70;89.40;55.50;62.10;40.20;132.00;0.00;29.10;72.00;0.00;165.30;57.90;92.10;15.30;193.20;39.30;78.30;;
1992-05-01;61.69;38.44;44.64;71.30;70.37;98.89;93.00;89.90;47.12;59.52;66.03;109.12;41.23;87.42;137.95;39.06;63.55;62.00;76.57;115.94;0.62;176.70;90.21;0.62;151.28;94.86;73.16;62.62;284.27;42.78;259.47;;
1992-06-01;67.50;27.30;56.10;135.60;84.90;227.10;192.30;195.00;91.80;64.20;75.30;138.90;142.20;234.90;244.20;78.60;98.10;96.00;97.80;262.50;0.00;154.80;96.90;0.00;272.10;58.20;68.70;68.40;192.60;55.80;146.40;;
1992-07-01;41.23;36.27;30.69;63.86;13.95;70.06;72.85;97.96;75.02;74.40;39.99;71.30;78.43;67.89;136.09;15.50;50.22;56.73;36.58;155.00;27.90;101.99;109.74;0.00;75.33;25.73;21.39;20.46;310.00;48.98;143.53;;
1992-08-01;103.23;116.56;75.64;157.17;24.49;60.45;113.46;84.94;89.90;84.94;118.42;85.25;134.85;84.94;116.87;26.35;141.98;83.39;29.76;130.20;46.50;142.29;165.85;0.31;47.74;29.45;41.23;31.31;191.58;43.71;213.28;;
1992-09-01;48.90;75.90;63.30;85.20;99.90;56.70;95.70;93.60;37.80;42.00;55.50;87.90;69.30;121.20;81.30;11.70;41.70;41.40;96.90;94.50;25.80;137.70;89.40;0.30;74.10;50.10;31.20;61.50;200.10;58.80;159.90;;
1992-10-01;64.48;72.54;54.56;104.16;97.96;180.73;144.46;149.73;124.62;101.99;62.93;66.96;93.93;129.27;249.24;319.61;49.60;70.68;109.12;237.77;0.93;119.66;46.81;0.31;305.97;74.09;64.17;19.84;275.28;120.90;144.15;;
1992-11-01;74.10;145.50;81.00;69.30;47.40;75.30;106.80;74.70;142.50;120.30;76.50;135.30;78.00;69.60;174.90;100.80;90.90;81.60;15.00;221.40;0.90;67.20;117.90;0.30;95.40;45.60;105.60;38.70;311.10;63.00;97.50;;
1992-12-01;49.60;134.85;68.51;84.01;24.49;66.34;55.49;54.56;43.09;48.98;49.60;173.91;81.84;66.65;110.36;146.63;49.91;49.91;115.01;110.05;0.62;3.72;115.63;5.89;39.99;115.32;107.88;42.16;292.33;22.94;7.75;;
1993-01-01;60.45;98.89;78.74;3.10;10.85;2.79;16.43;8.68;77.81;76.57;73.16;118.42;5.89;8.37;26.35;20.77;69.13;70.37;6.51;50.53;4.03;0.00;61.38;5.27;118.42;128.03;98.58;47.74;332.63;60.14;32.86;;
1993-02-01;19.88;37.24;8.40;7.28;33.60;20.72;13.16;28.56;33.60;22.12;19.60;161.00;7.84;21.56;28.28;38.64;24.92;15.68;119.00;29.40;0.00;2.24;79.24;4.48;79.52;102.76;59.36;54.04;32.20;39.20;14.84;;
1993-03-01;4.34;50.84;8.37;14.57;41.54;34.72;20.15;26.66;31.31;20.46;4.96;141.98;13.64;26.35;33.48;67.27;9.92;8.37;72.85;44.33;0.31;5.27;160.58;1.24;94.55;82.46;61.69;78.12;224.75;31.93;17.36;;
1993-04-01;110.40;102.60;105.60;106.80;149.10;126.00;115.80;93.30;51.30;47.10;111.90;82.50;111.60;141.30;232.20;96.90;70.50;98.10;145.50;170.10;0.00;30.00;111.30;0.90;57.30;57.90;37.50;30.30;173.10;27.30;45.60;;
1993-05-01;104.16;88.35;72.85;89.59;43.40;77.81;87.42;121.21;85.25;99.20;110.67;117.80;112.53;128.96;158.41;23.56;68.82;65.41;38.44;163.06;0.00;189.41;29.45;1.24;85.25;44.33;27.59;29.14;281.48;25.42;48.98;;
1993-06-01;80.70;58.20;67.20;98.70;9.30;64.20;127.50;127.20;87.00;56.40;85.50;85.80;82.80;98.10;168.60;21.00;43.80;115.80;7.20;204.90;0.00;134.10;63.90;0.00;221.70;32.40;54.00;27.00;193.20;140.10;193.50;;
1993-07-01;53.01;56.42;26.35;96.72;6.20;44.95;111.60;102.30;107.26;93.00;60.14;39.06;89.59;119.35;177.63;5.89;108.19;73.78;5.89;233.43;39.37;107.88;105.71;0.31;290.78;61.07;80.91;14.88;306.28;111.91;161.82;;
1993-08-01;20.46;39.06;18.60;52.70;15.19;46.81;71.30;91.45;36.58;25.73;21.08;75.95;59.52;63.55;87.11;9.92;30.07;20.77;4.96;103.54;155.62;95.48;92.07;0.31;290.16;60.14;50.53;50.84;113.77;71.61;122.14;;
1993-09-01;99.60;124.80;101.40;134.40;130.80;125.10;275.10;193.50;121.50;155.10;96.60;108.60;167.10;302.70;254.10;90.90;110.40;111.90;91.50;217.80;144.30;116.70;116.40;0.30;209.40;95.70;76.80;36.00;148.50;111.60;252.30;;
1993-10-01;112.22;91.45;109.43;86.80;121.83;122.45;218.86;121.52;91.76;104.47;111.91;81.84;98.58;193.75;196.54;164.92;62.62;75.33;284.58;156.24;13.02;208.94;94.24;0.62;139.81;84.63;57.66;34.72;215.45;47.43;31.31;;
1993-11-01;22.80;61.80;20.10;32.10;64.80;43.20;62.40;43.50;35.40;20.10;28.80;315.90;31.20;72.30;66.00;98.70;44.10;35.10;130.80;63.60;0.30;34.20;80.70;0.30;114.00;74.70;61.20;137.70;317.10;6.30;38.70;;
1993-12-01;98.27;131.75;75.95;132.06;26.66;110.36;89.28;112.84;177.94;192.51;125.55;79.05;133.30;71.30;239.94;151.59;168.95;125.24;22.32;297.60;0.00;66.34;120.28;4.03;77.19;101.37;37.82;52.08;213.90;75.95;1.55;;
1994-01-01;70.37;139.50;115.63;119.97;68.51;62.00;156.86;97.34;93.00;118.11;76.26;101.99;128.03;118.73;213.28;101.68;78.43;75.95;25.11;193.75;0.00;22.01;127.72;8.68;74.09;107.26;28.52;18.29;152.83;64.17;29.45;;
1994-02-01;74.48;126.00;116.48;98.56;104.16;126.56;61.32;108.36;80.08;78.40;70.00;136.08;89.60;141.68;79.80;51.52;42.00;68.88;78.96;78.12;0.00;23.52;117.88;0.56;88.20;101.92;85.96;50.12;92.12;17.36;6.72;;
1994-03-01;48.05;51.46;31.31;13.64;5.89;23.87;37.20;24.49;88.04;71.61;48.36;112.84;16.12;24.49;48.05;6.20;62.62;48.36;11.16;70.99;0.93;3.72;168.02;7.44;140.43;85.56;73.16;34.72;281.79;59.52;21.70;;
1994-04-01;71.70;87.30;66.00;110.70;59.40;139.20;114.90;165.30;94.20;86.70;78.90;45.60;111.90;146.40;223.20;146.40;84.60;108.00;39.90;209.10;0.00;98.40;69.00;0.60;50.10;87.90;62.70;26.40;202.50;20.10;98.70;;
1994-05-01;73.78;146.94;103.85;87.42;35.34;94.86;123.69;129.89;105.40;90.83;73.16;75.02;76.26;122.45;197.47;47.43;88.35;126.17;22.94;241.18;0.00;166.78;117.18;0.31;122.76;42.78;38.13;23.87;269.70;70.99;73.78;;
1994-06-01;54.60;26.10;35.40;73.80;35.70;81.90;86.10;93.60;129.90;81.00;48.60;103.80;64.80;66.60;103.80;31.50;50.40;44.10;9.30;124.20;0.00;105.60;87.90;0.00;111.60;54.00;69.00;39.90;255.00;101.40;263.70;;
1994-07-01;87.73;23.56;58.90;47.74;1.24;36.89;66.65;114.08;79.05;59.21;71.30;107.26;32.86;45.57;82.46;16.12;58.28;90.21;19.22;113.46;13.64;109.12;104.16;0.00;44.64;41.85;25.11;79.98;48.36;64.17;89.90;;
1994-08-01;79.98;84.01;89.28;55.18;3.10;49.60;53.94;66.96;94.86;105.71;75.64;44.95;40.30;81.53;86.49;5.89;72.85;91.14;10.23;118.42;87.11;66.03;189.10;0.31;154.07;60.14;22.32;45.57;98.58;74.40;217.62;;
1994-09-01;101.10;88.50;134.70;117.00;121.80;126.60;268.80;181.20;139.20;143.40;102.60;88.50;128.70;251.70;267.60;54.90;84.60;91.50;171.60;249.30;73.20;68.70;100.50;0.30;359.40;42.00;21.90;33.30;54.90;63.00;145.80;;
1994-10-01;56.42;95.17;94.86;70.99;110.05;62.00;100.75;111.91;46.50;45.26;57.04;134.54;87.42;141.98;92.38;84.94;66.96;57.35;125.55;116.25;17.05;190.03;28.52;4.03;92.07;55.49;35.34;44.02;85.56;65.41;127.10;;
1994-11-01;60.00;69.00;56.40;78.30;125.10;47.70;84.60;66.90;48.90;37.80;54.00;130.20;77.40;112.50;121.50;127.80;26.70;72.00;31.80;105.90;0.00;75.90;89.10;21.90;35.40;63.30;51.30;46.20;326.10;68.40;6.00;;
1994-12-01;49.91;150.97;128.65;85.56;12.71;57.97;65.72;56.11;98.27;105.71;54.25;117.18;88.04;35.34;88.97;88.66;90.21;84.94;14.26;150.04;0.31;5.89;78.74;3.10;34.41;87.73;39.06;55.18;190.34;43.09;24.80;;
1995-01-01;119.66;193.13;177.32;93.31;38.13;83.08;107.88;108.50;154.38;163.06;119.04;120.59;97.65;111.60;256.99;58.90;133.30;155.00;16.74;306.90;0.00;11.16;79.05;0.31;39.99;92.07;113.15;53.32;264.74;59.21;52.39;;
1995-02-01;83.16;149.80;97.72;84.00;40.60;78.96;100.24;92.12;88.76;90.72;85.96;68.60;95.20;85.68;221.76;68.88;82.32;92.12;14.56;233.24;0.00;0.28;66.64;10.36;38.92;72.24;52.92;22.40;267.12;56.28;54.04;;
1995-03-01;73.47;73.47;66.65;62.31;12.40;57.66;66.65;58.90;115.94;108.81;80.29;81.22;68.51;39.37;150.35;66.96;64.17;66.03;22.63;194.99;0.00;1.86;61.38;0.62;133.61;90.21;138.26;34.10;131.13;20.15;39.06;;
1995-04-01;62.10;42.60;44.40;31.20;147.90;66.60;130.20;77.70;99.30;94.50;60.00;68.40;35.10;117.60;130.20;112.80;41.40;44.70;25.50;110.10;0.30;13.20;57.60;0.90;75.60;64.80;19.20;29.10;207.30;54.30;23.40;;
1995-05-01;88.35;57.35;60.76;53.01;48.05;70.06;111.60;114.08;113.46;81.53;80.60;24.80;44.95;93.00;197.47;62.00;48.98;63.24;47.74;234.98;0.62;105.09;89.59;0.00;167.40;66.65;152.52;39.06;226.61;51.46;121.83;;
1995-06-01;28.50;17.10;23.40;19.50;3.00;45.00;54.60;81.00;85.50;62.10;28.80;68.40;18.60;56.70;94.80;12.30;53.10;25.50;12.60;129.60;1.20;120.00;58.20;0.00;187.20;57.90;75.60;16.50;263.70;58.80;146.70;;
1995-07-01;53.32;52.08;45.26;54.87;2.48;41.23;72.85;55.80;111.29;83.70;56.42;78.43;53.32;44.95;97.03;20.46;47.43;79.05;17.67;125.86;25.73;158.72;119.66;0.00;235.91;74.71;6.51;49.91;295.12;69.75;181.97;;
1995-08-01;52.70;66.65;29.14;47.43;24.18;77.81;75.33;85.56;90.21;62.93;57.35;136.09;39.06;89.59;117.49;64.17;16.12;28.83;34.10;115.94;187.24;125.86;37.82;0.31;13.95;54.25;2.17;23.87;364.25;50.22;316.51;;
1995-09-01;96.30;108.30;74.70;80.40;48.60;110.40;130.50;132.00;110.10;123.90;103.20;115.80;85.20;168.60;165.60;76.80;97.50;114.30;72.90;184.80;67.20;83.70;67.80;0.30;195.30;62.10;179.40;53.40;179.70;53.70;142.80;;
1995-10-01;17.05;53.63;26.04;22.63;51.15;23.56;69.13;53.01;45.88;56.11;14.26;95.17;27.59;55.49;30.38;8.68;23.25;21.08;22.01;24.49;0.62;119.66;154.38;0.31;81.53;70.06;39.37;12.09;293.88;29.76;79.05;;
1995-11-01;27.00;69.60;67.50;82.80;60.00;47.40;72.90;51.60;75.90;42.60;23.40;38.70;87.90;93.30;96.90;63.00;23.70;36.90;79.50;107.70;0.90;34.80;95.70;0.30;26.70;87.00;106.50;35.40;214.50;73.20;69.90;;
1995-12-01;48.98;73.47;87.73;120.28;119.35;109.43;92.69;80.91;66.96;72.85;55.49;159.03;101.37;101.68;161.20;169.57;69.44;62.31;204.60;157.79;12.09;0.93;55.18;2.48;10.85;96.72;79.36;105.09;305.97;31.93;61.69;;
1996-01-01;61.69;108.19;76.57;110.36;137.64;91.14;82.15;79.05;11.78;22.94;54.87;107.26;101.99;172.98;110.98;108.19;28.83;41.23;143.53;55.80;0.00;2.48;174.22;17.36;54.56;104.16;109.12;85.87;118.11;20.15;0.62;;
1996-02-01;61.19;95.99;76.56;87.00;51.91;99.47;83.52;98.89;62.64;59.16;64.96;138.33;83.52;116.00;139.78;98.02;63.80;82.65;114.55;144.71;0.58;0.58;60.61;1.45;53.65;91.64;40.02;28.42;145.00;40.31;10.15;;
1996-03-01;24.80;53.01;45.26;25.11;57.66;50.53;56.42;43.40;37.82;32.24;24.49;113.46;17.98;71.92;62.62;131.13;36.89;41.54;75.33;66.03;3.41;0.00;85.87;5.58;90.83;94.86;37.51;86.49;115.63;24.18;9.61;;
1996-04-01;13.50;49.80;35.10;60.60;97.20;75.90;74.70;73.80;34.80;19.20;15.00;88.50;47.70;99.30;97.80;88.50;14.70;34.20;41.40;89.10;0.00;105.60;136.80;0.60;86.10;90.00;46.20;29.10;206.40;27.00;43.50;;
1996-05-01;78.43;93.93;86.18;90.21;26.04;71.61;96.10;104.47;110.36;93.00;82.46;110.05;84.94;83.70;172.05;64.17;79.67;69.13;37.20;146.01;0.00;59.52;69.44;0.00;113.15;83.08;73.78;7.44;205.22;42.47;39.99;;
1996-06-01;18.60;13.20;10.20;42.90;22.80;60.90;111.90;74.40;79.50;47.40;17.10;101.70;43.50;106.80;145.50;53.40;26.40;16.80;10.80;149.10;0.60;251.40;142.50;0.00;125.70;73.20;82.20;26.10;243.90;108.90;198.00;;
1996-07-01;31.31;21.70;24.80;47.12;8.68;59.52;89.59;92.38;93.62;61.69;28.52;90.52;45.88;72.54;167.40;27.28;26.35;18.29;21.70;179.49;15.19;136.71;164.92;0.31;249.24;62.93;45.88;44.33;200.57;93.00;104.78;;
1996-08-01;62.93;65.41;35.65;77.81;23.56;111.91;80.91;93.62;105.40;110.67;68.51;139.50;58.59;66.65;149.42;5.27;146.01;55.49;84.94;225.68;111.29;154.07;79.67;0.31;52.39;53.94;90.52;80.29;250.48;30.07;199.64;;
1996-09-01;41.70;38.40;48.60;75.60;119.10;44.10;50.10;55.50;48.90;25.80;36.90;138.30;69.00;57.60;76.20;112.80;40.80;43.80;54.90;69.90;78.00;261.00;122.40;0.00;321.60;35.70;32.10;64.50;241.50;94.20;197.40;;
1996-10-01;40.92;51.46;27.28;44.02;73.47;69.75;69.75;72.23;80.91;63.24;40.92;121.83;44.02;75.02;115.94;106.64;49.91;48.36;68.20;125.55;10.23;105.09;132.68;0.31;73.16;59.52;45.26;54.25;294.19;33.48;136.09;;
1996-11-01;93.30;109.20;107.40;127.50;156.30;154.80;228.00;156.90;155.10;176.70;91.20;67.80;121.50;269.10;376.50;189.90;100.80;93.90;62.40;303.00;0.00;27.00;45.30;4.80;120.60;99.60;78.30;85.20;230.70;56.40;12.00;;
1996-12-01;47.12;58.59;63.86;69.13;124.93;85.25;86.80;57.66;83.70;68.82;47.74;60.76;64.48;90.21;103.23;221.96;28.83;55.18;228.16;106.64;0.00;124.00;177.32;0.31;44.95;103.85;55.18;20.77;197.78;24.49;37.20;;
1997-01-01;12.09;33.79;29.45;71.92;107.88;71.61;84.63;70.37;25.11;32.55;9.61;112.53;62.00;103.85;89.90;91.45;6.51;16.12;108.50;72.54;0.62;12.40;64.17;4.34;39.99;123.07;140.74;54.87;15.81;42.16;17.36;;
1997-02-01;77.84;113.12;80.36;38.36;3.64;34.16;40.60;35.28;92.40;102.20;81.48;142.52;42.28;20.44;106.96;41.16;72.52;77.84;11.76;136.92;0.00;1.96;54.04;2.80;32.20;84.28;151.20;24.08;75.88;26.32;5.32;;
1997-03-01;12.71;18.60;8.06;5.27;0.00;21.39;14.57;14.88;53.01;44.33;14.88;180.73;5.89;10.85;46.50;18.91;25.73;13.64;0.00;55.18;0.00;30.38;155.00;3.41;79.67;60.14;48.67;30.07;124.93;43.71;75.02;;
1997-04-01;15.30;14.40;8.10;17.70;22.80;28.50;27.60;18.30;52.50;29.10;14.40;103.80;13.50;17.70;62.70;51.00;18.60;11.40;27.90;90.30;0.00;47.70;74.40;0.60;114.60;89.70;37.80;27.60;251.10;35.70;147.30;;
1997-05-01;101.68;65.41;92.07;109.43;13.33;72.54;73.47;98.89;81.53;110.67;93.00;63.24;108.19;74.40;120.90;31.00;89.28;82.46;29.14;162.44;0.93;51.77;95.48;0.00;165.23;30.07;172.36;22.32;138.26;49.29;161.82;;
1997-06-01;122.70;108.60;98.40;126.00;54.60;92.70;127.80;125.70;167.40;135.30;127.20;46.20;105.00;119.40;174.30;66.60;143.40;165.30;57.90;249.90;3.90;126.90;49.20;0.00;147.90;47.40;65.10;5.40;137.40;99.90;123.00;;
1997-07-01;39.37;25.42;16.74;77.50;8.37;35.34;91.76;82.46;96.72;59.21;35.65;105.40;60.45;86.80;157.17;9.30;44.33;32.55;22.94;194.68;2.79;137.95;104.47;0.00;164.61;66.96;107.57;52.70;102.61;36.27;132.99;;
1997-08-01;65.10;71.30;91.45;103.23;27.28;174.22;62.31;75.02;43.71;65.10;62.31;147.87;118.42;94.55;99.51;32.86;58.59;134.23;53.63;125.24;146.94;98.89;110.05;0.31;35.96;78.74;31.62;81.53;152.83;54.56;81.53;;
1997-09-01;13.80;16.20;6.90;31.50;5.40;49.80;46.50;63.00;40.20;30.90;13.80;134.10;27.90;53.10;57.90;12.90;9.30;14.10;23.10;80.70;69.30;96.60;50.40;1.80;120.60;43.20;85.20;31.20;64.80;57.30;110.40;;
1997-10-01;43.09;103.54;48.98;21.39;66.34;44.33;57.97;57.97;65.41;49.91;49.29;125.86;28.83;78.12;104.47;67.27;86.18;74.71;43.71;110.36;4.03;89.59;56.11;0.93;46.50;63.24;39.99;27.28;113.46;131.44;115.32;;
1997-11-01;90.60;157.20;108.90;119.70;111.30;79.50;115.50;84.60;78.30;107.10;92.40;97.50;131.40;107.70;133.80;218.10;88.50;58.20;117.60;98.40;0.00;79.20;111.00;0.30;114.90;96.30;20.10;56.70;235.50;56.10;42.60;;
1997-12-01;112.22;133.92;88.97;112.53;69.44;79.36;80.60;74.71;120.90;127.72;113.46;152.52;107.57;139.81;172.36;131.44;62.93;77.50;44.95;166.78;0.00;24.80;79.36;2.17;47.43;163.68;31.93;73.78;347.20;40.30;26.04;;
1998-01-01;61.38;109.74;94.86;77.81;39.99;41.85;73.47;88.04;75.64;79.05;65.41;86.49;86.18;91.14;143.84;83.08;74.40;74.40;33.79;152.52;0.00;0.62;96.41;0.93;140.12;147.56;82.46;47.43;207.08;43.09;11.16;;
1998-02-01;10.92;17.92;10.64;19.32;10.64;19.88;23.24;17.36;30.52;19.60;11.20;122.92;15.40;15.96;34.72;46.20;12.60;17.08;33.04;28.84;0.00;1.96;114.80;5.88;133.84;45.92;36.96;17.64;98.84;38.92;1.40;;
1998-03-01;39.68;67.58;33.17;44.02;7.75;50.53;41.23;51.46;65.10;50.53;39.68;107.57;45.26;41.54;70.68;38.13;66.96;58.59;5.89;77.81;0.31;2.48;129.58;3.10;100.13;46.50;40.92;41.85;179.18;55.49;1.24;;
1998-04-01;137.70;167.40;169.50;148.20;107.40;109.50;160.20;204.60;123.90;155.70;132.90;45.30;174.30;192.60;212.70;170.40;121.80;139.20;59.40;197.40;0.00;43.50;127.50;0.30;174.00;31.20;151.80;9.30;172.80;57.60;3.30;;
1998-05-01;22.01;56.11;43.71;37.51;57.97;47.43;90.21;53.94;63.86;74.09;23.25;111.60;27.90;135.16;71.61;37.51;30.38;32.55;31.00;88.04;0.00;67.58;173.91;3.41;193.13;22.63;196.54;26.97;256.99;108.50;9.92;;
1998-06-01;51.60;59.70;35.10;48.00;6.00;49.50;78.90;74.70;96.00;80.70;60.00;51.30;45.90;87.00;134.70;20.70;127.50;81.00;8.40;209.40;0.00;83.10;99.00;0.00;207.60;37.20;136.50;13.80;215.10;57.30;29.40;;
1998-07-01;55.18;50.84;58.28;35.96;4.65;45.26;94.86;84.94;46.50;43.40;49.91;67.89;28.83;71.30;136.71;0.93;53.32;39.06;17.98;162.44;40.92;186.31;43.09;0.00;195.92;90.83;85.56;8.06;240.56;151.28;102.30;;
1998-08-01;23.87;13.64;5.27;6.51;22.01;34.41;42.16;45.26;55.49;33.48;23.56;158.41;9.30;43.40;96.72;11.16;42.47;22.01;26.66;90.52;117.18;163.68;47.43;0.62;177.32;97.65;279.31;31.00;412.61;137.33;137.64;;
1998-09-01;91.20;113.40;106.20;105.30;108.60;81.90;158.70;117.90;121.80;122.10;87.00;64.50;125.40;142.50;203.70;106.50;108.00;95.40;35.70;216.30;98.70;176.70;65.40;0.00;176.40;47.10;47.70;18.60;205.80;54.60;356.10;;
1998-10-01;124.31;110.98;76.26;77.50;48.05;104.47;74.09;66.96;168.95;194.37;126.48;106.33;84.32;59.52;141.67;83.39;111.29;113.77;35.34;163.06;0.62;146.94;52.08;0.00;138.57;93.31;58.59;40.30;227.23;64.17;190.03;;
1998-11-01;40.80;69.00;33.90;56.70;22.80;107.10;81.90;70.20;84.60;72.00;41.40;173.40;63.60;52.50;133.50;99.00;75.60;44.10;18.30;159.60;0.00;49.20;31.50;1.20;15.60;120.00;102.30;65.40;166.80;48.00;28.20;;
1998-12-01;59.83;117.80;97.34;45.26;63.55;38.44;41.23;38.44;60.45;55.18;67.58;121.21;50.22;70.68;46.50;66.96;62.93;83.39;61.38;47.43;0.93;13.33;25.73;1.55;72.54;88.97;64.79;80.29;284.58;43.09;1.55;;
1999-01-01;66.65;128.03;77.19;37.51;96.41;72.85;104.78;92.07;89.28;88.04;70.37;112.84;43.40;105.71;175.46;72.85;94.55;82.46;57.35;153.76;1.55;0.93;159.34;0.62;20.46;80.29;128.03;39.99;154.07;56.42;4.65;;
1999-02-01;52.36;66.36;55.72;44.80;3.08;50.40;101.64;97.44;117.60;94.36;47.88;141.12;47.04;67.48;201.88;81.20;54.88;51.80;7.00;255.92;0.00;7.84;61.32;7.84;53.48;143.92;73.36;27.72;70.28;53.48;16.24;;
1999-03-01;59.21;75.33;44.64;53.63;71.92;48.67;77.81;48.36;134.85;112.84;61.69;59.52;48.98;64.17;123.07;130.82;64.17;52.08;22.63;115.01;0.00;1.24;121.21;0.62;144.46;76.88;72.54;19.22;164.30;43.40;22.94;;
1999-04-01;87.60;146.10;125.10;77.10;45.60;93.00;99.90;84.00;74.40;81.30;82.20;64.80;82.50;89.10;191.40;86.70;72.00;104.70;67.50;178.50;0.00;27.30;57.60;0.00;193.20;82.20;179.40;31.20;180.00;40.80;24.30;;
1999-05-01;58.28;55.49;83.39;79.05;52.70;117.49;97.65;129.58;98.58;73.78;55.18;137.95;79.98;162.44;143.53;38.75;77.19;40.61;122.76;203.67;0.31;176.39;85.56;0.00;119.97;67.27;27.28;19.53;241.80;54.56;23.56;;
1999-06-01;69.60;64.20;60.30;50.70;3.90;30.60;65.10;46.80;96.00;61.80;63.30;111.90;51.30;69.30;146.40;10.80;58.50;71.10;23.10;160.80;0.30;43.20;33.00;0.00;217.50;35.10;81.00;43.50;221.40;8.10;54.30;;
1999-07-01;46.50;14.88;28.52;89.59;6.20;90.21;63.86;106.33;116.25;76.57;48.36;85.87;55.18;57.97;111.29;27.59;36.89;25.73;8.68;123.69;42.47;105.40;39.37;0.00;138.57;45.26;117.80;32.24;204.60;128.65;140.74;;
1999-08-01;59.52;79.98;93.93;71.92;12.09;89.28;63.86;86.80;84.01;89.28;65.10;84.32;55.80;95.48;126.48;8.37;95.79;131.44;34.41;182.59;112.22;71.61;91.76;0.31;124.00;60.14;80.60;56.42;199.02;95.17;180.11;;
1999-09-01;127.80;109.20;139.80;149.70;96.00;62.70;129.90;96.60;94.50;99.60;125.10;128.40;156.60;140.40;123.00;99.60;95.10;101.70;120.90;156.60;35.10;131.40;243.60;0.00;48.60;56.40;34.80;104.70;176.70;56.10;115.80;;
1999-10-01;46.50;83.70;84.63;87.42;176.08;37.20;199.33;76.88;79.67;78.12;45.57;169.88;76.57;183.21;151.28;125.86;54.87;54.25;50.53;120.59;77.19;168.33;66.03;0.31;119.35;104.78;151.28;46.50;312.48;42.16;105.40;;
1999-11-01;45.30;51.60;40.80;61.20;106.50;107.70;82.50;90.00;69.90;66.30;39.60;113.40;63.60;96.60;127.80;125.70;30.00;45.90;135.30;107.70;0.00;30.00;53.40;0.30;71.10;82.20;56.10;57.60;246.00;31.50;14.10;;
1999-12-01;155.62;207.70;151.90;116.87;17.98;104.16;90.83;111.60;191.58;204.91;154.07;114.08;119.97;68.51;201.19;104.78;128.03;176.39;26.35;265.36;0.62;5.89;71.30;0.31;20.15;124.00;39.06;17.98;174.84;52.39;6.82;;
2000-01-01;22.01;38.75;18.29;15.19;12.71;14.26;30.69;37.20;64.48;46.50;23.25;127.72;15.81;31.62;41.85;65.41;39.68;19.84;49.29;53.01;1.24;4.34;93.62;6.20;92.38;128.96;87.42;83.39;243.35;31.00;1.86;;
2000-02-01;63.22;88.45;62.06;51.62;11.02;78.88;78.01;61.48;115.13;102.95;64.67;133.11;60.61;45.53;146.74;37.12;64.38;64.09;16.82;163.56;0.00;51.04;62.06;0.87;17.11;71.05;22.33;19.43;101.50;47.56;8.41;;
2000-03-01;52.08;49.29;34.10;57.66;53.63;74.09;51.15;60.14;81.53;76.57;49.91;242.11;49.29;51.77;110.67;70.37;41.23;54.87;22.94;108.50;0.00;1.24;75.95;1.55;92.07;97.03;181.66;38.13;147.25;48.67;11.16;;
2000-04-01;117.00;173.70;101.40;118.80;66.60;110.40;109.80;120.00;57.30;61.20;116.40;57.90;114.60;129.30;180.60;98.40;90.30;123.90;74.70;129.90;0.30;70.50;97.50;0.00;126.90;64.50;118.80;21.60;187.50;56.40;47.70;;
2000-05-01;87.11;114.39;62.62;66.03;23.56;57.66;72.23;98.89;101.37;91.14;93.31;112.84;60.45;95.17;83.08;13.64;121.83;106.95;43.09;115.01;0.00;107.88;79.67;0.00;131.44;54.25;64.48;36.58;141.36;19.22;86.80;;
2000-06-01;42.60;30.30;32.40;47.70;29.40;123.00;47.40;66.60;29.70;28.20;36.90;90.30;47.40;112.50;81.00;37.80;37.50;24.30;96.30;76.50;0.00;148.50;91.80;0.00;243.60;56.10;47.10;22.80;230.40;94.50;224.10;;
2000-07-01;155.31;54.87;53.01;79.05;12.09;70.99;107.57;85.25;162.75;153.76;151.28;65.41;61.07;65.10;186.00;30.38;115.01;130.20;14.88;235.91;38.44;81.84;150.66;0.31;194.99;65.41;24.49;52.39;213.59;117.80;105.40;;
2000-08-01;31.00;55.80;41.54;71.30;3.10;98.27;117.80;112.22;84.94;37.82;35.34;87.11;73.47;112.84;146.01;4.96;44.33;48.67;25.73;141.67;96.10;244.28;98.27;0.62;50.22;41.85;24.49;25.42;190.65;84.94;161.20;;
2000-09-01;42.60;79.20;65.10;34.20;91.80;53.70;115.50;124.20;114.60;80.70;41.40;112.20;38.70;129.60;90.60;34.20;66.30;73.80;18.00;105.00;48.30;142.50;101.70;0.30;162.60;39.30;30.60;76.50;294.30;51.30;88.50;;
2000-10-01;118.73;153.14;110.67;109.12;115.01;111.91;117.18;79.05;97.34;83.70;127.10;95.48;130.51;120.28;186.00;155.00;115.32;118.11;64.79;196.23;59.83;153.76;16.74;0.93;134.23;53.94;57.97;99.82;203.05;33.79;49.91;;
2000-11-01;92.10;152.70;153.90;230.40;126.00;103.50;142.50;112.20;88.80;126.00;99.30;29.10;212.70;109.80;242.70;332.10;107.70;130.50;60.00;207.00;0.00;15.30;63.00;2.40;90.30;100.80;156.60;39.00;215.40;58.50;25.50;;
2000-12-01;75.95;174.84;128.34;98.89;108.81;49.29;79.05;35.03;65.72;79.36;85.56;44.33;100.75;114.39;105.71;171.43;78.12;89.59;103.54;99.20;0.00;5.89;84.32;7.13;18.29;147.25;32.86;35.96;168.95;76.26;18.29;;
2001-01-01;87.73;196.54;171.12;117.80;93.31;103.23;101.68;71.92;69.13;90.52;100.13;115.63;119.04;118.42;166.16;122.76;105.71;119.97;109.43;159.03;0.00;2.79;71.92;3.10;146.63;147.87;75.33;53.94;212.04;33.79;6.82;;
2001-02-01;43.40;97.72;54.60;34.44;42.84;22.68;47.32;42.00;73.36;54.32;49.56;117.60;37.24;63.28;56.00;42.56;65.24;66.36;15.68;66.64;0.00;0.56;59.92;0.56;54.04;112.00;64.40;29.68;80.36;76.72;34.72;;
2001-03-01;140.43;177.32;141.36;150.66;60.76;104.16;168.02;113.46;195.30;181.04;146.01;38.13;159.96;110.05;267.22;106.33;119.35;161.82;50.53;349.68;0.00;9.61;136.40;1.86;102.30;72.23;101.68;15.81;188.79;49.60;19.84;;
2001-04-01;90.60;107.70;82.80;100.20;18.60;105.00;108.30;133.80;106.80;127.50;92.70;84.30;85.20;96.90;180.90;62.40;118.50;100.20;19.80;203.40;0.00;73.80;41.70;0.60;45.30;101.10;97.50;29.10;288.60;32.70;81.30;;
2001-05-01;40.61;44.02;48.67;40.92;63.24;50.22;104.47;140.12;53.32;39.06;41.85;132.68;35.34;146.01;163.06;57.97;56.73;49.91;14.88;147.56;0.00;22.63;43.71;0.62;135.47;51.15;177.01;25.73;211.42;115.94;78.74;;
2001-06-01;50.10;31.50;26.40;21.00;6.60;62.70;93.00;82.80;93.30;59.10;40.80;59.70;34.80;67.20;169.50;6.00;42.90;27.30;19.20;209.40;0.30;77.10;138.90;0.00;145.80;41.70;11.40;29.40;172.50;91.20;133.50;;
2001-07-01;99.82;65.72;88.97;72.85;12.40;90.21;94.55;101.37;87.42;69.44;89.90;144.46;68.82;106.64;129.89;27.59;113.77;64.17;43.71;169.26;42.16;103.23;57.97;0.31;34.72;63.55;136.09;47.74;193.44;66.65;186.00;;
2001-08-01;66.65;71.61;72.85;65.10;1.86;57.97;91.45;100.44;67.27;61.38;68.20;95.17;49.29;82.46;128.96;5.58;84.94;92.38;4.65;137.02;178.25;103.54;94.24;0.31;106.95;42.47;49.29;33.79;221.03;62.31;144.15;;
2001-09-01;100.50;54.90;32.70;78.00;48.00;29.70;93.30;101.70;144.00;132.60;90.00;103.80;58.80;98.10;193.80;94.80;105.60;116.10;51.00;168.60;96.30;152.40;85.20;0.30;199.50;44.10;39.60;104.10;247.50;44.10;181.20;;
2001-10-01;105.71;96.41;118.73;46.19;53.01;31.93;106.33;98.58;85.25;63.24;109.74;98.89;56.73;154.69;88.66;25.73;55.49;60.76;31.31;101.37;14.88;204.60;35.65;0.31;232.19;45.88;50.22;41.23;265.98;57.97;95.79;;
2001-11-01;63.30;31.20;19.50;32.70;40.20;38.70;49.80;67.80;108.60;88.20;61.50;184.80;33.30;51.90;76.50;111.60;63.60;58.20;129.30;89.70;1.80;60.60;27.00;0.30;86.10;100.80;59.70;49.20;209.40;70.80;19.80;;
2001-12-01;56.42;54.87;39.68;28.83;9.92;21.39;24.80;24.80;89.90;102.30;50.22;109.43;29.45;18.60;59.52;70.06;48.98;51.77;6.82;84.63;0.00;11.16;46.81;3.41;38.44;71.61;35.34;50.53;370.14;50.22;16.43;;
2002-01-01;30.38;99.51;42.78;25.73;25.73;42.16;33.79;27.28;36.89;42.16;32.55;147.25;25.42;36.89;52.70;42.78;57.97;41.54;21.70;54.25;57.04;6.20;57.35;9.61;94.86;93.00;51.46;49.91;150.66;42.47;17.67;;
2002-02-01;87.64;127.12;63.00;50.40;58.52;80.64;76.16;53.48;134.68;141.40;85.68;79.24;53.20;64.96;145.04;89.88;97.16;80.36;19.32;171.36;0.00;5.88;19.60;8.12;49.56;61.32;164.92;37.52;49.56;51.80;21.28;;
2002-03-01;73.78;72.23;81.84;33.79;50.84;32.55;38.13;19.84;89.28;84.01;67.89;115.63;31.31;48.36;69.13;30.69;59.21;58.59;62.62;73.47;0.62;3.72;97.34;0.62;110.36;59.52;92.69;22.32;79.67;35.96;22.94;;
2002-04-01;18.00;49.80;40.80;49.20;33.60;85.80;30.60;36.60;45.00;37.80;20.10;123.00;49.50;36.90;60.60;75.60;30.30;24.00;135.00;70.80;0.60;9.90;89.40;1.50;62.40;75.90;60.60;64.80;168.90;21.60;54.00;;
2002-05-01;72.23;109.43;92.69;102.30;78.43;128.65;138.57;99.51;144.15;93.93;65.41;76.57;75.95;133.30;190.03;57.97;75.33;63.55;110.36;220.72;0.00;102.30;114.08;0.00;85.87;50.53;88.04;15.50;194.06;23.87;38.44;;
2002-06-01;76.50;55.20;42.90;70.50;53.70;114.30;93.00;113.10;94.20;60.90;69.30;57.90;63.60;87.60;136.50;44.40;88.20;67.50;42.00;166.80;0.90;81.30;99.00;0.60;158.10;55.20;35.40;18.60;188.70;63.30;134.40;;
2002-07-01;70.99;61.69;40.30;51.77;38.75;81.22;112.53;137.02;105.40;71.30;72.23;82.15;40.30;80.91;123.07;10.23;60.76;55.49;29.45;181.35;1.24;61.69;28.83;0.00;129.27;38.13;18.91;14.57;255.44;26.97;193.44;;
2002-08-01;109.43;28.21;78.74;99.51;37.82;62.93;111.60;150.35;80.29;53.32;99.51;137.02;69.13;147.25;202.43;57.35;75.95;95.48;98.27;186.62;102.92;94.24;74.71;0.00;111.60;43.40;45.26;57.04;124.31;16.74;93.62;;
2002-09-01;24.60;22.50;30.90;49.80;88.20;48.30;69.90;67.50;71.40;51.90;25.20;165.00;47.70;115.80;89.40;57.90;51.00;80.40;36.00;102.00;61.50;93.90;87.90;0.00;283.20;52.80;23.70;26.10;151.50;74.70;228.00;;
2002-10-01;83.70;113.77;107.26;73.47;81.22;99.51;78.12;62.62;131.44;103.23;78.12;83.08;77.19;96.41;114.39;125.24;57.04;77.81;44.02;148.49;53.32;195.92;132.99;0.93;162.75;79.98;10.85;40.92;120.90;104.16;53.01;;
2002-11-01;118.80;203.40;120.30;104.40;171.00;94.20;250.80;107.40;148.80;144.90;122.70;100.50;103.80;189.60;304.20;159.30;96.90;93.60;32.40;273.60;0.00;25.80;120.90;0.90;51.90;72.30;30.60;60.60;276.90;37.80;92.70;;
2002-12-01;88.97;153.45;125.86;74.40;33.79;86.49;93.93;81.22;87.11;91.14;99.51;141.36;76.88;106.33;107.88;118.11;118.73;100.44;27.59;134.54;1.55;6.82;104.16;1.86;97.96;92.38;59.83;57.97;266.91;25.11;13.33;;
2003-01-01;59.52;102.61;70.99;79.67;61.38;87.73;69.75;74.40;108.81;103.85;64.79;100.75;85.25;68.20;135.78;100.44;73.78;63.24;52.08;153.76;0.00;0.31;65.72;0.62;105.40;145.70;18.60;11.47;267.84;38.75;27.90;;
2003-02-01;27.72;69.72;57.40;64.40;64.68;58.52;31.92;45.36;28.00;25.20;29.68;217.84;59.92;45.64;68.88;71.96;23.52;43.12;124.32;71.40;0.56;1.40;110.88;0.84;49.00;74.48;91.28;42.00;103.32;14.56;5.88;;
2003-03-01;20.15;53.63;37.51;41.85;6.20;49.91;27.28;28.52;31.00;35.65;22.32;160.27;42.47;24.49;42.47;24.80;26.04;35.34;24.18;59.52;0.00;35.03;92.07;2.48;168.95;120.90;103.85;51.77;140.12;31.62;32.86;;
2003-04-01;44.70;48.00;27.30;50.70;73.80;53.10;50.70;54.60;44.10;50.40;45.60;123.60;36.90;77.70;104.10;56.40;54.90;36.60;33.00;105.30;0.00;13.50;67.80;0.60;149.70;62.40;137.70;50.40;205.20;47.40;53.40;;
2003-05-01;86.80;67.58;56.11;57.35;20.15;55.80;51.15;64.48;112.84;76.26;82.15;60.45;56.73;54.87;98.58;16.12;73.16;60.76;54.25;113.46;0.00;7.13;110.36;0.00;154.69;80.29;225.68;25.73;149.42;55.18;44.95;;
2003-06-01;48.60;45.90;73.20;85.20;1.80;54.60;56.10;77.40;49.50;41.10;53.10;114.30;74.10;25.80;52.50;3.30;51.30;82.80;3.00;66.60;3.90;74.40;183.60;0.00;91.50;58.20;42.90;18.30;116.10;94.20;193.80;;
2003-07-01;51.15;62.31;76.26;56.42;2.17;30.69;76.26;56.73;80.60;66.65;49.60;159.96;59.52;58.28;78.74;0.93;62.00;61.38;17.05;121.83;27.59;127.10;69.75;0.00;131.75;75.64;54.25;51.15;203.98;70.37;142.60;;
2003-08-01;21.70;13.33;22.63;48.67;4.34;39.37;45.57;115.63;22.32;36.27;26.97;116.87;28.83;60.76;80.60;2.48;37.51;34.72;5.89;93.31;66.65;118.11;175.77;0.31;322.40;38.13;67.89;22.32;191.27;133.92;136.71;;
2003-09-01;15.90;27.90;41.40;39.60;72.00;84.30;89.70;64.50;35.40;46.80;17.10;156.00;37.50;73.80;86.70;46.20;27.60;28.20;86.40;78.30;124.20;34.20;163.80;0.30;181.50;62.40;12.60;47.10;163.20;72.30;211.80;;
2003-10-01;75.95;109.43;113.46;133.61;94.86;80.60;138.26;106.33;101.37;107.88;74.71;67.27;119.97;135.78;239.94;170.81;44.02;91.14;123.07;229.71;54.87;190.96;123.07;0.00;140.43;72.85;74.09;47.43;272.49;51.77;136.09;;
2003-11-01;57.30;121.20;94.50;87.00;82.50;48.30;84.00;75.90;58.50;57.90;54.30;81.90;87.60;109.50;113.10;155.40;56.40;73.20;49.50;90.90;0.00;32.10;93.30;0.90;243.60;91.50;109.80;42.00;232.50;45.60;16.50;;
2003-12-01;54.25;84.32;79.36;63.24;162.13;126.48;114.08;90.21;43.09;39.06;56.11;204.91;68.20;191.27;89.59;96.72;79.05;68.20;159.34;77.19;0.00;6.82;168.95;2.17;53.01;118.11;33.79;20.77;240.56;35.65;2.79;;
2004-01-01;106.33;172.98;128.34;131.44;42.47;154.38;111.60;137.95;151.28;147.87;103.85;110.36;123.07;106.64;206.46;91.45;98.58;125.55;51.15;270.63;0.93;3.72;54.56;11.16;11.47;124.93;71.92;40.30;145.08;72.23;22.94;;
2004-02-01;14.50;46.98;43.79;23.20;32.48;39.15;42.92;46.40;37.99;39.44;11.60;143.26;23.20;55.10;68.73;71.05;38.28;20.01;66.70;61.77;0.00;2.90;53.65;5.51;37.12;67.28;81.78;26.39;44.08;46.40;1.74;;
2004-03-01;44.02;82.15;52.08;48.36;12.09;59.83;75.64;75.95;36.27;49.60;48.67;195.61;39.99;79.67;99.82;46.19;39.68;45.57;48.67;97.34;0.00;32.86;97.34;2.79;126.48;69.44;43.09;79.98;242.42;41.85;63.55;;
2004-04-01;56.10;107.40;67.20;71.10;56.10;123.90;78.90;156.30;50.40;50.40;56.70;120.30;67.20;142.80;96.60;92.10;52.50;90.00;117.90;125.10;0.00;62.10;125.70;0.60;79.20;64.20;58.80;57.90;138.00;36.60;46.80;;
2004-05-01;44.64;34.72;48.36;68.51;28.52;75.64;60.14;65.41;58.28;50.53;41.54;116.56;61.69;63.86;111.91;87.42;48.98;42.16;64.79;150.97;0.00;250.17;73.47;0.62;203.36;58.28;28.52;25.73;144.46;75.02;120.59;;
2004-06-01;30.30;37.20;10.80;12.90;8.70;35.40;36.30;48.90;54.30;60.60;28.50;82.20;10.20;31.80;68.70;22.80;65.70;41.10;10.50;116.10;0.00;79.80;58.80;0.00;107.70;85.80;17.40;21.90;123.60;88.20;173.70;;
2004-07-01;62.00;87.42;36.58;58.90;1.55;10.54;59.21;114.70;95.17;54.87;66.03;88.66;62.93;46.50;81.53;4.65;64.48;93.31;4.65;128.65;17.98;152.52;198.71;0.31;51.46;47.74;51.77;65.72;239.94;145.39;123.38;;
2004-08-01;128.34;134.23;87.42;93.93;26.97;91.14;153.45;134.85;97.03;114.08;129.58;106.64;84.63;179.80;143.53;7.44;108.50;91.76;24.80;160.89;39.06;84.01;140.74;0.31;80.91;45.57;61.07;55.18;77.50;68.82;93.62;;
2004-09-01;16.20;36.60;14.40;24.90;69.30;33.00;27.00;25.20;58.20;35.70;18.90;160.80;25.50;15.30;48.90;16.20;27.30;21.00;24.90;54.60;33.30;132.00;200.40;0.30;101.10;75.90;76.80;32.40;150.00;52.20;186.00;;
2004-10-01;55.18;150.97;104.78;88.66;150.04;112.53;193.75;100.13;113.15;94.24;51.77;103.54;105.40;176.08;175.15;141.36;47.43;81.53;105.71;173.91;0.31;124.62;37.20;0.00;608.53;61.38;137.64;59.21;265.67;72.54;111.29;;
2004-11-01;31.20;26.10;23.70;16.50;22.50;50.10;61.50;54.90;50.70;42.60;30.90;165.30;13.80;51.60;62.10;86.70;58.80;43.80;18.30;51.60;0.30;40.50;101.10;0.60;82.80;84.00;58.20;38.70;199.80;51.60;5.70;;
2004-12-01;56.11;59.21;36.89;57.97;57.66;55.18;75.95;57.35;63.55;64.79;61.69;176.08;49.91;58.90;135.47;148.80;55.80;62.62;75.64;114.39;0.00;0.31;102.92;1.55;89.90;110.36;73.16;89.59;269.08;51.77;8.06;;
2005-01-01;48.05;52.70;32.24;31.62;7.75;44.02;69.44;71.30;63.86;51.46;46.50;130.20;30.38;53.01;98.27;61.07;33.48;57.35;12.40;114.39;0.31;14.26;122.45;3.41;106.64;104.16;80.60;40.92;182.59;73.47;25.11;;
2005-02-01;38.36;44.52;28.84;21.56;8.96;47.60;58.52;70.00;77.00;56.28;32.20;114.80;21.56;54.04;103.04;60.20;60.76;33.32;77.84;105.28;2.24;5.04;68.04;7.28;61.88;40.88;122.36;54.32;35.00;40.60;16.24;;
2005-03-01;53.94;38.75;53.94;52.39;16.12;66.03;43.71;49.60;68.20;68.82;48.67;77.19;45.26;35.65;79.36;45.26;47.74;61.69;16.43;77.19;0.00;5.27;100.75;8.68;97.65;63.24;73.78;51.15;100.75;30.38;9.30;;
2005-04-01;61.80;100.80;60.90;95.70;71.10;89.40;190.50;136.50;122.40;105.00;58.80;114.90;75.00;116.70;182.40;73.50;82.80;67.50;32.40;180.00;0.00;67.50;135.60;0.00;64.50;90.60;34.20;24.60;160.20;42.30;77.40;;
2005-05-01;56.42;46.50;78.74;51.77;47.12;89.59;73.16;112.53;75.33;78.43;53.32;32.24;46.50;61.69;90.83;31.93;76.57;60.76;62.93;115.63;0.00;109.12;54.25;0.00;116.87;83.39;64.48;35.34;222.27;84.63;65.10;;
2005-06-01;51.30;39.00;62.70;45.30;4.20;17.10;60.60;90.90;75.90;75.00;48.00;70.20;38.70;55.50;75.90;22.80;37.80;59.10;13.50;79.80;1.50;120.00;108.90;0.30;205.20;33.90;119.40;23.10;127.20;109.20;123.90;;
2005-07-01;58.59;93.00;28.52;31.62;2.17;32.86;68.51;64.17;83.08;75.33;54.56;78.74;36.58;58.28;96.41;2.48;103.23;79.98;12.09;144.15;37.51;165.54;90.21;0.00;185.07;62.62;15.81;42.47;182.28;78.43;139.50;;
2005-08-01;53.32;26.66;16.12;20.77;10.23;79.98;40.61;53.63;77.81;62.93;55.49;124.31;12.40;39.99;171.43;10.23;100.44;44.33;18.60;175.15;119.04;78.12;26.04;0.31;127.10;32.86;5.89;55.80;176.70;23.56;170.19;;
2005-09-01;45.90;44.10;17.70;53.70;88.50;89.40;53.40;158.70;49.20;91.50;43.80;69.90;32.40;87.60;82.80;57.00;48.60;41.40;169.80;74.10;75.90;90.60;18.00;0.00;119.40;49.50;52.20;53.40;152.70;23.40;64.50;;
2005-10-01;45.88;91.45;98.58;50.22;54.87;56.42;87.42;92.69;56.11;54.25;50.22;97.96;50.84;89.59;87.73;62.93;52.70;97.96;243.35;76.26;3.41;348.13;319.61;0.00;141.05;63.55;59.83;56.73;258.54;46.81;198.09;;
2005-11-01;40.50;86.10;72.30;59.70;71.70;81.60;70.50;59.70;46.50;46.20;42.90;100.50;62.70;80.40;82.20;122.10;48.00;68.10;146.10;83.10;0.30;106.20;70.20;0.00;56.70;124.80;129.60;96.00;287.40;37.20;19.80;;
2005-12-01;47.74;90.83;50.53;68.51;28.83;57.35;71.92;65.72;76.57;75.95;46.50;199.95;82.15;51.15;116.25;150.97;40.30;47.12;16.12;133.30;0.00;79.36;90.21;0.31;7.13;122.14;18.60;37.82;170.50;71.30;16.74;;
2006-01-01;37.20;44.33;35.03;50.84;100.75;46.50;62.62;60.76;39.37;36.58;34.10;228.78;45.57;96.41;68.51;89.59;19.53;26.97;163.99;55.18;0.62;2.17;123.69;4.03;85.87;130.51;101.06;93.93;210.80;23.56;30.07;;
2006-02-01;66.36;91.00;46.48;75.32;26.04;23.24;56.56;57.68;51.24;62.72;69.44;124.88;78.96;46.20;82.04;72.24;75.04;62.16;14.84;100.24;0.84;0.00;60.76;4.48;104.72;87.08;33.60;47.60;106.68;27.16;5.32;;
2006-03-01;88.66;138.88;127.41;120.90;36.27;126.17;125.86;110.67;128.03;107.88;89.90;57.66;128.03;95.48;213.90;95.79;63.24;74.09;58.90;277.76;0.00;41.23;24.80;2.48;76.88;63.86;36.58;35.34;84.01;40.92;55.80;;
2006-04-01;28.80;41.40;30.30;39.30;3.00;46.20;79.20;80.70;96.60;51.60;32.70;115.80;35.10;59.70;116.70;21.60;52.50;33.00;12.90;141.60;0.00;41.40;154.80;1.80;110.70;98.70;17.70;53.70;155.70;42.90;40.20;;
2006-05-01;74.40;77.50;70.99;85.56;6.20;44.33;96.10;115.63;126.17;117.18;79.05;81.22;67.89;88.04;143.22;10.85;116.25;76.57;11.78;192.51;0.00;77.19;70.68;0.00;152.21;69.44;58.59;27.28;223.51;61.07;127.10;;
2006-06-01;39.30;22.80;6.90;59.70;3.90;68.10;54.00;101.10;72.30;51.60;32.70;143.10;32.40;40.20;59.40;12.30;46.20;62.40;6.30;63.00;0.00;126.30;228.30;0.00;132.30;83.40;135.00;38.70;313.50;49.20;93.30;;
2006-07-01;38.13;36.89;74.09;112.22;6.20;33.48;56.73;94.55;34.72;31.93;36.27;85.56;97.96;84.94;101.37;16.43;33.79;46.50;6.20;100.13;30.69;66.34;77.81;0.31;199.64;76.57;81.84;43.09;253.27;66.65;173.29;;
2006-08-01;82.15;56.73;52.70;36.89;12.71;74.09;129.27;137.02;165.23;164.30;92.38;65.72;36.58;84.63;171.43;37.82;157.17;63.55;31.00;262.57;107.57;62.31;94.24;0.31;140.43;80.29;46.19;45.88;121.52;143.84;217.00;;
2006-09-01;50.70;43.50;100.80;98.40;86.70;108.90;71.40;88.80;100.50;68.10;40.20;113.40;106.20;122.40;109.50;87.90;48.00;100.80;93.60;88.80;129.00;99.00;127.80;0.30;180.60;53.10;127.20;23.40;144.90;40.50;188.10;;
2006-10-01;76.88;137.64;126.17;64.48;38.75;56.73;58.90;74.71;110.98;158.10;71.30;162.13;79.36;113.77;64.17;44.02;66.65;65.10;44.02;79.98;7.13;81.84;113.77;0.62;304.73;65.72;17.36;38.13;84.01;62.93;98.58;;
2006-11-01;62.10;147.60;86.40;62.40;51.60;36.30;96.60;61.20;57.60;64.20;62.70;163.80;59.40;141.90;89.70;67.50;60.00;53.70;9.30;94.80;0.00;100.80;121.50;0.60;129.90;91.80;33.00;72.60;220.50;50.70;46.80;;
2006-12-01;63.86;135.78;101.99;50.22;59.83;28.52;66.03;29.14;42.47;50.22;68.20;141.36;47.12;47.12;79.98;63.86;95.48;114.39;23.87;80.91;0.00;3.10;42.47;3.10;125.24;124.93;91.76;50.84;397.11;35.65;18.29;;
2007-01-01;51.77;91.76;44.95;63.24;26.04;30.38;59.21;61.69;106.95;80.29;57.35;72.23;63.24;48.98;117.49;84.32;58.28;46.19;6.20;159.65;0.00;0.00;82.77;1.86;47.12;101.99;20.77;45.57;229.09;58.90;34.10;;
2007-02-01;78.12;132.72;115.36;117.60;42.84;79.24;73.92;63.28;85.96;91.00;79.80;49.00;110.60;57.40;146.16;118.72;78.40;82.04;85.96;162.96;0.00;2.52;63.56;8.68;69.16;107.80;83.44;23.80;75.60;44.52;38.64;;
2007-03-01;57.35;93.00;79.67;88.97;21.39;72.23;70.99;96.10;104.78;105.71;63.55;167.71;93.62;60.76;137.95;53.32;67.89;89.90;29.76;169.26;0.00;0.00;120.28;1.86;62.31;114.08;61.69;63.86;203.05;39.06;57.66;;
2007-04-01;6.90;44.40;56.40;47.10;28.80;45.00;19.20;33.30;2.40;3.00;9.90;134.70;47.40;79.80;69.30;42.60;0.90;16.50;120.30;61.80;0.00;52.50;210.30;2.10;127.50;106.20;103.80;24.00;279.60;34.20;71.10;;
2007-05-01;87.73;113.46;102.30;118.73;85.87;184.76;152.21;121.21;120.59;113.46;81.53;58.28;114.39;154.38;243.97;69.44;78.43;75.64;70.99;254.82;0.00;104.47;55.80;3.72;118.11;84.01;32.24;17.98;268.15;44.64;78.74;;
2007-06-01;113.70;115.20;106.20;73.80;12.90;93.90;149.10;122.40;128.40;113.40;97.80;43.20;62.40;139.80;198.30;37.50;86.10;112.20;19.50;225.30;0.90;181.20;60.60;0.00;71.10;79.20;384.00;32.10;267.60;21.60;147.30;;
2007-07-01;89.28;84.94;71.92;72.23;3.72;70.68;117.18;158.41;108.81;101.37;91.45;57.35;53.01;63.24;142.29;3.10;159.34;153.76;9.30;215.45;108.19;141.36;111.60;0.00;259.78;43.71;58.90;25.73;305.97;76.57;203.98;;
2007-08-01;98.27;44.02;44.64;68.82;10.85;85.87;124.62;141.67;90.21;126.79;97.65;119.04;80.91;95.17;142.60;22.94;55.18;55.80;28.52;194.06;172.36;199.02;105.71;0.31;32.55;66.03;79.98;30.07;205.22;89.90;243.66;;
2007-09-01;26.70;40.80;12.00;21.90;17.70;33.90;76.50;74.70;66.30;52.80;27.30;198.00;24.60;54.90;108.00;38.70;49.50;54.00;11.70;108.90;60.60;105.30;24.30;0.60;242.40;72.90;26.10;48.60;213.30;59.40;154.80;;
2007-10-01;53.63;21.70;22.32;42.47;48.05;59.52;17.98;38.13;16.12;23.56;62.93;287.06;33.79;30.69;38.75;86.49;73.47;37.82;74.09;45.57;4.03;152.83;83.08;0.00;192.51;78.12;29.76;106.95;261.64;83.39;84.63;;
2007-11-01;40.20;54.00;41.70;42.60;66.90;13.50;89.40;70.20;101.10;61.20;40.50;171.60;46.80;96.00;102.30;47.40;48.90;43.20;14.40;79.80;0.00;35.40;56.70;0.30;66.30;93.00;156.30;60.90;265.50;62.40;39.30;;
2007-12-01;58.59;73.16;45.26;58.59;27.28;65.41;68.51;53.01;90.83;95.79;59.83;233.43;52.70;48.36;168.64;111.91;61.07;65.72;45.88;186.31;0.00;34.41;120.90;0.31;91.14;94.24;79.36;65.72;303.18;19.84;19.53;;
2008-01-01;49.29;117.49;97.65;97.65;80.29;76.57;67.27;51.77;61.69;57.97;54.87;147.56;100.13;97.34;130.20;109.74;66.96;73.16;54.87;134.85;0.00;1.24;48.67;2.79;33.17;82.46;82.15;65.41;158.41;33.79;8.99;;
2008-02-01;49.30;66.41;49.30;24.94;23.49;10.44;32.48;25.23;42.34;61.48;42.92;174.87;30.16;37.41;46.11;35.67;31.61;32.77;14.50;63.80;1.45;38.57;161.82;2.32;66.12;76.56;178.93;60.03;49.88;43.50;15.66;;
2008-03-01;91.45;107.26;75.33;84.63;47.12;106.64;88.66;110.36;109.12;115.94;96.10;87.11;83.08;82.77;175.77;102.30;113.15;120.90;25.73;214.52;0.00;165.85;121.21;0.31;91.76;93.62;48.05;17.05;287.06;53.94;5.89;;
2008-04-01;77.10;63.60;85.50;97.20;76.80;98.70;145.20;122.40;112.20;105.00;82.20;59.10;93.90;137.10;149.10;98.70;48.30;67.80;40.20;166.80;0.00;26.40;63.30;0.30;240.30;103.50;93.60;36.00;245.10;51.30;77.40;;
2008-05-01;79.05;123.38;87.42;126.79;65.10;102.30;84.32;128.96;51.15;50.84;81.22;75.64;121.83;165.54;144.46;191.89;93.00;87.11;93.00;139.50;0.00;121.21;105.09;0.00;237.46;71.92;22.32;30.07;209.87;80.29;32.55;;
2008-06-01;36.30;34.50;40.50;87.00;20.40;78.00;97.80;108.00;92.40;75.90;35.10;47.10;81.00;105.90;140.40;35.70;76.20;40.20;39.90;171.90;0.30;112.20;117.00;0.00;174.00;45.90;114.30;30.60;221.70;88.20;177.60;;
2008-07-01;58.28;71.30;63.86;27.28;4.03;64.48;77.81;119.04;88.97;53.01;48.36;75.95;26.35;79.36;148.49;0.93;62.93;71.30;11.47;156.86;72.23;134.23;82.46;0.31;26.97;62.93;44.33;31.31;233.43;83.70;290.78;;
2008-08-01;67.27;74.40;57.04;75.95;16.12;30.07;100.75;117.49;98.89;124.93;72.54;99.82;89.28;104.16;115.32;4.96;81.22;63.24;16.74;144.77;185.07;190.03;84.01;0.00;113.46;83.70;48.36;41.23;231.26;86.80;173.60;;
2008-09-01;38.40;89.40;52.50;69.30;52.50;58.50;157.80;58.20;73.50;93.90;40.80;250.50;60.60;96.00;136.20;36.90;80.40;46.50;11.40;144.00;46.50;86.40;159.60;0.30;257.70;15.60;83.40;67.80;158.40;53.40;201.90;;
2008-10-01;60.14;80.60;51.15;90.83;76.26;56.73;132.37;131.44;123.69;73.16;66.34;117.80;96.41;138.57;139.19;137.33;69.75;64.79;32.86;134.54;21.70;141.67;86.80;3.72;103.54;69.75;66.96;48.36;184.76;55.49;67.89;;
2008-11-01;79.20;113.40;67.80;63.90;131.70;118.50;95.40;110.40;42.60;52.80;73.80;129.30;68.10;191.10;117.90;230.10;80.40;106.80;74.70;110.40;0.00;102.30;73.20;0.00;83.40;82.50;66.60;32.10;259.20;39.00;2.10;;
2008-12-01;34.72;64.48;42.16;71.61;139.81;90.83;102.30;99.82;73.78;65.72;33.17;163.99;58.59;147.25;127.10;184.76;26.66;49.29;150.97;127.41;0.00;3.41;146.32;1.24;94.24;122.14;88.66;70.68;242.42;44.64;0.62;;
2009-01-01;56.42;116.56;113.15;102.30;95.48;101.68;50.84;62.93;30.38;40.61;66.65;134.85;101.06;56.73;92.69;149.42;58.90;58.59;64.79;89.59;0.00;1.24;77.81;0.62;143.84;103.54;9.61;28.83;37.82;35.65;20.46;;
2009-02-01;43.96;61.32;23.24;29.68;90.16;33.88;104.16;52.64;85.68;60.20;45.36;123.76;27.16;98.00;95.48;77.84;56.56;41.72;32.76;105.56;0.00;0.00;26.04;2.52;66.08;85.12;105.00;42.28;68.04;41.16;15.96;;
2009-03-01;36.27;50.22;35.34;27.28;37.82;28.52;53.32;31.31;113.46;75.64;37.20;112.22;31.00;46.19;114.39;102.30;62.00;42.47;26.35;137.02;0.00;14.88;60.14;0.62;96.10;109.12;77.81;66.65;196.85;35.03;29.14;;
2009-04-01;57.90;80.10;83.10;117.90;122.40;140.10;80.70;113.40;37.80;49.20;65.40;137.10;96.00;145.20;89.40;131.40;50.40;61.80;108.00;103.50;0.00;36.90;64.20;0.30;115.20;105.60;83.10;33.30;130.50;21.30;23.10;;
2009-05-01;69.13;43.40;66.65;113.15;22.01;73.47;61.38;81.84;89.28;63.24;66.96;118.11;117.80;68.20;101.99;13.02;62.00;56.42;19.22;109.74;0.31;210.18;101.37;0.31;167.40;65.72;91.14;36.89;177.32;48.36;57.35;;
2009-06-01;70.50;48.30;33.00;39.90;10.20;60.90;99.60;92.10;85.20;90.00;74.10;56.10;57.00;73.80;102.00;23.40;62.10;58.80;14.10;119.40;0.30;141.00;167.70;0.00;154.20;109.50;104.70;35.70;171.60;63.60;96.90;;
2009-07-01;41.54;114.08;46.19;57.04;2.17;28.21;71.61;112.84;109.43;80.29;48.05;41.54;37.51;53.94;105.71;4.34;67.27;72.23;10.23;185.07;35.34;160.58;138.57;0.00;156.24;75.95;41.85;18.60;127.72;86.18;117.18;;
2009-08-01;28.52;22.01;23.87;24.80;5.58;74.09;58.28;114.39;69.13;47.12;29.45;85.56;20.15;49.91;54.87;1.55;32.55;30.69;8.99;86.49;115.94;92.07;172.98;0.00;174.22;93.31;7.75;31.93;175.15;89.90;132.06;;
2009-09-01;28.50;20.10;47.10;42.90;89.40;34.80;53.70;37.50;33.90;45.60;27.00;156.90;40.20;52.50;72.00;74.10;19.80;31.50;11.40;87.00;91.20;205.20;61.50;0.30;63.00;66.30;20.40;30.60;125.10;37.20;315.60;;
2009-10-01;63.86;76.88;48.05;38.75;81.53;48.98;84.94;46.50;68.51;44.02;75.33;155.93;32.55;104.16;72.54;73.47;62.00;58.59;36.58;70.99;30.69;58.90;158.72;0.62;252.65;72.23;108.81;62.62;164.92;127.41;147.56;;
2009-11-01;84.60;228.60;142.80;132.30;51.00;89.40;105.60;75.60;107.70;131.10;92.10;54.30;152.10;73.50;180.90;138.90;101.70;105.90;20.40;211.80;3.00;106.50;78.90;1.20;164.10;67.50;24.60;66.30;255.00;72.00;7.20;;
2009-12-01;86.80;131.75;119.66;113.15;110.05;58.28;95.79;81.22;110.67;100.13;87.73;58.90;106.64;67.58;172.36;261.02;92.07;75.33;20.15;169.26;0.00;43.71;152.83;2.79;92.07;80.60;79.67;60.76;281.79;44.02;42.78;;
2010-01-01;41.23;81.53;53.94;78.74;116.25;80.60;78.12;84.63;67.89;59.83;40.92;128.96;69.75;79.67;119.04;189.72;47.74;55.18;83.70;97.03;0.00;4.03;46.50;2.79;18.60;174.53;45.88;115.32;88.66;18.29;96.41;;
2010-02-01;71.40;124.60;70.00;70.28;84.00;49.56;87.64;66.92;76.72;94.08;79.80;42.00;61.04;96.04;129.08;136.64;84.28;82.60;74.48;116.76;0.00;0.84;140.28;6.44;105.28;107.24;173.60;19.04;59.08;59.08;100.52;;
2010-03-01;38.44;50.84;52.39;66.96;48.98;52.39;56.73;63.86;61.07;61.07;36.89;102.92;68.20;73.47;97.96;84.63;48.05;42.47;104.16;104.16;0.00;1.55;260.71;0.62;146.63;78.43;74.71;24.49;189.72;22.32;2.79;;
2010-04-01;21.60;28.50;27.00;30.30;33.60;28.80;33.60;42.90;32.10;33.30;20.70;79.20;25.20;54.00;70.80;42.30;24.00;21.30;25.50;81.00;0.00;53.70;48.60;0.30;212.10;63.60;38.70;26.40;191.10;25.80;42.60;;
2010-05-01;41.85;49.29;41.54;45.57;70.37;129.89;131.44;150.35;142.91;101.68;47.74;40.30;47.12;153.76;199.64;67.58;54.56;33.79;92.07;217.00;0.00;141.05;41.54;0.31;115.01;71.61;145.39;26.35;212.97;60.14;62.31;;
2010-06-01;62.40;47.10;32.70;88.80;39.30;61.50;91.20;141.60;66.00;70.50;55.50;48.60;93.90;131.70;138.00;78.90;46.80;51.00;22.20;131.10;1.20;139.50;47.40;0.00;153.60;78.00;76.50;16.80;233.10;73.20;79.20;;
2010-07-01;53.94;52.39;18.91;25.11;0.00;27.28;52.08;115.63;116.87;72.85;52.70;76.57;33.17;39.06;85.87;17.67;59.52;31.62;5.89;115.94;21.70;277.45;77.81;0.31;143.53;54.25;100.75;39.99;249.55;22.63;320.54;;
2010-08-01;79.05;77.50;28.83;40.30;4.34;41.23;55.49;70.99;185.07;134.23;76.26;75.02;35.03;33.48;111.29;29.45;135.78;67.58;38.75;240.25;90.21;176.39;72.85;0.31;87.11;43.40;29.76;18.60;188.79;84.94;155.93;;
2010-09-01;51.90;48.30;41.10;35.70;52.80;42.60;70.80;100.80;89.70;96.00;49.20;135.60;45.30;106.50;92.70;19.50;79.20;60.60;38.70;105.60;136.50;120.60;73.20;0.00;299.70;52.20;50.40;36.60;222.90;54.00;204.90;;
2010-10-01;50.53;106.02;77.50;111.29;89.90;126.79;74.40;104.16;54.56;46.19;50.84;62.31;90.52;172.36;115.94;123.07;66.96;89.90;161.82;75.33;40.92;99.51;121.83;0.62;289.85;52.70;94.24;76.57;241.49;38.44;9.30;;
2010-11-01;74.40;158.10;108.30;126.90;105.60;79.80;114.00;101.70;104.10;120.00;80.10;48.60;121.20;127.50;190.80;239.10;86.10;114.90;47.40;175.50;0.00;153.90;62.10;0.00;78.30;70.20;165.30;34.80;338.10;81.90;6.90;;
2010-12-01;88.04;83.39;88.66;73.47;75.33;40.30;87.73;96.72;175.46;148.18;79.36;74.71;83.08;92.69;123.07;141.05;52.70;69.75;19.22;151.59;0.00;17.67;84.94;1.86;106.64;111.60;45.57;48.67;162.44;78.43;0.62;;
2011-01-01;60.45;78.12;56.42;40.61;35.96;22.63;48.98;35.34;83.39;78.74;62.62;137.95;39.37;44.95;59.83;75.64;59.52;44.33;82.46;64.79;0.00;0.93;80.91;11.78;9.92;108.81;53.01;41.85;301.63;31.62;4.34;;
2011-02-01;29.40;103.60;50.40;36.12;48.16;61.32;53.20;39.48;39.76;33.88;29.96;137.76;35.00;44.24;59.92;64.12;43.96;45.08;27.44;57.96;0.00;11.76;71.68;1.68;116.48;55.16;36.68;54.88;35.56;27.44;2.52;;
2011-03-01;30.69;25.11;26.35;37.82;78.74;63.86;63.24;78.12;30.38;35.03;25.11;131.75;31.31;108.50;99.82;92.38;16.43;31.31;140.74;91.45;0.00;1.24;150.97;1.55;73.16;62.31;85.25;86.18;179.80;23.56;21.39;;
2011-04-01;12.90;22.50;9.90;19.50;19.50;31.80;14.10;29.40;21.00;25.20;17.70;213.00;15.90;27.30;45.30;47.10;19.20;10.50;38.40;47.10;0.00;147.90;135.00;5.40;62.40;86.10;91.80;50.10;161.40;46.80;40.20;;
2011-05-01;6.82;29.76;30.38;29.14;4.34;46.50;51.15;71.92;43.09;26.66;6.82;77.19;25.73;74.71;115.01;8.37;14.57;22.32;26.66;115.94;0.00;108.50;124.93;0.93;229.09;88.97;116.25;34.72;229.71;52.70;23.56;;
2011-06-01;84.60;51.60;35.70;40.50;52.20;56.70;75.60;49.20;90.90;69.30;89.70;54.00;43.20;78.30;153.00;54.00;81.60;67.20;48.00;185.70;0.30;83.70;99.60;0.00;107.40;58.20;62.70;8.10;245.40;64.80;145.50;;
2011-07-01;92.38;44.95;44.95;49.29;60.45;103.85;170.81;144.15;119.97;76.88;77.81;84.63;63.55;127.41;181.66;37.82;78.12;85.25;29.45;198.71;20.46;186.00;61.07;0.31;113.46;48.05;106.02;44.02;125.24;90.83;230.33;;
2011-08-01;65.72;57.04;119.66;78.12;7.13;24.80;88.04;71.30;102.61;123.69;69.13;38.75;74.09;72.23;61.38;1.24;98.27;106.33;19.53;84.63;184.14;227.85;293.26;0.31;171.74;48.67;87.11;43.71;130.82;42.16;163.06;;
2011-09-01;40.50;45.90;33.90;41.40;41.70;20.10;41.70;40.20;55.80;58.80;39.60;121.20;31.20;33.30;86.70;20.40;43.20;44.70;18.90;104.70;40.80;87.60;140.40;0.30;157.20;62.70;110.40;71.10;165.30;70.80;119.40;;
2011-10-01;35.03;88.35;21.08;31.93;44.64;30.69;84.32;53.01;64.79;61.38;31.62;161.51;38.13;79.05;81.53;35.65;36.58;21.39;122.14;86.49;15.81;203.05;136.71;0.00;155.62;43.09;62.31;74.09;274.97;44.02;83.70;;
2011-11-01;45.60;41.10;41.70;51.90;195.00;62.10;45.30;55.50;6.60;14.70;46.20;143.70;48.90;181.50;39.60;108.00;27.60;26.40;161.10;12.00;0.00;63.00;91.80;7.80;96.30;78.90;151.20;81.60;344.10;41.70;46.20;;
2011-12-01;125.24;165.54;111.29;111.60;14.57;81.53;136.71;129.58;198.71;179.49;127.41;103.54;119.04;93.00;272.49;126.48;123.07;137.64;4.65;327.36;0.00;13.02;100.13;0.31;54.87;70.99;79.98;35.03;264.12;69.44;4.96;;
2012-01-01;42.47;66.96;37.51;44.33;18.91;43.40;70.68;54.56;120.28;89.59;41.54;194.99;42.78;53.32;159.03;95.79;53.32;35.96;14.57;177.32;0.00;0.31;70.06;4.34;49.29;74.09;99.51;89.28;77.81;49.29;39.06;;
2012-02-01;14.50;34.51;14.79;11.60;12.76;18.85;14.21;23.78;25.52;22.04;14.50;206.77;9.86;15.66;14.79;20.30;22.91;27.26;3.19;17.11;0.00;0.00;36.83;2.61;106.43;87.58;173.13;88.16;164.43;34.51;86.71;;
2012-03-01;27.28;35.34;29.45;22.63;12.40;37.82;39.99;37.20;26.04;36.27;27.59;172.98;17.67;29.45;49.29;14.57;54.25;26.04;39.37;43.09;1.24;1.24;37.51;1.55;157.17;100.75;152.83;40.30;204.91;46.81;57.66;;
2012-04-01;89.10;149.10;113.10;158.10;45.90;107.70;145.50;123.60;73.80;104.40;90.00;73.50;164.40;162.00;219.00;97.20;110.40;117.90;64.20;210.60;0.60;37.50;50.40;0.30;120.30;102.90;103.50;15.60;231.30;64.20;24.60;;
2012-05-01;68.82;71.61;64.17;69.44;64.48;73.47;142.29;145.70;77.81;116.25;61.07;39.37;64.48;142.29;151.28;149.73;48.98;52.70;36.58;167.40;0.00;77.81;99.82;0.93;178.87;51.15;40.92;42.78;230.02;44.02;52.39;;
2012-06-01;97.20;95.10;73.20;91.50;13.80;57.30;124.50;90.90;97.80;114.60;92.40;19.20;107.40;104.10;129.00;10.50;100.50;128.70;22.20;186.90;0.60;78.60;92.10;0.00;187.80;79.20;113.70;20.40;126.60;108.90;168.30;;
2012-07-01;93.00;70.37;83.08;36.27;4.34;29.45;82.46;72.54;91.45;85.87;83.08;59.21;29.76;72.85;70.99;10.23;121.21;72.85;26.66;123.07;30.69;108.50;103.54;0.00;108.19;69.13;47.74;43.71;223.51;56.73;179.18;;
2012-08-01;14.57;64.17;27.90;20.15;15.50;58.90;93.31;86.49;82.15;62.31;14.57;129.89;13.02;75.02;105.71;0.93;45.88;38.13;54.87;155.31;160.89;193.75;91.45;0.31;52.08;48.67;20.15;57.66;154.07;95.17;218.86;;
2012-09-01;42.90;78.60;45.30;50.40;38.70;45.90;118.20;77.70;68.40;75.90;36.60;138.90;49.80;106.50;130.50;74.40;30.60;33.30;59.40;132.90;138.90;131.10;113.70;0.30;176.40;92.10;24.90;77.70;103.20;73.20;99.30;;
2012-10-01;101.99;109.12;165.23;112.84;147.87;82.15;77.81;91.45;67.27;64.79;102.61;82.46;102.61;74.09;116.56;211.11;163.68;137.02;167.71;125.86;9.61;150.04;121.21;0.31;128.96;71.92;33.79;26.97;218.86;126.48;6.82;;
2012-11-01;41.40;145.50;57.00;51.60;107.40;48.00;157.50;61.20;115.80;89.10;48.30;115.80;57.60;99.60;213.30;211.80;50.70;66.60;42.90;180.00;0.00;39.90;37.80;6.60;100.20;81.90;38.40;27.90;329.70;86.40;40.50;;
2012-12-01;99.51;167.40;137.64;107.57;39.68;71.92;84.01;78.12;131.13;130.51;104.47;99.20;113.77;67.27;199.64;109.43;113.46;109.74;10.85;269.08;4.03;29.14;116.25;0.00;93.93;139.19;26.66;75.33;291.09;42.16;1.24;;
2013-01-01;56.42;137.02;73.78;117.18;67.58;180.42;81.22;63.55;74.40;65.72;57.66;138.88;115.01;59.83;121.52;157.79;55.49;67.27;46.19;116.87;0.00;0.00;56.73;8.37;57.35;86.49;183.83;51.15;114.70;43.40;24.80;;
2013-02-01;61.04;45.92;58.80;44.52;25.20;85.96;65.80;82.04;86.24;66.36;58.24;163.24;53.76;61.60;134.68;136.36;42.56;54.60;29.96;141.68;0.00;14.00;94.64;1.12;53.76;84.00;185.36;25.48;327.04;38.08;5.04;;
2013-03-01;61.38;121.83;84.63;67.58;109.74;96.10;80.91;93.31;53.32;54.56;56.11;61.07;50.22;129.58;145.08;213.28;71.61;100.75;139.19;141.98;0.00;7.13;70.06;0.00;63.24;84.32;53.01;15.19;104.47;67.27;22.32;;
2013-04-01;54.00;78.00;61.50;70.20;81.00;82.50;134.40;85.80;106.80;109.20;56.40;81.60;71.10;139.50;153.00;101.40;34.50;48.60;109.80;162.90;0.30;24.60;33.90;0.00;173.40;58.50;109.80;30.30;241.20;43.50;30.00;;
2013-05-01;94.86;47.74;95.48;92.69;87.11;133.30;194.06;138.57;146.94;140.12;90.83;110.67;83.39;158.41;243.35;105.71;93.00;92.69;51.15;272.18;0.62;211.11;90.21;0.62;54.87;76.57;74.40;40.30;222.58;83.70;77.19;;
2013-06-01;57.60;51.90;56.10;111.30;12.90;56.70;43.50;35.70;83.40;93.00;55.80;95.10;91.20;44.40;109.80;17.10;56.10;38.70;16.50;142.20;3.00;151.20;189.90;0.30;159.00;93.90;169.80;51.60;93.00;44.10;205.20;;
2013-07-01;24.80;18.60;44.33;38.44;21.08;28.52;80.91;76.26;86.49;43.71;35.65;110.05;59.52;78.12;135.16;22.63;41.54;43.40;51.77;127.10;26.97;149.73;143.22;0.31;82.15;96.41;26.35;62.00;177.94;88.35;134.23;;
2013-08-01;50.84;24.49;21.08;40.30;4.96;52.39;89.28;117.80;64.48;56.73;50.22;138.26;33.48;77.19;74.71;6.82;39.37;23.56;36.58;83.39;367.35;127.72;62.31;0.31;58.28;74.09;14.88;112.84;212.35;74.40;124.62;;
2013-09-01;60.30;51.60;34.20;63.30;37.50;58.50;92.10;95.70;113.10;96.30;47.10;135.00;64.20;75.60;127.50;72.60;60.60;48.30;31.20;159.30;127.20;216.00;49.20;0.30;115.50;32.10;43.50;50.10;228.60;177.90;341.40;;
2013-10-01;75.33;175.15;107.88;100.13;28.52;30.69;110.36;80.60;118.42;133.61;68.82;19.22;92.07;91.76;179.49;57.35;94.55;97.96;32.24;174.22;9.30;96.10;48.05;0.31;354.64;64.48;29.14;32.24;244.28;32.55;105.40;;
2013-11-01;89.10;87.90;84.60;110.70;60.00;183.60;120.90;124.20;115.20;110.10;96.00;169.20;117.00;115.80;203.70;164.40;97.80;108.90;197.10;198.60;1.20;21.60;85.80;1.80;54.90;89.40;202.20;53.70;268.50;70.50;79.20;;
2013-12-01;54.25;179.18;104.47;60.76;93.93;33.79;86.80;41.54;66.34;54.56;64.17;100.75;62.93;86.18;106.64;81.22;63.24;83.39;12.71;97.34;0.62;6.20;124.62;4.03;53.01;120.59;40.92;22.94;218.24;44.95;42.78;;
2014-01-01;71.61;184.45;135.16;144.15;177.01;144.15;111.60;81.84;71.30;79.67;76.88;64.79;136.40;136.71;177.01;193.44;87.42;83.70;38.44;165.85;0.00;0.00;68.82;3.72;39.68;112.53;25.11;44.33;60.45;37.82;30.07;;
2014-02-01;82.04;208.60;148.12;120.12;103.32;81.48;129.36;73.08;78.96;88.48;88.48;17.64;131.04;126.56;186.20;169.40;86.52;113.96;21.28;177.24;0.00;1.40;130.48;5.04;195.44;70.28;78.96;36.68;2.80;26.32;3.92;;
2014-03-01;20.77;95.17;44.33;66.65;26.35;69.75;29.14;35.03;21.70;22.32;23.56;155.62;69.75;27.90;70.68;121.21;31.00;50.53;15.81;59.52;0.00;9.61;79.36;2.17;95.48;184.76;119.97;45.26;71.92;19.84;37.82;;
2014-04-01;56.10;53.70;46.20;63.00;15.30;99.00;41.40;54.30;43.20;27.60;49.80;96.30;52.50;57.90;81.30;72.00;33.30;75.90;63.90;119.70;0.00;8.70;99.00;0.30;120.30;58.80;75.30;18.30;177.30;24.60;57.60;;
2014-05-01;107.88;84.01;40.30;96.72;17.36;72.23;66.03;98.58;85.87;82.77;93.93;106.64;90.21;59.21;170.50;32.55;92.69;109.12;30.38;192.82;0.93;159.03;92.07;0.93;86.18;56.11;34.41;32.55;267.53;59.21;130.20;;
2014-06-01;84.00;36.00;38.70;56.10;38.70;46.20;39.30;47.40;37.50;45.60;87.60;135.00;51.30;58.50;108.60;56.10;49.80;75.30;16.80;110.10;0.00;77.10;72.90;0.00;234.00;62.10;71.40;19.20;223.20;64.80;262.20;;
2014-07-01;131.13;53.01;69.75;77.19;18.29;116.56;183.52;166.47;172.67;160.89;120.90;154.38;71.30;153.14;268.77;46.19;85.87;94.55;42.78;327.05;2.79;117.80;88.97;0.00;88.66;57.04;25.42;52.39;240.25;15.81;178.25;;
2014-08-01;109.74;71.92;119.35;63.55;34.41;84.32;83.08;119.04;135.78;139.19;115.01;60.76;72.23;64.48;131.44;1.55;111.91;140.12;62.31;155.31;46.81;161.82;42.16;0.00;110.67;66.96;165.23;16.43;275.28;52.70;136.09;;
2014-09-01;19.80;25.20;16.50;18.60;78.30;27.90;55.50;102.00;49.50;27.90;23.40;174.00;12.90;57.00;72.00;16.50;39.30;18.90;63.30;69.00;42.60;127.50;28.20;0.00;84.90;78.60;46.20;61.20;100.80;28.50;164.70;;
2014-10-01;55.80;113.15;88.66;40.30;62.62;22.94;170.81;60.76;81.84;99.20;58.59;82.46;44.95;146.94;66.96;69.44;64.79;58.28;18.60;94.86;1.24;164.30;109.43;0.31;245.83;68.20;103.54;62.93;107.88;43.71;154.38;;
2014-11-01;64.50;139.80;106.80;119.40;290.70;111.30;176.70;121.50;62.70;104.10;65.40;98.70;109.20;170.70;203.70;157.20;52.20;66.60;198.30;150.30;0.00;39.60;95.70;1.20;115.80;102.30;26.10;65.70;300.30;16.20;45.30;;
2014-12-01;75.02;62.93;44.33;28.83;112.84;79.98;69.44;63.55;93.93;80.29;75.95;166.78;26.04;66.03;96.10;108.19;62.00;74.40;55.80;103.54;0.00;22.32;119.97;0.62;62.00;131.75;101.99;41.54;447.33;62.00;27.28;;
2015-01-01;48.98;119.97;76.26;70.68;85.87;68.20;115.63;64.17;109.12;115.63;56.73;159.34;80.60;97.03;166.16;73.78;101.06;78.12;22.94;177.63;0.00;3.10;119.35;3.41;91.76;57.97;126.17;47.43;114.39;57.66;21.70;;
2015-02-01;55.72;87.92;62.44;63.00;118.16;102.76;66.08;64.68;45.64;42.84;56.56;148.68;60.20;57.12;124.88;126.28;60.48;68.60;36.68;98.56;0.00;1.12;59.92;4.48;72.52;96.60;51.52;57.68;101.64;25.76;45.92;;
2015-03-01;39.37;36.58;36.58;38.13;67.58;84.32;68.20;71.30;57.66;64.48;36.89;199.64;35.34;65.72;136.09;115.63;41.23;28.83;89.90;135.16;0.00;14.57;113.46;0.93;110.98;86.18;67.27;74.71;110.05;19.84;99.82;;
2015-04-01;43.80;50.10;40.20;51.90;44.70;95.10;85.80;76.20;75.90;56.40;37.50;104.40;48.90;82.80;109.20;59.10;26.10;36.90;44.40;111.90;0.00;84.90;59.40;1.50;116.40;67.20;354.90;24.30;171.60;63.90;83.70;;
2015-05-01;67.89;59.21;69.13;45.26;2.79;39.68;65.10;52.08;93.00;64.79;70.37;80.91;54.25;38.44;151.28;18.60;61.38;55.49;15.81;209.87;0.62;163.68;33.79;1.55;75.02;93.62;67.58;15.81;265.67;104.16;213.59;;
2015-06-01;13.20;18.90;41.10;58.50;16.20;49.80;72.30;44.70;35.70;38.10;9.90;54.60;54.60;63.60;118.50;27.60;30.90;23.40;39.00;106.80;0.00;111.30;204.30;0.00;138.00;84.30;93.00;27.60;190.50;66.90;189.60;;
2015-07-01;31.62;66.03;52.39;17.36;0.31;38.75;35.03;31.31;25.42;36.58;27.28;75.64;22.94;31.62;40.61;4.65;57.35;63.24;13.64;73.16;51.46;103.54;71.30;0.00;247.38;83.39;50.53;19.84;128.65;58.28;167.40;;
2015-08-01;74.40;144.77;70.68;125.24;30.38;109.74;84.94;85.87;59.52;39.37;74.09;84.01;112.84;120.59;139.19;11.78;115.94;116.87;45.26;136.71;317.44;137.64;44.95;0.00;108.50;71.30;38.13;69.44;142.29;29.76;145.39;;
2015-09-01;63.90;48.60;56.10;51.90;32.40;49.50;131.10;96.90;92.40;105.00;59.40;123.60;64.50;98.10;128.40;52.80;70.80;56.40;59.70;144.60;113.70;144.30;96.00;0.30;302.70;81.30;68.70;71.70;71.70;65.70;153.30;;
2015-10-01;48.36;78.43;40.92;65.10;90.83;30.38;86.18;37.82;39.37;36.89;50.53;191.27;63.55;93.00;100.13;130.51;33.17;44.95;22.94;75.33;25.42;72.54;66.96;2.17;81.84;49.29;39.68;76.26;69.13;23.56;108.19;;
2015-11-01;63.30;74.70;48.00;44.40;27.60;57.30;53.40;53.70;84.90;73.80;69.30;100.80;45.90;53.70;94.80;38.10;91.50;72.30;51.30;103.80;0.00;367.20;39.30;14.70;165.90;90.90;80.10;41.10;298.20;45.60;46.80;;
2015-12-01;37.20;92.07;43.09;11.16;32.24;7.75;23.56;15.81;37.82;29.45;37.82;117.80;13.64;14.26;16.12;26.35;44.64;42.16;8.06;24.80;0.00;36.58;106.64;4.65;97.96;64.17;77.50;97.34;214.52;50.22;48.05;;
2016-01-01;79.05;197.78;112.84;194.99;36.27;89.59;103.54;111.60;121.83;102.30;85.56;73.47;196.85;70.37;194.99;166.16;100.13;97.03;27.90;273.42;0.00;4.65;88.66;6.20;113.77;64.17;240.56;52.39;175.15;66.03;22.01;;
2016-02-01;64.67;134.56;85.55;130.21;80.62;96.28;91.93;96.86;114.84;112.81;68.73;89.90;121.80;102.95;164.14;174.87;81.78;78.88;56.55;201.26;0.00;0.00;102.08;0.87;68.15;95.99;27.55;27.55;166.75;43.79;12.76;;
2016-03-01;92.07;83.39;83.39;85.56;29.76;78.12;76.88;84.32;65.72;83.70;93.00;119.66;82.15;77.50;128.96;63.24;70.37;80.29;44.02;130.20;0.00;1.86;32.24;3.41;127.72;87.11;71.92;57.35;90.21;60.76;84.32;;
2016-04-01;77.40;54.60;45.60;79.80;27.00;70.50;111.00;153.90;126.90;117.60;71.10;49.80;80.70;105.60;153.60;29.10;61.80;66.00;57.00;180.00;0.00;3.60;68.40;0.30;94.20;64.20;64.20;13.50;194.40;40.50;35.70;;
2016-05-01;175.46;47.12;86.18;102.61;40.61;97.96;152.83;152.21;119.35;120.28;177.01;60.45;107.57;136.71;228.47;59.52;104.47;77.19;58.90;268.15;0.00;109.43;92.69;0.00;101.99;24.49;23.56;44.33;285.82;57.97;101.99;;
2016-06-01;79.80;69.00;54.30;53.40;10.20;48.30;94.20;116.40;143.10;159.60;75.30;74.10;62.40;81.00;156.60;43.80;108.60;80.70;14.10;213.60;0.60;279.90;60.00;0.30;162.60;52.50;194.40;25.20;152.70;85.50;238.50;;
2016-07-01;30.38;28.21;9.61;5.27;14.26;38.44;72.54;57.04;63.55;55.80;19.22;53.01;6.51;92.38;134.85;5.58;22.63;17.05;14.88;166.78;47.12;218.55;132.06;0.31;132.37;70.37;91.76;52.39;178.87;100.75;166.78;;
2016-08-01;18.91;51.15;12.71;17.98;4.65;16.12;31.93;53.01;47.74;28.83;21.70;81.53;17.67;30.38;65.72;15.50;44.64;34.72;14.57;77.19;120.59;68.20;58.28;0.00;270.63;74.71;107.57;56.11;227.85;100.13;224.13;;
2016-09-01;27.90;57.60;42.90;25.80;33.90;39.90;38.10;47.10;37.80;30.30;25.80;101.40;36.00;44.40;87.00;76.50;34.50;46.50;41.10;93.00;123.90;57.90;63.00;0.30;202.20;30.30;77.40;78.30;166.80;51.90;182.10;;
2016-10-01;35.65;52.70;38.44;48.67;112.22;57.04;101.37;104.47;58.59;61.07;31.31;258.85;42.47;78.12;65.41;48.36;38.13;31.00;119.66;76.57;0.00;27.28;80.91;0.31;92.69;54.25;46.81;108.19;257.30;34.10;73.16;;
2016-11-01;65.70;116.10;78.00;77.40;106.80;81.00;141.60;110.70;81.30;99.00;65.10;169.50;80.40;176.10;191.70;168.00;82.80;76.50;53.40;168.30;1.50;5.40;76.20;0.60;150.60;102.30;25.80;94.80;369.00;83.70;77.10;;
2016-12-01;21.70;25.73;14.26;11.78;37.20;6.20;16.43;23.25;8.68;9.61;21.70;195.61;13.64;35.34;6.82;79.98;17.05;12.09;54.25;1.86;0.00;59.52;78.74;4.34;89.90;122.14;70.37;80.29;191.27;41.54;20.77;;
2017-01-01;38.44;53.94;28.83;28.21;49.29;42.47;48.05;52.70;60.76;48.98;35.34;153.14;24.49;63.86;64.17;128.34;53.32;53.01;88.66;78.43;0.00;18.91;94.86;2.48;48.05;128.03;39.06;44.95;245.83;40.61;1.24;;
2017-02-01;50.96;100.24;73.92;82.60;28.56;73.36;42.28;67.48;64.12;82.60;54.32;162.96;71.40;56.00;100.24;115.36;50.12;63.28;102.20;100.80;0.28;0.00;50.12;5.04;37.52;106.40;102.20;68.60;185.64;32.48;5.60;;
2017-03-01;84.32;68.51;62.00;80.29;49.29;92.07;55.80;85.56;73.78;67.27;79.67;91.45;71.30;101.06;119.04;49.60;44.02;56.42;73.16;137.33;0.00;17.98;125.24;2.48;107.26;72.85;252.03;47.74;167.40;47.43;53.63;;
2017-04-01;20.70;18.60;24.00;24.90;50.70;40.50;61.20;55.80;50.40;22.80;21.60;202.50;20.10;69.60;69.00;15.90;15.60;24.00;28.80;70.20;0.00;13.20;100.80;3.30;112.50;60.90;62.70;30.00;335.40;71.40;46.80;;
2017-05-01;56.73;85.56;86.18;90.52;37.82;92.69;84.94;120.59;76.88;59.83;55.49;102.92;88.04;77.19;152.52;14.57;44.02;88.66;25.73;162.13;0.00;153.76;129.58;0.00;86.49;86.80;77.19;18.60;311.86;75.33;71.30;;
2017-06-01;52.50;54.00;42.30;96.00;4.80;83.10;78.30;93.00;67.20;52.50;51.60;113.70;88.20;85.80;167.10;23.40;28.20;61.20;40.20;143.10;1.80;89.70;112.50;0.00;88.80;50.70;125.40;20.40;124.20;73.80;138.30;;
2017-07-01;62.93;60.45;38.44;47.74;1.86;106.64;63.86;73.47;111.91;87.42;45.57;67.58;38.13;47.74;107.26;4.34;51.46;35.34;19.53;110.36;10.54;84.01;149.11;0.00;109.12;60.76;14.26;42.78;166.47;99.20;236.22;;
2017-08-01;94.24;56.11;43.71;59.52;2.48;65.41;132.06;108.81;86.49;45.88;73.47;91.14;31.62;79.67;103.54;2.17;96.41;56.73;27.59;112.53;125.55;194.37;95.17;0.00;121.52;92.07;28.83;40.61;268.46;49.29;168.33;;
2017-09-01;91.80;76.20;60.00;71.70;22.20;55.50;49.80;75.90;59.70;102.00;65.70;129.90;75.60;37.20;67.80;31.50;65.10;89.70;18.30;96.90;46.20;256.20;64.50;0.00;172.20;79.50;4.50;64.20;198.00;38.40;252.90;;
2017-10-01;35.65;61.38;30.07;16.12;2.79;16.12;20.77;16.43;66.34;49.29;32.55;63.24;15.50;13.33;38.44;19.53;35.34;32.55;36.27;60.45;0.00;102.61;138.57;0.00;481.12;57.35;57.97;44.95;214.21;81.22;98.89;;
2017-11-01;55.20;72.90;29.40;39.30;22.50;56.40;86.40;92.10;144.30;131.40;56.10;98.70;40.20;60.30;125.40;90.90;74.10;104.40;8.40;144.60;0.00;39.60;40.80;0.30;90.00;123.00;72.00;25.80;317.70;39.90;5.70;;
2017-12-01;84.01;123.07;82.15;124.93;57.35;101.68;116.56;122.76;106.02;115.01;90.21;98.27;120.59;93.31;238.08;216.38;106.33;112.84;34.10;256.99;0.00;15.50;55.80;0.62;20.77;100.13;118.42;63.86;170.50;72.85;0.93;;
2018-01-01;120.59;135.78;81.53;114.70;124.31;108.50;141.67;129.89;172.05;192.51;119.04;138.88;133.61;167.40;260.40;106.33;94.55;96.10;70.99;294.19;0.00;0.62;73.47;5.27;48.98;130.20;25.73;55.49;286.13;50.22;34.10;;
2018-02-01;70.28;74.76;54.60;66.08;56.84;101.64;57.40;73.08;51.52;38.08;66.08;198.52;64.12;56.84;89.88;140.28;31.36;42.28;69.16;96.60;0.84;28.56;162.12;7.84;68.60;81.48;63.00;66.08;48.44;47.88;37.24;;
2018-03-01;99.82;120.90;131.13;123.07;104.78;92.69;141.98;95.48;53.63;74.40;98.89;63.86;128.34;128.96;209.56;213.28;91.14;98.27;114.39;192.51;0.31;53.32;128.96;0.93;126.17;86.49;66.34;19.53;137.64;33.79;26.35;;
2018-04-01;88.50;61.20;87.00;92.10;96.90;91.50;52.50;60.60;39.90;67.80;90.30;112.50;93.00;118.20;69.00;55.50;87.00;90.00;104.40;64.20;0.00;16.80;102.90;0.60;71.10;62.70;33.00;24.90;172.20;40.80;60.90;;
2018-05-01;49.60;30.07;58.28;98.89;83.39;135.16;108.81;116.56;64.79;69.75;47.12;208.63;102.30;164.30;176.70;145.08;63.55;57.66;94.55;204.91;0.00;270.01;105.71;0.93;166.78;63.55;20.46;75.95;228.47;40.30;50.84;;
2018-06-01;79.80;59.70;97.80;92.10;48.60;71.70;62.10;64.80;47.10;47.40;85.80;122.10;89.40;92.70;127.80;57.00;11.70;46.50;39.90;139.80;4.20;166.20;69.90;0.30;204.30;38.40;135.90;33.30;232.50;54.60;236.40;;
2018-07-01;18.60;34.72;50.84;59.21;25.11;107.88;69.13;86.49;42.47;19.84;14.88;106.95;53.32;79.05;56.73;20.46;13.64;45.88;19.53;48.05;6.20;108.50;138.26;0.00;126.79;34.10;6.20;91.14;137.64;86.49;81.53;;
2018-08-01;48.36;36.58;35.96;36.27;34.41;46.50;43.71;32.86;47.43;35.96;45.88;87.73;25.11;40.61;88.66;51.77;83.08;58.59;30.38;116.87;53.32;120.59;139.81;0.31;84.01;60.76;21.08;63.24;109.43;19.22;230.95;;
2018-09-01;21.60;25.20;5.40;24.00;3.30;21.00;15.60;33.00;35.10;30.90;18.90;106.50;23.70;17.40;38.40;30.30;53.40;24.90;38.10;38.40;102.00;83.10;178.80;0.30;297.30;65.40;66.00;50.40;116.70;55.20;161.70;;
2018-10-01;27.59;67.89;34.72;56.11;208.01;98.89;89.59;70.37;29.14;20.46;29.14;154.38;48.98;125.86;115.63;203.05;38.13;50.22;179.18;82.15;0.93;102.92;86.18;0.62;58.59;71.30;130.20;53.01;334.80;40.30;128.03;;
2018-11-01;78.60;122.70;138.00;97.80;186.30;49.20;110.70;61.50;28.80;61.80;75.90;96.00;92.70;163.20;124.80;103.20;41.40;53.70;74.10;81.60;1.50;65.70;170.70;2.70;62.10;80.10;66.00;78.60;496.50;18.90;94.50;;
2018-12-01;81.84;138.57;98.58;80.29;35.03;56.42;86.80;47.12;128.65;118.73;88.35;110.67;75.02;47.43;220.41;72.23;81.53;66.03;29.14;251.10;0.00;10.23;126.17;4.34;41.23;88.35;54.25;95.79;270.01;46.50;7.75;;
2019-01-01;56.42;87.11;38.13;68.20;15.81;84.32;59.21;80.91;88.97;66.96;57.35;125.55;67.27;63.55;98.27;79.05;57.97;48.67;19.53;112.22;0.00;4.96;106.33;0.00;16.74;109.12;29.14;38.44;120.28;57.97;4.34;;
2019-02-01;46.76;66.36;47.60;30.52;22.12;44.52;41.72;27.44;29.40;25.76;45.92;95.20;24.08;42.56;113.68;85.12;56.28;48.72;20.16;80.08;0.00;5.88;78.12;10.36;64.96;91.56;77.56;22.96;46.76;36.40;18.76;;
2019-03-01;64.48;68.51;49.91;33.48;3.41;18.91;46.81;39.99;95.17;76.88;67.27;138.57;36.89;43.09;108.19;15.50;67.58;57.97;6.20;155.31;0.62;0.00;90.83;4.34;114.70;91.45;156.55;33.79;99.20;38.75;22.01;;
2019-04-01;34.20;62.70;72.60;79.80;81.60;76.20;81.00;63.00;76.50;72.90;34.80;104.40;78.30;123.00;119.70;70.20;46.50;33.30;82.50;123.90;0.00;29.40;113.70;4.20;110.40;118.50;17.40;68.70;187.80;27.90;18.60;;
2019-05-01;87.42;44.95;33.79;54.87;22.01;94.24;59.83;94.24;92.69;65.41;72.54;67.27;43.71;75.02;150.97;90.21;50.53;46.19;42.47;174.22;0.62;123.69;122.45;0.00;92.38;62.00;31.31;26.66;250.17;53.32;19.22;;
2019-06-01;77.40;93.90;72.30;69.60;5.40;40.20;95.70;96.30;69.00;54.00;76.80;24.00;71.70;101.10;127.50;2.40;73.50;93.00;28.50;128.40;0.00;152.40;130.50;0.30;190.20;61.80;121.80;11.40;324.90;76.20;120.00;;
2019-07-01;44.64;29.76;25.73;47.43;10.85;56.11;56.11;60.45;46.19;24.80;45.26;88.66;41.85;82.46;94.86;35.65;36.89;32.86;31.93;68.51;1.24;165.23;171.74;0.00;235.91;59.83;33.48;23.25;131.75;70.37;205.53;;
2019-08-01;60.45;77.50;33.79;39.68;9.30;105.40;102.30;68.51;79.67;51.15;66.96;60.76;32.55;81.84;102.30;26.35;40.92;55.49;18.91;94.24;203.67;150.35;92.07;0.00;83.70;69.44;89.28;81.22;76.26;99.51;134.23;;
2019-09-01;34.80;67.80;35.70;30.00;75.60;21.30;35.10;35.40;51.00;47.40;34.80;210.30;33.00;36.00;82.50;27.30;56.70;47.40;98.40;83.40;70.20;176.10;34.80;0.30;155.70;67.20;74.10;72.30;137.40;32.70;158.70;;
2019-10-01;124.00;182.28;103.23;101.99;123.69;75.33;125.55;101.06;121.83;106.95;116.87;106.64;102.92;187.24;163.37;33.79;90.21;130.51;200.88;168.33;72.54;240.56;140.12;13.95;349.37;62.31;32.86;17.05;217.93;56.11;158.41;;
2019-11-01;120.00;173.40;149.70;193.50;193.50;164.40;153.00;126.60;65.10;95.40;119.10;72.90;195.00;186.60;217.80;340.50;74.70;128.70;36.90;222.00;0.00;42.60;56.40;0.00;143.70;77.70;42.30;29.40;217.50;34.80;30.00;;
2019-12-01;110.36;127.72;127.72;100.44;80.91;115.32;112.22;89.90;91.14;119.66;102.61;114.39;97.34;124.93;250.48;182.90;95.79;110.05;63.55;235.60;0.00;28.83;154.07;6.20;65.41;122.14;13.64;21.70;313.41;44.95;4.03;;
2020-01-01;43.71;104.78;78.12;71.61;35.96;39.37;39.68;32.86;40.30;54.25;41.85;163.37;74.40;30.07;66.34;50.22;49.91;51.15;140.74;79.05;0.00;3.10;62.62;3.72;118.73;162.44;78.12;32.24;93.93;39.68;32.55;;
2020-02-01;98.89;126.15;82.94;51.62;12.47;33.64;53.36;37.70;160.37;157.18;111.65;97.44;58.87;29.29;151.38;36.54;107.59;105.27;2.03;206.48;0.00;0.00;94.83;14.21;33.64;108.75;300.15;31.32;63.22;42.34;11.31;;
2020-03-01;73.16;74.40;84.01;90.52;22.63;90.83;45.57;66.03;77.50;81.53;74.40;121.52;92.07;62.62;124.31;99.51;62.62;50.53;57.04;135.78;0.00;12.71;83.08;70.06;126.48;123.38;141.05;45.88;93.31;45.88;12.09;;
2020-04-01;24.30;74.70;68.70;109.20;65.10;81.30;39.30;60.90;14.40;23.10;24.90;99.90;122.40;96.90;61.80;95.70;29.10;45.30;138.90;57.90;0.00;49.80;133.20;0.30;187.80;52.80;72.00;30.00;249.00;38.10;31.80;;
2020-05-01;49.91;26.97;45.26;187.24;66.03;81.84;106.02;75.02;55.80;55.80;42.78;84.63;194.37;75.02;151.59;124.31;17.98;27.59;55.49;159.65;0.00;39.68;91.14;0.93;102.61;56.73;113.46;32.86;270.63;133.30;45.57;;
2020-06-01;64.20;114.60;95.70;92.10;35.70;104.70;76.80;127.20;95.70;104.10;51.60;94.20;81.30;97.20;164.70;80.70;61.20;95.70;42.30;178.50;0.00;116.10;84.60;0.00;206.70;48.30;78.90;48.60;375.60;98.70;57.60;;
2020-07-01;21.08;23.87;6.51;5.89;0.93;8.37;43.40;35.34;39.37;18.29;26.04;56.11;6.82;40.30;58.28;26.97;48.67;20.15;29.45;64.48;76.57;266.60;121.21;0.31;294.50;29.76;159.65;61.07;325.19;100.13;95.48;;
2020-08-01;45.26;86.80;66.03;69.44;6.51;36.27;80.91;84.32;91.14;35.34;46.19;121.52;65.72;56.73;127.10;10.23;51.46;76.88;36.89;137.33;85.87;142.60;102.61;0.00;23.25;75.33;69.44;57.35;165.23;44.33;198.40;;
2020-09-01;39.00;43.80;61.80;76.80;51.90;62.70;89.40;70.20;41.40;63.90;40.80;174.00;73.80;84.30;117.60;104.40;60.30;35.70;47.70;118.50;231.30;203.40;67.20;0.00;138.60;66.60;47.10;85.50;308.10;52.80;187.20;;
2020-10-01;133.92;132.37;125.86;152.83;33.48;104.47;133.61;104.78;88.04;95.79;125.55;58.28;149.73;102.30;205.22;157.48;119.66;95.17;32.86;194.06;23.25;114.39;108.19;0.00;248.93;87.11;183.21;18.29;165.85;49.60;8.68;;
2020-11-01;18.00;69.90;37.80;23.10;35.40;32.10;22.20;24.60;30.00;27.90;25.80;104.40;19.20;23.10;24.90;42.30;36.60;33.60;74.10;36.00;0.00;42.30;120.90;3.30;27.60;67.20;30.30;75.30;441.90;48.60;10.50;;
2020-12-01;154.69;212.97;136.40;168.95;58.90;161.20;147.25;136.40;109.12;133.61;148.80;119.66;167.09;102.30;188.17;240.56;104.47;133.92;36.58;190.03;0.00;60.76;123.38;1.24;23.56;114.70;131.13;42.78;150.35;34.41;12.09;;
2021-01-01;97.96;129.58;88.04;89.90;76.57;110.36;111.60;92.38;152.83;155.00;96.41;76.57;83.70;85.25;230.64;228.47;134.54;83.08;35.96;232.50;0.00;44.02;55.18;1.86;52.39;70.37;95.79;42.16;226.61;62.93;12.09;;
2021-02-01;53.20;107.24;64.68;87.92;42.84;62.44;62.16;74.76;57.96;63.56;50.68;70.84;92.12;59.64;94.92;93.52;47.60;45.36;51.24;89.88;0.00;8.40;129.08;11.20;47.32;85.68;79.24;43.96;8.68;61.88;2.80;;
2021-03-01;39.99;34.41;19.84;16.12;12.71;35.03;47.43;59.83;71.61;67.58;45.88;117.18;15.81;44.02;88.97;40.61;41.85;39.99;21.39;120.28;0.00;0.00;88.35;0.93;142.60;109.12;301.01;45.88;232.19;31.31;17.05;;
2021-04-01;31.50;9.90;24.00;24.00;61.80;32.10;52.50;53.10;44.10;51.60;35.40;86.10;19.80;67.20;116.70;66.00;26.40;27.90;45.60;105.90;0.00;84.00;86.70;0.30;104.10;83.10;27.30;44.10;228.30;75.00;46.80;;
2021-05-01;101.06;88.04;71.61;116.87;72.23;66.96;183.21;96.10;130.82;113.46;97.03;90.52;112.53;164.61;227.85;88.97;103.85;89.90;30.07;273.42;0.00;74.40;111.29;0.00;102.92;56.11;62.62;22.94;260.71;84.94;76.57;;
2021-06-01;108.30;62.70;114.30;140.40;13.50;70.50;95.70;182.10;117.60;115.50;112.50;107.40;131.40;75.30;143.10;22.20;137.70;153.90;18.60;169.20;6.30;82.50;72.30;0.00;143.70;32.40;75.00;33.60;224.40;63.00;278.40;;
2021-07-01;100.13;75.02;53.63;75.33;15.50;60.76;177.63;156.55;152.21;146.01;102.61;65.72;56.73;124.62;237.77;16.43;87.42;107.57;19.84;316.82;10.23;202.43;170.81;0.00;258.85;82.46;63.55;41.23;221.96;33.48;170.50;;
2021-08-01;46.81;39.37;31.00;25.11;16.74;25.11;53.32;44.95;82.77;59.83;59.21;59.21;28.52;33.17;93.62;11.16;79.98;52.39;23.25;142.29;177.63;159.34;182.59;0.00;215.76;85.87;54.87;51.77;299.15;83.08;219.79;;
2021-09-01;59.10;63.30;74.40;73.20;39.00;134.40;74.70;116.40;40.80;66.90;42.90;178.80;64.80;63.90;102.00;27.90;21.30;59.10;39.90;86.40;58.50;93.90;135.30;0.30;205.20;45.60;47.70;74.70;202.50;90.30;266.70;;
2021-10-01;83.70;132.37;127.41;37.51;110.67;40.92;111.29;67.58;66.34;60.76;95.17;103.54;33.48;154.07;79.67;49.29;131.13;96.10;24.80;92.07;0.62;257.92;158.72;0.31;165.54;70.68;71.61;38.13;196.85;34.10;82.15;;
2021-11-01;42.00;43.50;29.40;50.10;107.10;92.10;76.80;65.40;68.10;63.30;38.40;162.60;56.10;60.60;106.20;183.30;44.70;42.60;115.80;102.00;0.30;353.40;40.20;1.50;101.10;91.80;162.60;25.50;224.40;73.80;8.40;;
2021-12-01;85.25;94.86;88.04;119.97;54.25;124.00;115.01;85.87;99.20;88.97;90.21;93.93;121.83;73.16;237.15;183.83;97.65;85.56;38.13;256.68;1.24;13.95;50.53;7.13;85.87;77.50;72.23;30.69;229.71;68.82;7.44;;
2022-01-01;46.81;51.77;40.61;42.78;3.72;89.59;41.85;43.40;70.06;78.74;49.29;212.97;41.54;35.96;65.72;29.14;46.50;60.76;38.75;70.06;0.31;2.79;105.71;4.34;22.63;133.61;83.70;52.39;116.25;62.31;27.28;;
2022-02-01;32.48;68.60;28.84;21.28;28.28;31.92;44.80;34.72;77.00;61.88;34.72;138.32;20.44;40.88;103.32;54.04;54.88;39.20;4.76;127.96;0.00;0.28;87.64;9.24;68.32;78.40;194.04;24.92;141.12;29.40;15.96;;
2022-03-01;55.18;56.11;48.98;55.18;25.11;88.66;26.97;78.43;48.67;53.32;47.12;224.75;50.22;60.14;35.34;36.58;26.04;48.05;119.35;27.59;0.00;3.10;83.08;4.03;109.74;123.07;398.66;83.39;110.36;19.84;10.85;;
2022-04-01;64.20;43.80;51.60;85.50;37.20;90.90;69.30;69.90;104.10;78.60;57.00;70.80;92.70;68.40;126.30;107.70;53.70;38.70;108.30;141.60;0.00;29.70;123.00;0.00;176.70;50.10;177.60;25.20;174.30;81.00;24.60;;
2022-05-01;30.69;32.24;20.46;20.46;22.01;20.77;27.28;60.14;50.84;77.19;41.54;81.84;17.98;40.61;80.60;67.27;74.71;60.45;15.81;83.39;0.00;157.17;115.32;0.31;119.66;57.04;124.93;19.84;190.34;81.53;11.78;;
2022-06-01;99.00;81.90;68.40;125.10;23.40;86.10;145.80;182.70;121.80;119.10;93.90;69.30;117.00;101.70;133.50;3.00;73.20;75.00;21.00;156.90;13.50;155.40;54.00;0.00;81.90;69.00;25.20;41.40;301.50;38.40;114.90;;
2022-07-01;12.40;11.47;12.09;20.77;0.31;11.16;33.79;22.32;25.42;10.54;10.85;81.22;12.09;29.45;27.59;1.86;21.70;19.84;9.61;58.59;39.68;269.08;47.43;0.00;259.78;84.94;335.42;55.49;163.68;71.92;126.79;;
2022-08-01;26.97;44.64;23.87;34.72;74.09;12.40;67.27;80.60;38.13;35.65;23.25;101.99;35.96;52.70;113.46;28.83;10.85;66.03;44.95;62.93;216.69;202.74;51.77;0.00;159.65;58.59;64.17;67.89;373.24;13.95;137.95;;
2022-09-01;78.90;89.40;55.20;50.10;81.00;80.70;138.90;101.70;142.20;106.50;76.80;96.60;52.50;94.50;180.30;117.00;102.90;110.10;52.20;183.60;174.30;99.30;89.10;0.30;148.50;51.00;118.20;67.20;167.40;92.10;141.90;;
2022-10-01;82.46;76.26;69.13;70.37;20.15;19.53;56.11;49.60;97.03;86.18;83.39;90.83;68.20;70.68;92.38;20.77;66.34;86.18;25.11;92.38;22.63;138.88;130.51;4.03;126.17;77.50;157.48;30.07;365.49;69.44;96.72;;
2022-11-01;66.30;191.10;100.80;108.30;94.20;135.00;120.30;84.30;91.20;90.90;75.90;73.80;114.90;101.70;166.20;228.90;100.50;100.20;29.40;153.00;0.00;62.70;84.30;0.60;80.10;55.20;24.90;62.70;259.50;39.00;15.30;;
2022-12-01;70.06;190.03;88.97;75.64;111.91;39.99;117.49;62.31;94.24;70.37;79.36;36.27;69.13;91.45;146.94;177.01;91.14;86.49;25.11;187.86;4.65;84.63;98.89;4.03;54.56;119.35;35.96;54.25;235.60;118.73;17.36;;
2023-01-01;76.57;111.29;81.53;102.30;18.91;80.91;67.27;65.10;65.41;86.18;70.99;104.47;116.56;48.67;93.93;152.52;70.06;70.68;20.46;116.25;0.31;0.62;101.99;4.34;33.17;85.56;109.43;65.10;254.51;35.34;3.10;;
2023-02-01;4.48;12.88;16.24;49.56;39.48;22.68;10.64;21.84;32.20;17.36;3.64;190.40;49.28;28.56;19.04;43.96;6.44;8.40;35.84;14.28;0.00;0.00;43.68;5.88;47.04;102.48;121.80;77.56;112.28;39.20;4.48;;
2023-03-01;84.32;122.76;115.94;82.46;12.40;81.84;80.29;74.09;88.66;105.40;94.55;35.03;88.66;62.31;164.61;73.47;125.24;90.83;14.88;209.56;0.62;12.71;87.42;3.10;92.38;106.64;74.71;22.32;202.12;75.64;28.52;;
2023-04-01;69.60;63.60;64.80;62.70;6.60;80.70;87.00;73.50;83.10;89.40;68.70;135.90;57.30;55.80;114.90;60.30;64.20;68.70;12.30;163.20;0.60;36.00;108.60;1.20;102.30;75.30;107.10;76.80;174.00;39.60;36.30;;
2023-05-01;61.38;40.61;46.19;50.84;61.69;117.49;90.52;83.08;55.49;45.57;62.62;185.38;44.02;130.82;177.94;87.73;60.45;47.43;34.10;171.43;0.31;131.44;46.50;0.00;147.87;65.72;46.50;66.65;193.44;27.28;91.76;;
2023-06-01;67.80;55.80;32.40;125.40;36.90;110.70;74.70;116.10;39.60;16.20;63.60;123.60;82.50;172.50;159.00;64.50;30.30;58.20;38.40;127.50;0.00;103.80;91.20;0.60;288.00;44.70;21.90;24.00;244.20;45.30;26.40;;
2023-07-01;79.67;84.63;51.46;38.44;10.85;31.31;53.32;72.85;106.64;105.09;79.98;17.67;43.71;60.14;75.95;0.62;97.65;106.95;16.74;153.76;32.86;187.24;176.08;0.00;56.73;45.26;34.10;12.40;245.83;131.75;108.19;;
2023-08-01;84.63;83.70;39.99;30.07;41.54;34.72;54.56;75.64;102.30;115.94;97.34;72.23;31.00;62.93;130.51;35.96;61.07;81.22;26.35;135.47;204.91;26.35;113.77;0.31;84.63;73.78;63.55;76.26;257.30;58.28;131.13;;
2023-09-01;53.40;83.70;75.60;67.80;30.30;26.10;73.20;46.80;26.10;25.20;62.70;112.80;81.00;54.30;83.10;24.00;56.70;72.30;83.40;92.10;84.90;81.00;197.10;0.60;164.70;38.40;16.20;65.10;142.20;18.90;77.70;;
2023-10-01;110.36;124.00;120.59;150.35;50.22;58.90;181.97;100.75;94.86;142.29;115.01;141.05;165.23;154.07;195.92;122.45;110.98;90.21;21.39;195.92;4.96;60.76;91.76;0.62;116.87;79.98;32.24;35.96;177.63;99.51;97.65;;
2023-11-01;100.50;176.70;132.60;180.30;41.40;111.90;128.40;112.50;157.20;158.10;96.90;64.80;201.90;96.30;254.70;209.10;134.10;124.80;14.70;337.20;0.00;121.20;48.90;2.10;46.80;79.20;117.00;48.60;315.30;84.00;25.50;;
2023-12-01;71.61;119.97;89.28;102.61;44.95;65.72;97.03;64.79;120.90;91.45;81.22;95.79;121.21;68.20;224.44;95.79;75.95;58.28;17.05;233.12;0.00;15.50;173.91;1.55;43.40;75.95;85.25;49.60;320.85;75.64;62.00;;
2024-01-01;63.24;113.46;79.05;49.91;29.76;47.43;63.24;50.53;73.47;79.98;70.99;97.96;46.81;46.19;134.23;90.52;55.49;87.42;32.55;140.74;0.00;18.60;138.88;2.17;44.33;101.06;94.55;37.82;314.65;41.54;12.09;;
2024-02-01;85.84;138.91;100.05;126.15;66.12;81.78;74.24;66.12;80.91;102.37;93.96;75.69;149.35;81.78;91.35;149.93;119.19;94.25;58.58;83.23;0.00;0.00;70.47;1.45;110.20;71.34;89.32;38.28;72.21;46.98;17.11;;
2024-03-01;99.20;122.76;106.33;173.29;145.08;84.63;162.13;136.71;78.74;89.90;101.06;94.86;153.76;273.11;154.38;128.03;107.26;84.01;40.30;134.85;0.00;0.31;202.43;2.48;156.24;88.04;53.94;29.14;101.99;12.09;0.93;;
2024-04-01;90.90;69.00;81.90;53.70;41.10;51.90;114.60;84.60;90.60;89.70;91.20;55.80;54.60;112.80;115.80;21.60;89.70;53.70;57.60;130.50;0.00;0.60;99.30;0.30;122.70;116.40;148.50;19.20;284.70;62.10;16.50;;
2024-05-01;105.40;66.96;113.46;128.65;57.97;99.51;162.13;171.12;168.64;148.80;97.34;137.33;136.40;230.33;252.96;89.90;98.89;99.82;70.68;245.83;0.00;183.52;67.89;0.00;207.70;91.14;170.19;42.47;363.94;26.35;14.26;;
2024-06-01;78.60;37.20;94.50;123.00;16.80;78.90;115.80;160.20;125.10;93.30;69.00;75.60;97.20;101.10;138.30;36.30;56.10;42.60;9.90;200.70;2.40;159.00;105.60;0.00;324.90;25.80;158.70;34.20;297.30;106.20;144.30;;
2024-07-01;67.89;100.13;71.30;29.45;17.67;74.71;93.31;88.35;117.80;82.77;66.03;133.61;26.97;71.92;120.28;6.51;66.96;83.70;15.50;150.97;44.02;273.42;70.99;0.00;133.30;94.86;62.62;70.99;76.88;63.55;290.78;;
2024-08-01;64.17;46.19;37.51;49.29;23.87;56.42;55.49;39.68;72.85;42.78;48.36;105.71;65.41;49.29;70.06;16.43;70.37;34.41;7.75;77.50;213.90;198.40;127.41;0.00;129.58;47.12;31.62;89.28;243.97;64.48;182.28;;
2024-09-01;111.90;60.00;92.10;138.90;77.10;57.90;141.30;138.60;92.70;89.40;120.00;76.50;130.20;158.40;197.70;82.20;100.20;86.70;48.90;230.40;195.90;39.30;36.30;0.00;72.00;71.10;54.90;57.90;199.50;22.50;238.50;;
2024-10-01;129.58;110.36;137.64;120.59;101.99;130.82;115.32;91.76;79.98;75.95;119.04;119.35;126.79;174.84;142.91;159.03;68.51;89.59;57.97;130.20;19.22;246.76;11.78;0.00;148.80;71.61;66.03;92.07;163.37;78.12;97.34;;
2024-11-01;55.80;87.60;62.10;51.60;39.30;59.70;51.90;65.10;72.30;72.60;53.10;123.90;51.00;60.90;76.20;60.90;59.70;79.50;68.70;98.40;0.00;43.80;74.40;1.20;144.00;81.90;86.10;64.50;540.60;68.70;18.60;;
2024-12-01;49.91;55.18;28.52;66.34;17.98;77.19;82.46;75.95;63.24;66.65;54.25;145.70;60.76;66.34;180.73;87.73;52.39;52.08;39.37;172.67;1.86;67.27;107.88;0.31;4.96;88.35;20.77;27.90;181.04;51.15;22.32;;
2025-01-01;130.08;165.85;177.03;124.11;73.85;73.61;94.43;69.30;98.57;109.50;;130.14;;81.77;198.14;99.99;126.59;155.68;15.31;206.53;0.00;4.79;34.41;0.65;37.61;124.64;142.50;54.57;426.25;39.91;25.19;78.58;48.48
2025-02-01;53.25;67.13;50.95;61.74;69.27;25.90;55.70;34.87;63.66;50.84;;160.00;;98.53;47.80;40.05;46.62;49.56;53.25;55.76;0.00;0.00;80.06;1.01;10.84;121.77;64.03;48.44;100.51;7.53;57.95;62.16;82.62
2025-03-01;34.65;35.18;36.48;46.06;85.32;58.36;77.16;73.44;29.21;30.16;;167.57;;122.57;100.10;206.36;10.58;23.71;95.31;66.93;0.06;20.58;94.60;1.71;168.04;87.92;137.24;42.57;339.28;30.75;20.64;99.51;92.48
2025-04-01;34.33;84.86;80.11;71.75;43.83;88.81;79.48;64.03;50.18;64.32;;57.68;;100.94;157.76;149.57;23.86;27.81;28.50;133.72;0.00;72.96;100.36;0.69;135.33;50.07;130.69;17.17;238.04;63.23;2.29;48.87;103.45
2025-05-01;34.71;61.79;32.28;35.65;39.20;115.00;82.07;85.50;53.22;42.45;;75.15;;92.59;161.71;50.38;35.42;53.57;52.45;146.40;0.71;204.17;156.57;1.12;182.94;74.97;181.46;34.41;190.81;62.97;132.62;42.16;110.45
2025-06-01;38.74;49.04;27.64;41.37;9.10;87.95;84.06;100.14;102.54;52.93;;73.36;;57.68;89.72;0.86;47.15;42.40;18.25;139.90;0.11;100.48;61.80;0.00;122.39;51.44;40.63;34.10;129.26;109.98;313.57;9.10;94.87
2025-07-01;101.52;38.37;55.58;20.69;6.33;32.70;57.29;63.68;106.08;92.54;;95.37;;32.17;82.54;13.07;83.72;101.58;40.68;123.64;19.93;151.43;130.20;0.00;34.47;43.70;107.14;25.25;96.08;107.85;141.49;11.59;86.50
2025-08-01;40.86;35.71;23.36;50.20;9.76;114.83;66.58;132.45;100.75;89.70;;84.43;;76.04;89.46;20.81;25.78;35.77;19.93;98.63;164.02;214.69;45.53;0.06;35.83;29.15;236.51;41.69;211.56;98.92;188.62;10.52;63.50
2025-09-01;61.63;80.39;39.02;48.81;142.31;43.14;149.46;151.00;160.39;171.09;;138.99;;99.39;138.42;24.32;40.86;45.38;54.82;183.22;45.38;68.95;74.39;0.11;146.03;54.30;59.80;72.90;164.17;12.82;198.78;130.06;54.65
2025-10-01;63.03;87.63;53.63;78.76;50.14;37.66;88.57;67.23;73.55;81.01;;131.86;;64.33;162.66;107.44;68.23;61.79;19.87;204.76;10.88;159.17;94.37;0.00;140.90;70.07;28.14;43.64;136.41;84.55;122.28;63.27;142.20
2025-11-01;51.67;116.79;60.77;80.45;52.24;101.80;132.12;100.19;74.84;64.37;;45.20;;95.84;159.93;108.60;53.79;74.56;27.87;161.25;3.43;36.68;55.73;1.09;29.47;133.50;29.01;39.02;288.16;72.38;9.21;68.55;116.21
2025-12-01;48.48;155.06;71.63;65.04;82.25;50.26;67.32;60.72;24.98;35.12;;87.72;;102.29;38.23;98.68;38.08;49.99;216.53;35.21;5.59;13.63;72.25;2.13;56.47;131.68;92.45;37.72;353.61;43.75;32.22;85.17;79.50
2026-01-01;64.77;215.64;142.38;124.82;91.50;115.33;95.52;66.99;62.41;76.36;;28.14;;124.85;147.94;205.91;83.99;99.39;185.78;121.66;1.27;12.89;59.72;0.18;11.80;106.28;192.34;33.91;25.84;82.78;21.43;97.35;70.24
2026-02-01;113.11;164.92;150.55;165.08;119.95;146.39;102.81;109.86;123.21;136.13;;47.42;;113.27;233.33;188.95;101.31;113.11;54.58;229.27;0.00;0.48;50.36;1.92;72.90;68.57;89.40;22.27;106.60;55.01;5.50;121.34;27.29
2026-03-01;52.09;42.04;35.65;33.11;75.51;36.72;49.49;53.63;57.12;51.26;;153.14;;63.39;100.10;67.88;42.69;41.74;94.19;92.24;0.00;10.41;112.46;15.67;109.45;108.26;124.23;29.33;47.07;13.36;72.90;84.85;106.08
2026-04-01;14.36;41.51;19.48;37.11;5.24;56.73;58.11;44.66;32.79;17.62;;112.38;;55.30;46.32;37.48;13.59;10.81;21.20;45.66;0.00;11.90;72.56;4.32;184.91;80.02;23.92;50.98;209.54;87.89;43.46;3.89;156.56
2026-05-01;102.94;73.55;77.81;111.93;50.79;68.29;121.80;89.52;67.64;45.65;;65.10;;85.85;149.12;53.27;68.06;73.85;41.69;160.53;0.41;74.91;64.21;0.06;70.13;56.23;124.17;37.49;348.68;49.55;132.98;52.98;117.25
2026-06-01;31.87;36.85;26.15;36.91;7.55;42.40;32.10;46.06;44.00;63.17;;117.53;;43.26;68.04;4.29;67.35;40.34;26.09;74.10;0.29;115.47;50.87;0.00;373.13;100.14;65.00;34.05;317.00;97.45;218.58;6.29;183.16
2026-07-01;12.18;18.80;17.68;18.74;16.50;14.96;36.01;53.45;29.03;19.99;;102.35;;46.65;44.58;8.93;7.92;4.73;3.31;59.01;9.22;70.95;168.63;0.00;84.79;21.82;43.10;27.97;219.54;122.51;137.71;11.23;99.93
2026-08-01;36.90;37.19;44.52;58.36;58.95;59.84;77.10;62.32;54.10;68.35;;85.85;;38.26;81.71;31.10;57.12;44.82;43.28;87.39;45.11;92.65;131.09;0.06;176.50;30.21;35.36;45.47;42.99;48.19;138.71;48.96;118.79
